Fecha,Distrito,Productividad,Cuadrillas firmadas,Ordenes Terminadas
01/11/2023,CONDESA,2.773195876,97,269
02/11/2023,CONDESA,2.485148515,101,251
03/11/2023,CONDESA,2.642105263,95,251
04/11/2023,CONDESA,2.831460674,89,252
05/11/2023,CONDESA,2.474358974,78,193
06/11/2023,CONDESA,2.925925926,108,316
07/11/2023,CONDESA,2.863636364,110,315
08/11/2023,CONDESA,2.774509804,102,283
09/11/2023,CONDESA,2.435185185,108,263
10/11/2023,CONDESA,2.738317757,107,293
11/11/2023,CONDESA,3.06097561,82,251
12/11/2023,CONDESA,2.586206897,58,150
13/11/2023,CONDESA,2.831683168,101,286
14/11/2023,CONDESA,2.84,100,284
15/11/2023,CONDESA,2.943396226,106,312
16/11/2023,CONDESA,2.475728155,103,255
17/11/2023,CONDESA,2.485714286,105,261
18/11/2023,CONDESA,1.976190476,84,166
19/11/2023,CONDESA,2.156862745,51,110
20/11/2023,CONDESA,2.871428571,70,201
21/11/2023,CONDESA,2.81443299,97,273
22/11/2023,CONDESA,2.757281553,103,284
23/11/2023,CONDESA,2.769911504,113,313
24/11/2023,CONDESA,2.75,104,286
25/11/2023,CONDESA,2.845238095,84,239
26/11/2023,CONDESA,2.737704918,61,167
27/11/2023,CONDESA,3.072164948,97,298
28/11/2023,CONDESA,2.718446602,103,280
29/11/2023,CONDESA,2.622222222,90,236
30/11/2023,CONDESA,2.474226804,97,240
01/12/2023,CONDESA,2.72815534,103,281
02/12/2023,CONDESA,3.065789474,76,233
03/12/2023,CONDESA,2.666666667,63,168
04/12/2023,CONDESA,2.990196078,102,305
05/12/2023,CONDESA,2.898148148,108,313
06/12/2023,CONDESA,2.805555556,108,303
07/12/2023,CONDESA,2.410714286,112,270
08/12/2023,CONDESA,2.365384615,104,246
09/12/2023,CONDESA,2.861111111,72,206
10/12/2023,CONDESA,2.507692308,65,163
11/12/2023,CONDESA,2.6875,96,258
12/12/2023,CONDESA,2.900990099,101,293
13/12/2023,CONDESA,2.588235294,102,264
14/12/2023,CONDESA,2.801980198,101,283
15/12/2023,CONDESA,2.29,100,229
16/12/2023,CONDESA,2.582089552,67,173
17/12/2023,CONDESA,2.555555556,54,138
18/12/2023,CONDESA,2.895348837,86,249
19/12/2023,CONDESA,3.086956522,92,284
20/12/2023,CONDESA,3.103448276,87,270
21/12/2023,CONDESA,3.156626506,83,262
22/12/2023,CONDESA,2.606382979,94,245
23/12/2023,CONDESA,2.027777778,72,146
26/12/2023,CONDESA,2.639175258,97,256
27/12/2023,CONDESA,2.244897959,98,220
28/12/2023,CONDESA,2.234693878,98,219
29/12/2023,CONDESA,2.397727273,88,211
30/12/2023,CONDESA,2.024691358,81,164
02/01/2024,CONDESA,3.257142857,70,228
03/01/2024,CONDESA,3.011494253,87,262
04/01/2024,CONDESA,3,87,261
05/01/2024,CONDESA,3.04494382,89,271
06/01/2024,CONDESA,2.831168831,77,218
07/01/2024,CONDESA,2.056338028,71,146
08/01/2024,CONDESA,3.230769231,91,294
09/01/2024,CONDESA,3.406976744,86,293
10/01/2024,CONDESA,3.134146341,82,257
11/01/2024,CONDESA,3.170454545,88,279
12/01/2024,CONDESA,3.024691358,81,245
13/01/2024,CONDESA,3.09375,64,198
14/01/2024,CONDESA,2.259259259,54,122
15/01/2024,CONDESA,2.8125,80,225
16/01/2024,CONDESA,2.973684211,76,226
17/01/2024,CONDESA,3.176470588,85,270
18/01/2024,CONDESA,3.174418605,86,273
19/01/2024,CONDESA,2.483516484,91,226
20/01/2024,CONDESA,2.552631579,76,194
21/01/2024,CONDESA,3.043478261,46,140
22/01/2024,CONDESA,2.86746988,83,238
23/01/2024,CONDESA,2.188888889,90,197
24/01/2024,CONDESA,3,91,273
25/01/2024,CONDESA,2.566666667,90,231
26/01/2024,CONDESA,2.888888889,81,234
27/01/2024,CONDESA,2.1625,80,173
28/01/2024,CONDESA,2.0625,64,132
29/01/2024,CONDESA,2.456790123,81,199
30/01/2024,CONDESA,2.487804878,82,204
31/01/2024,CONDESA,2.988888889,90,269
01/02/2024,CONDESA,2.662337662,77,205
02/02/2024,CONDESA,3.027777778,72,218
03/02/2024,CONDESA,3.125,72,225
04/02/2024,CONDESA,3.133333333,60,188
05/02/2024,CONDESA,3.183333333,60,191
06/02/2024,CONDESA,2.797752809,89,249
07/02/2024,CONDESA,2.860465116,86,246
08/02/2024,CONDESA,2.634408602,93,245
09/02/2024,CONDESA,2.829787234,94,266
10/02/2024,CONDESA,3.121621622,74,231
11/02/2024,CONDESA,1.9,60,114
12/02/2024,CONDESA,2.783783784,74,206
13/02/2024,CONDESA,3.347222222,72,241
14/02/2024,CONDESA,3.146341463,82,258
15/02/2024,CONDESA,3.158536585,82,259
16/02/2024,CONDESA,2.753246753,77,212
17/02/2024,CONDESA,3.148648649,74,233
18/02/2024,CONDESA,3.191489362,47,150
19/02/2024,CONDESA,3.133333333,75,235
20/02/2024,CONDESA,3.142857143,77,242
21/02/2024,CONDESA,3.228915663,83,268
22/02/2024,CONDESA,3.204819277,83,266
23/02/2024,CONDESA,2.957746479,71,210
24/02/2024,CONDESA,3.04109589,73,222
25/02/2024,CONDESA,2.981481481,54,161
26/02/2024,CONDESA,3.083333333,84,259
27/02/2024,CONDESA,3.08988764,89,275
28/02/2024,CONDESA,3.26,100,326
29/02/2024,CONDESA,3.177570093,107,340
01/03/2024,CONDESA,3.166666667,90,285
02/03/2024,CONDESA,3.453333333,75,259
03/03/2024,CONDESA,3.781818182,55,208
04/03/2024,CONDESA,3.174418605,86,273
05/03/2024,CONDESA,3.112359551,89,277
06/03/2024,CONDESA,3.295454545,88,290
07/03/2024,CONDESA,3.534246575,73,258
08/03/2024,CONDESA,3.517241379,87,306
09/03/2024,CONDESA,3.278481013,79,259
10/03/2024,CONDESA,3.121621622,74,231
11/03/2024,CONDESA,3.358024691,81,272
12/03/2024,CONDESA,3.202380952,84,269
13/03/2024,CONDESA,3.340909091,88,294
14/03/2024,CONDESA,3.101010101,99,307
15/03/2024,CONDESA,3.151162791,86,271
16/03/2024,CONDESA,3.053333333,75,229
17/03/2024,CONDESA,2.606060606,66,172
18/03/2024,CONDESA,2.885245902,61,176
19/03/2024,CONDESA,3.148148148,81,255
20/03/2024,CONDESA,3.021276596,94,284
21/03/2024,CONDESA,2.5,92,230
22/03/2024,CONDESA,3.011235955,89,268
23/03/2024,CONDESA,2.917647059,85,248
24/03/2024,CONDESA,2.428571429,63,153
25/03/2024,CONDESA,2.691358025,81,218
26/03/2024,CONDESA,3.022988506,87,263
01/11/2023,LAS AGUILAS,3.035714286,28,85
02/11/2023,LAS AGUILAS,3.028571429,35,106
03/11/2023,LAS AGUILAS,3.37037037,27,91
04/11/2023,LAS AGUILAS,3.37037037,27,91
05/11/2023,LAS AGUILAS,3.074074074,27,83
06/11/2023,LAS AGUILAS,3.65625,32,117
07/11/2023,LAS AGUILAS,3.833333333,30,115
08/11/2023,LAS AGUILAS,3.607142857,28,101
09/11/2023,LAS AGUILAS,3.416666667,36,123
10/11/2023,LAS AGUILAS,3.470588235,34,118
11/11/2023,LAS AGUILAS,3.294117647,34,112
12/11/2023,LAS AGUILAS,3.259259259,27,88
13/11/2023,LAS AGUILAS,3.321428571,28,93
14/11/2023,LAS AGUILAS,4.064516129,31,126
15/11/2023,LAS AGUILAS,3.8,30,114
16/11/2023,LAS AGUILAS,3.257142857,35,114
17/11/2023,LAS AGUILAS,3.551724138,29,103
18/11/2023,LAS AGUILAS,3.153846154,26,82
19/11/2023,LAS AGUILAS,3.291666667,24,79
20/11/2023,LAS AGUILAS,3.6,20,72
21/11/2023,LAS AGUILAS,3.423076923,26,89
22/11/2023,LAS AGUILAS,3.75,32,120
23/11/2023,LAS AGUILAS,3.605263158,38,137
24/11/2023,LAS AGUILAS,3.694444444,36,133
25/11/2023,LAS AGUILAS,3.64516129,31,113
26/11/2023,LAS AGUILAS,3.677419355,31,114
27/11/2023,LAS AGUILAS,3.8125,32,122
28/11/2023,LAS AGUILAS,3.647058824,34,124
29/11/2023,LAS AGUILAS,3.387096774,31,105
30/11/2023,LAS AGUILAS,3.277777778,36,118
01/12/2023,LAS AGUILAS,3.68,25,92
02/12/2023,LAS AGUILAS,3,24,72
03/12/2023,LAS AGUILAS,3.192307692,26,83
04/12/2023,LAS AGUILAS,3.222222222,27,87
05/12/2023,LAS AGUILAS,3.703703704,27,100
06/12/2023,LAS AGUILAS,3.586206897,29,104
07/12/2023,LAS AGUILAS,3.277777778,36,118
08/12/2023,LAS AGUILAS,3.366666667,30,101
09/12/2023,LAS AGUILAS,3.466666667,30,104
10/12/2023,LAS AGUILAS,2.96,25,74
11/12/2023,LAS AGUILAS,3.321428571,28,93
12/12/2023,LAS AGUILAS,3.2,30,96
13/12/2023,LAS AGUILAS,3.548387097,31,110
14/12/2023,LAS AGUILAS,3.135135135,37,116
15/12/2023,LAS AGUILAS,3.838709677,31,119
16/12/2023,LAS AGUILAS,2.892857143,28,81
17/12/2023,LAS AGUILAS,3.285714286,28,92
18/12/2023,LAS AGUILAS,3.233333333,30,97
19/12/2023,LAS AGUILAS,3.3,30,99
20/12/2023,LAS AGUILAS,3.53125,32,113
21/12/2023,LAS AGUILAS,3.135135135,37,116
22/12/2023,LAS AGUILAS,3.285714286,35,115
23/12/2023,LAS AGUILAS,3.361111111,36,121
26/12/2023,LAS AGUILAS,3.6875,32,118
27/12/2023,LAS AGUILAS,3.432432432,37,127
28/12/2023,LAS AGUILAS,3.567567568,37,132
29/12/2023,LAS AGUILAS,3.210526316,38,122
30/12/2023,LAS AGUILAS,3.107142857,28,87
02/01/2024,LAS AGUILAS,3.769230769,26,98
03/01/2024,LAS AGUILAS,3.714285714,28,104
04/01/2024,LAS AGUILAS,3.205882353,34,109
05/01/2024,LAS AGUILAS,3.59375,32,115
06/01/2024,LAS AGUILAS,3.307692308,26,86
07/01/2024,LAS AGUILAS,3.714285714,21,78
08/01/2024,LAS AGUILAS,3.28,25,82
09/01/2024,LAS AGUILAS,3.518518519,27,95
10/01/2024,LAS AGUILAS,3.814814815,27,103
11/01/2024,LAS AGUILAS,3,33,99
12/01/2024,LAS AGUILAS,3.56,25,89
13/01/2024,LAS AGUILAS,3.086956522,23,71
14/01/2024,LAS AGUILAS,3.08,25,77
15/01/2024,LAS AGUILAS,3.269230769,26,85
16/01/2024,LAS AGUILAS,2.884615385,26,75
17/01/2024,LAS AGUILAS,2.96,25,74
18/01/2024,LAS AGUILAS,3.066666667,30,92
19/01/2024,LAS AGUILAS,3.310344828,29,96
20/01/2024,LAS AGUILAS,3.157894737,19,60
21/01/2024,LAS AGUILAS,3.333333333,21,70
22/01/2024,LAS AGUILAS,3.37037037,27,91
23/01/2024,LAS AGUILAS,3.230769231,26,84
24/01/2024,LAS AGUILAS,3.148148148,27,85
25/01/2024,LAS AGUILAS,3.636363636,33,120
26/01/2024,LAS AGUILAS,3.142857143,35,110
27/01/2024,LAS AGUILAS,3.84375,32,123
28/01/2024,LAS AGUILAS,3.8,30,114
29/01/2024,LAS AGUILAS,3.542857143,35,124
30/01/2024,LAS AGUILAS,2.756756757,37,102
31/01/2024,LAS AGUILAS,3.5,34,119
01/02/2024,LAS AGUILAS,3.21875,32,103
02/02/2024,LAS AGUILAS,2.833333333,36,102
03/02/2024,LAS AGUILAS,3.565217391,23,82
04/02/2024,LAS AGUILAS,3.043478261,23,70
05/02/2024,LAS AGUILAS,3.466666667,15,52
06/02/2024,LAS AGUILAS,3.518518519,27,95
07/02/2024,LAS AGUILAS,3.785714286,28,106
08/02/2024,LAS AGUILAS,3.548387097,31,110
09/02/2024,LAS AGUILAS,3.833333333,30,115
10/02/2024,LAS AGUILAS,3.4,25,85
11/02/2024,LAS AGUILAS,3.766666667,30,113
12/02/2024,LAS AGUILAS,3.09375,32,99
13/02/2024,LAS AGUILAS,4.034482759,29,117
14/02/2024,LAS AGUILAS,3.8125,32,122
15/02/2024,LAS AGUILAS,4.181818182,33,138
16/02/2024,LAS AGUILAS,3.486486486,37,129
17/02/2024,LAS AGUILAS,3.515151515,33,116
18/02/2024,LAS AGUILAS,2.967741935,31,92
19/02/2024,LAS AGUILAS,3.137931034,29,91
20/02/2024,LAS AGUILAS,4.40625,32,141
21/02/2024,LAS AGUILAS,3.548387097,31,110
22/02/2024,LAS AGUILAS,3.939393939,33,130
23/02/2024,LAS AGUILAS,3.259259259,27,88
24/02/2024,LAS AGUILAS,3.607142857,28,101
25/02/2024,LAS AGUILAS,3.260869565,23,75
26/02/2024,LAS AGUILAS,3.777777778,36,136
27/02/2024,LAS AGUILAS,3.5625,32,114
28/02/2024,LAS AGUILAS,3.305555556,36,119
29/02/2024,LAS AGUILAS,3.225806452,31,100
01/03/2024,LAS AGUILAS,2.965517241,29,86
02/03/2024,LAS AGUILAS,3.285714286,28,92
03/03/2024,LAS AGUILAS,3.318181818,22,73
04/03/2024,LAS AGUILAS,3.230769231,26,84
05/03/2024,LAS AGUILAS,3.482758621,29,101
06/03/2024,LAS AGUILAS,3.533333333,30,106
07/03/2024,LAS AGUILAS,3.833333333,30,115
08/03/2024,LAS AGUILAS,3.709677419,31,115
09/03/2024,LAS AGUILAS,3.366666667,30,101
10/03/2024,LAS AGUILAS,3.481481481,27,94
11/03/2024,LAS AGUILAS,3.096774194,31,96
12/03/2024,LAS AGUILAS,3.4375,32,110
13/03/2024,LAS AGUILAS,3.352941176,34,114
14/03/2024,LAS AGUILAS,3.3125,32,106
15/03/2024,LAS AGUILAS,3.323529412,34,113
16/03/2024,LAS AGUILAS,3.464285714,28,97
17/03/2024,LAS AGUILAS,3.269230769,26,85
18/03/2024,LAS AGUILAS,3.705882353,17,63
19/03/2024,LAS AGUILAS,3.454545455,33,114
20/03/2024,LAS AGUILAS,3.264705882,34,111
21/03/2024,LAS AGUILAS,3.314285714,35,116
22/03/2024,LAS AGUILAS,3.375,32,108
23/03/2024,LAS AGUILAS,3.178571429,28,89
24/03/2024,LAS AGUILAS,2.947368421,19,56
25/03/2024,LAS AGUILAS,3.419354839,31,106
26/03/2024,LAS AGUILAS,3.451612903,31,107
01/11/2023,PEDREGAL,3.2,43,138
02/11/2023,PEDREGAL,2.8,40,113
03/11/2023,PEDREGAL,3.3,46,153
04/11/2023,PEDREGAL,3.6,40,143
05/11/2023,PEDREGAL,2.9,32,93
06/11/2023,PEDREGAL,3,41,121
07/11/2023,PEDREGAL,2.9,47,134
08/11/2023,PEDREGAL,3,52,158
09/11/2023,PEDREGAL,3.1,48,147
10/11/2023,PEDREGAL,3.2,40,126
11/11/2023,PEDREGAL,2.8,47,132
12/11/2023,PEDREGAL,3.2,43,137
13/11/2023,PEDREGAL,3.1,47,147
14/11/2023,PEDREGAL,3.1,45,140
15/11/2023,PEDREGAL,2.5,44,111
16/11/2023,PEDREGAL,2.8,48,135
17/11/2023,PEDREGAL,2.5,46,114
18/11/2023,PEDREGAL,2.9,45,129
19/11/2023,PEDREGAL,3.3,36,117
20/11/2023,PEDREGAL,2.7,23,61
21/11/2023,PEDREGAL,2.7,46,126
22/11/2023,PEDREGAL,2.5,54,135
23/11/2023,PEDREGAL,2.9,52,153
24/11/2023,PEDREGAL,2.9,56,163
25/11/2023,PEDREGAL,3,44,130
26/11/2023,PEDREGAL,3.1,36,110
27/11/2023,PEDREGAL,2.7,51,139
28/11/2023,PEDREGAL,3,46,137
29/11/2023,PEDREGAL,3,48,144
30/11/2023,PEDREGAL,3.1,48,148
01/12/2023,PEDREGAL,2.8,50,142
02/12/2023,PEDREGAL,2.9,47,136
03/12/2023,PEDREGAL,2.7,34,93
04/12/2023,PEDREGAL,2.8,46,131
05/12/2023,PEDREGAL,3.1,43,134
06/12/2023,PEDREGAL,3.3,43,141
07/12/2023,PEDREGAL,3.5,47,164
08/12/2023,PEDREGAL,2.9,48,141
09/12/2023,PEDREGAL,2.9,45,129
10/12/2023,PEDREGAL,3,35,105
11/12/2023,PEDREGAL,2.6,44,115
12/12/2023,PEDREGAL,2.8,47,131
13/12/2023,PEDREGAL,2.6,47,120
14/12/2023,PEDREGAL,2.8,48,133
15/12/2023,PEDREGAL,2.8,46,127
16/12/2023,PEDREGAL,2.4,45,110
17/12/2023,PEDREGAL,2.6,31,80
18/12/2023,PEDREGAL,3,44,132
19/12/2023,PEDREGAL,3,48,142
20/12/2023,PEDREGAL,3.2,44,140
21/12/2023,PEDREGAL,3.2,45,143
22/12/2023,PEDREGAL,3.5,41,142
23/12/2023,PEDREGAL,2.7,45,121
26/12/2023,PEDREGAL,3.2,42,136
27/12/2023,PEDREGAL,3.4,39,132
28/12/2023,PEDREGAL,3.2,47,152
29/12/2023,PEDREGAL,3.1,48,147
30/12/2023,PEDREGAL,2.7,51,137
02/01/2024,PEDREGAL,3.1,44,135
03/01/2024,PEDREGAL,3.3,48,157
04/01/2024,PEDREGAL,3.1,50,155
05/01/2024,PEDREGAL,2.9,48,140
06/01/2024,PEDREGAL,3.2,33,104
07/01/2024,PEDREGAL,2.8,26,73
08/01/2024,PEDREGAL,3.3,40,133
09/01/2024,PEDREGAL,2.4,44,107
10/01/2024,PEDREGAL,3.1,44,137
11/01/2024,PEDREGAL,3.2,42,136
12/01/2024,PEDREGAL,3.3,42,137
13/01/2024,PEDREGAL,3.2,43,138
14/01/2024,PEDREGAL,2.7,32,87
15/01/2024,PEDREGAL,3.1,45,139
16/01/2024,PEDREGAL,2.9,34,98
17/01/2024,PEDREGAL,3.2,42,135
18/01/2024,PEDREGAL,3.3,47,153
19/01/2024,PEDREGAL,3.1,43,134
20/01/2024,PEDREGAL,3.1,42,129
21/01/2024,PEDREGAL,3,28,85
22/01/2024,PEDREGAL,3.2,45,142
23/01/2024,PEDREGAL,3.1,44,137
24/01/2024,PEDREGAL,3,48,145
25/01/2024,PEDREGAL,2.9,47,137
26/01/2024,PEDREGAL,2.5,46,117
27/01/2024,PEDREGAL,2.7,44,120
28/01/2024,PEDREGAL,3,26,79
29/01/2024,PEDREGAL,2.9,42,122
30/01/2024,PEDREGAL,2.4,40,97
31/01/2024,PEDREGAL,3.1,46,144
01/02/2024,PEDREGAL,3.4,48,162
02/02/2024,PEDREGAL,3.5,44,153
03/02/2024,PEDREGAL,3.6,41,148
04/02/2024,PEDREGAL,3.6,34,121
05/02/2024,PEDREGAL,3.5,33,117
06/02/2024,PEDREGAL,3,41,125
07/02/2024,PEDREGAL,3.1,42,130
08/02/2024,PEDREGAL,3.4,44,151
09/02/2024,PEDREGAL,3.1,45,140
10/02/2024,PEDREGAL,3.5,44,155
11/02/2024,PEDREGAL,2.5,44,112
12/02/2024,PEDREGAL,2.5,42,105
13/02/2024,PEDREGAL,2.8,41,116
14/02/2024,PEDREGAL,3.3,46,153
15/02/2024,PEDREGAL,3.3,43,140
16/02/2024,PEDREGAL,3.3,39,128
17/02/2024,PEDREGAL,3.3,42,139
18/02/2024,PEDREGAL,3.3,36,118
19/02/2024,PEDREGAL,3.3,38,127
20/02/2024,PEDREGAL,3.1,41,127
21/02/2024,PEDREGAL,3.4,42,144
22/02/2024,PEDREGAL,3.1,42,131
23/02/2024,PEDREGAL,2.7,33,90
24/02/2024,PEDREGAL,3.5,31,107
25/02/2024,PEDREGAL,3,36,107
26/02/2024,PEDREGAL,3.3,40,132
27/02/2024,PEDREGAL,3.1,43,134
28/02/2024,PEDREGAL,3.1,44,136
29/02/2024,PEDREGAL,3.4,45,154
01/03/2024,PEDREGAL,3.263157895,38,124
02/03/2024,PEDREGAL,3.166666667,36,114
03/03/2024,PEDREGAL,3.161290323,31,98
04/03/2024,PEDREGAL,3.418604651,43,147
05/03/2024,PEDREGAL,3.093023256,43,133
06/03/2024,PEDREGAL,3.230769231,39,126
07/03/2024,PEDREGAL,3.361111111,36,121
08/03/2024,PEDREGAL,3.622222222,45,163
09/03/2024,PEDREGAL,3.380952381,42,142
10/03/2024,PEDREGAL,4.064516129,31,126
11/03/2024,PEDREGAL,3.526315789,38,134
12/03/2024,PEDREGAL,3.571428571,42,150
13/03/2024,PEDREGAL,3.558139535,43,153
14/03/2024,PEDREGAL,3.142857143,49,154
15/03/2024,PEDREGAL,3.146341463,41,129
16/03/2024,PEDREGAL,3.043478261,46,140
17/03/2024,PEDREGAL,2.875,32,92
18/03/2024,PEDREGAL,3.59375,32,115
19/03/2024,PEDREGAL,2.720930233,43,117
20/03/2024,PEDREGAL,3.25,40,130
21/03/2024,PEDREGAL,2.973684211,38,113
22/03/2024,PEDREGAL,3.45,40,138
23/03/2024,PEDREGAL,2.976190476,42,125
24/03/2024,PEDREGAL,3.260869565,23,75
25/03/2024,PEDREGAL,2.847826087,46,131
26/03/2024,PEDREGAL,2.5,46,115
01/11/2023,PORTALES,2.9,44,127
02/11/2023,PORTALES,3.7,44,161
03/11/2023,PORTALES,3.4,47,162
04/11/2023,PORTALES,2.9,52,152
05/11/2023,PORTALES,3.1,59,182
06/11/2023,PORTALES,3.4,55,188
07/11/2023,PORTALES,3.8,52,196
08/11/2023,PORTALES,3,64,192
09/11/2023,PORTALES,3.3,52,171
10/11/2023,PORTALES,3.3,49,163
11/11/2023,PORTALES,3.2,60,190
12/11/2023,PORTALES,3.5,45,156
13/11/2023,PORTALES,3.2,54,173
14/11/2023,PORTALES,3.1,56,175
15/11/2023,PORTALES,3,57,169
16/11/2023,PORTALES,3.1,58,177
17/11/2023,PORTALES,3.3,58,192
18/11/2023,PORTALES,3.2,52,168
19/11/2023,PORTALES,3.4,52,176
20/11/2023,PORTALES,3.4,56,193
21/11/2023,PORTALES,3.4,56,189
22/11/2023,PORTALES,3.3,65,213
23/11/2023,PORTALES,3.5,62,216
24/11/2023,PORTALES,3.3,61,200
25/11/2023,PORTALES,3.4,53,179
26/11/2023,PORTALES,3.3,50,164
27/11/2023,PORTALES,3.3,54,176
28/11/2023,PORTALES,3.2,59,187
29/11/2023,PORTALES,3.2,58,183
30/11/2023,PORTALES,3.7,57,210
01/12/2023,PORTALES,3.1,52,160
02/12/2023,PORTALES,3.7,48,179
03/12/2023,PORTALES,3.7,42,155
04/12/2023,PORTALES,3.7,50,186
05/12/2023,PORTALES,3.2,58,183
06/12/2023,PORTALES,3.3,57,187
07/12/2023,PORTALES,3.2,62,197
08/12/2023,PORTALES,3.1,61,192
09/12/2023,PORTALES,3.2,49,157
10/12/2023,PORTALES,2.9,54,158
11/12/2023,PORTALES,3.3,55,183
12/12/2023,PORTALES,3,57,171
13/12/2023,PORTALES,3.2,54,174
14/12/2023,PORTALES,3,50,150
15/12/2023,PORTALES,3.1,56,175
16/12/2023,PORTALES,3.2,50,162
17/12/2023,PORTALES,3.3,37,123
18/12/2023,PORTALES,3.2,48,154
19/12/2023,PORTALES,3.3,50,167
20/12/2023,PORTALES,2.9,50,146
21/12/2023,PORTALES,3.3,57,189
22/12/2023,PORTALES,2.9,43,125
23/12/2023,PORTALES,2.7,52,138
26/12/2023,PORTALES,3.34,50,167
27/12/2023,PORTALES,3.1,52,162
28/12/2023,PORTALES,3.2,54,172
29/12/2023,PORTALES,3.1,64,198
30/12/2023,PORTALES,3.1,57,175
02/01/2024,PORTALES,3.3,52,169
03/01/2024,PORTALES,3.5,53,188
04/01/2024,PORTALES,3.2,58,188
05/01/2024,PORTALES,3.2,53,172
06/01/2024,PORTALES,3.4,43,147
07/01/2024,PORTALES,3.1,53,162
08/01/2024,PORTALES,3.1,55,170
09/01/2024,PORTALES,3.4,52,175
10/01/2024,PORTALES,3.4,56,191
11/01/2024,PORTALES,3.4,58,197
12/01/2024,PORTALES,3.6,58,208
13/01/2024,PORTALES,3.4,63,214
14/01/2024,PORTALES,3.3,57,189
15/01/2024,PORTALES,3.2,57,185
16/01/2024,PORTALES,3.1,55,173
17/01/2024,PORTALES,3,54,163
18/01/2024,PORTALES,3.1,53,164
19/01/2024,PORTALES,3.4,57,192
20/01/2024,PORTALES,2.7,56,150
21/01/2024,PORTALES,2.8,51,141
22/01/2024,PORTALES,3.5,52,180
23/01/2024,PORTALES,3,61,182
24/01/2024,PORTALES,3.4,57,194
25/01/2024,PORTALES,3.4,53,181
26/01/2024,PORTALES,3.3,61,200
27/01/2024,PORTALES,3.1,60,186
28/01/2024,PORTALES,3.3,49,163
29/01/2024,PORTALES,3.6,53,192
30/01/2024,PORTALES,2.8,62,174
31/01/2024,PORTALES,3.1,57,175
01/02/2024,PORTALES,3.2,60,194
02/02/2024,PORTALES,3.1,51,157
03/02/2024,PORTALES,3.3,55,183
04/02/2024,PORTALES,2.7,52,140
05/02/2024,PORTALES,2.8,47,131
06/02/2024,PORTALES,3.2,64,205
07/02/2024,PORTALES,3.4,62,211
08/02/2024,PORTALES,3,60,182
09/02/2024,PORTALES,3.4,57,193
10/02/2024,PORTALES,3.2,58,186
11/02/2024,PORTALES,3,49,149
12/02/2024,PORTALES,3.1,52,163
13/02/2024,PORTALES,3.3,61,201
14/02/2024,PORTALES,3.3,60,200
15/02/2024,PORTALES,3.4,61,210
16/02/2024,PORTALES,3.1,56,174
17/02/2024,PORTALES,3.1,60,187
18/02/2024,PORTALES,3.1,55,168
19/02/2024,PORTALES,3.2,53,172
20/02/2024,PORTALES,3.1,50,157
21/02/2024,PORTALES,2.9,68,196
22/02/2024,PORTALES,3.1,58,182
23/02/2024,PORTALES,2.6,51,131
24/02/2024,PORTALES,3,50,149
25/02/2024,PORTALES,3.4,44,149
26/02/2024,PORTALES,3,61,185
27/02/2024,PORTALES,3.3,62,205
28/02/2024,PORTALES,3.1,66,202
29/02/2024,PORTALES,3.1,64,200
01/03/2024,PORTALES,2.948275862,58,171
02/03/2024,PORTALES,3,62,186
03/03/2024,PORTALES,3.092592593,54,167
04/03/2024,PORTALES,3.173076923,52,165
05/03/2024,PORTALES,3.298507463,67,221
06/03/2024,PORTALES,2.897058824,68,197
07/03/2024,PORTALES,2.933333333,60,176
08/03/2024,PORTALES,3.015873016,63,190
09/03/2024,PORTALES,2.983333333,60,179
10/03/2024,PORTALES,2.948275862,58,171
11/03/2024,PORTALES,3.016666667,60,181
12/03/2024,PORTALES,3.016393443,61,184
13/03/2024,PORTALES,2.955223881,67,198
14/03/2024,PORTALES,2.947368421,57,168
15/03/2024,PORTALES,2.985507246,69,206
16/03/2024,PORTALES,3.37704918,61,206
17/03/2024,PORTALES,2.896551724,58,168
18/03/2024,PORTALES,3.434782609,46,158
19/03/2024,PORTALES,3.183333333,60,191
20/03/2024,PORTALES,3.066666667,60,184
21/03/2024,PORTALES,3.050847458,59,180
22/03/2024,PORTALES,3.080645161,62,191
23/03/2024,PORTALES,3.2,65,208
24/03/2024,PORTALES,3.02,50,151
25/03/2024,PORTALES,3.061538462,65,199
26/03/2024,PORTALES,3.088235294,68,210
01/11/2023,SANTA FE,2.547169811,53,135
02/11/2023,SANTA FE,2.823529412,51,144
03/11/2023,SANTA FE,2.97826087,46,137
04/11/2023,SANTA FE,2.916666667,48,140
05/11/2023,SANTA FE,3.078947368,38,117
06/11/2023,SANTA FE,3.114754098,61,190
07/11/2023,SANTA FE,2.912280702,57,166
08/11/2023,SANTA FE,2.672413793,58,155
09/11/2023,SANTA FE,2.645833333,48,127
10/11/2023,SANTA FE,2.647058824,51,135
11/11/2023,SANTA FE,2.384615385,52,124
12/11/2023,SANTA FE,2.6,40,104
13/11/2023,SANTA FE,2.919354839,62,181
14/11/2023,SANTA FE,2.661290323,62,165
15/11/2023,SANTA FE,2.984375,64,191
16/11/2023,SANTA FE,2.655737705,61,162
17/11/2023,SANTA FE,2.885245902,61,176
18/11/2023,SANTA FE,2.615384615,52,136
19/11/2023,SANTA FE,2.711111111,45,122
20/11/2023,SANTA FE,3.4,50,170
21/11/2023,SANTA FE,2.825396825,63,178
22/11/2023,SANTA FE,2.873015873,63,181
23/11/2023,SANTA FE,3.126984127,63,197
24/11/2023,SANTA FE,2.96875,64,190
25/11/2023,SANTA FE,3.1,60,186
26/11/2023,SANTA FE,2.897435897,39,113
27/11/2023,SANTA FE,2.523809524,63,159
28/11/2023,SANTA FE,2.704225352,71,192
29/11/2023,SANTA FE,2.626666667,75,197
30/11/2023,SANTA FE,2.471428571,70,173
01/12/2023,SANTA FE,2.148148148,54,116
02/12/2023,SANTA FE,2.636363636,44,116
03/12/2023,SANTA FE,2.479166667,48,119
04/12/2023,SANTA FE,2.566666667,60,154
05/12/2023,SANTA FE,2.770491803,61,169
06/12/2023,SANTA FE,2.573770492,61,157
07/12/2023,SANTA FE,2.563636364,55,141
08/12/2023,SANTA FE,2.839285714,56,159
09/12/2023,SANTA FE,2.93877551,49,144
10/12/2023,SANTA FE,2.658536585,41,109
11/12/2023,SANTA FE,2.62962963,54,142
12/12/2023,SANTA FE,2.774193548,62,172
13/12/2023,SANTA FE,2.620689655,58,152
14/12/2023,SANTA FE,2.410714286,56,135
15/12/2023,SANTA FE,2.703703704,54,146
16/12/2023,SANTA FE,2.78,50,139
17/12/2023,SANTA FE,3,43,129
18/12/2023,SANTA FE,2.644067797,59,156
19/12/2023,SANTA FE,2.967213115,61,181
20/12/2023,SANTA FE,2.724137931,58,158
21/12/2023,SANTA FE,2.65,60,159
22/12/2023,SANTA FE,2.298245614,57,131
23/12/2023,SANTA FE,2.553191489,47,120
26/12/2023,SANTA FE,2.964285714,56,166
27/12/2023,SANTA FE,2.629032258,62,163
28/12/2023,SANTA FE,2.793650794,63,176
29/12/2023,SANTA FE,2.515625,64,161
30/12/2023,SANTA FE,2.339285714,56,131
02/01/2024,SANTA FE,3,48,144
03/01/2024,SANTA FE,3.218181818,55,177
04/01/2024,SANTA FE,2.979166667,48,143
05/01/2024,SANTA FE,2.740740741,54,148
06/01/2024,SANTA FE,2.888888889,45,130
07/01/2024,SANTA FE,2.541666667,24,61
08/01/2024,SANTA FE,2.893617021,47,136
09/01/2024,SANTA FE,2.384615385,52,124
10/01/2024,SANTA FE,2.482142857,56,139
11/01/2024,SANTA FE,2.444444444,54,132
12/01/2024,SANTA FE,2.476923077,65,161
13/01/2024,SANTA FE,2.842105263,57,162
14/01/2024,SANTA FE,2.772727273,44,122
15/01/2024,SANTA FE,2.461538462,52,128
16/01/2024,SANTA FE,2.428571429,56,136
17/01/2024,SANTA FE,2.877192982,57,164
18/01/2024,SANTA FE,2.588235294,51,132
19/01/2024,SANTA FE,2.381818182,55,131
20/01/2024,SANTA FE,2.714285714,49,133
21/01/2024,SANTA FE,2.581395349,43,111
22/01/2024,SANTA FE,2.633333333,60,158
23/01/2024,SANTA FE,2.915254237,59,172
24/01/2024,SANTA FE,2.785714286,56,156
25/01/2024,SANTA FE,2.818181818,55,155
26/01/2024,SANTA FE,3.018181818,55,166
27/01/2024,SANTA FE,2.622641509,53,139
28/01/2024,SANTA FE,2.947368421,38,112
29/01/2024,SANTA FE,2.74137931,58,159
30/01/2024,SANTA FE,2.727272727,55,150
31/01/2024,SANTA FE,2.533333333,60,152
01/02/2024,SANTA FE,2.616666667,60,157
02/02/2024,SANTA FE,2.793103448,58,162
03/02/2024,SANTA FE,2.744680851,47,129
04/02/2024,SANTA FE,2.648648649,37,98
05/02/2024,SANTA FE,3.078947368,38,117
06/02/2024,SANTA FE,3.098039216,51,158
07/02/2024,SANTA FE,3.126984127,63,197
08/02/2024,SANTA FE,2.739130435,69,189
09/02/2024,SANTA FE,2.830985915,71,201
10/02/2024,SANTA FE,2.818181818,55,155
11/02/2024,SANTA FE,2.933333333,45,132
12/02/2024,SANTA FE,2.457627119,59,145
13/02/2024,SANTA FE,2.765625,64,177
14/02/2024,SANTA FE,2.833333333,66,187
15/02/2024,SANTA FE,2.84375,64,182
16/02/2024,SANTA FE,3.037735849,53,161
17/02/2024,SANTA FE,2.416666667,60,145
18/02/2024,SANTA FE,2.87755102,49,141
19/02/2024,SANTA FE,2.569230769,65,167
20/02/2024,SANTA FE,2.575757576,66,170
21/02/2024,SANTA FE,2.527777778,72,182
22/02/2024,SANTA FE,2.970149254,67,199
23/02/2024,SANTA FE,2.44,50,122
24/02/2024,SANTA FE,2.735849057,53,145
25/02/2024,SANTA FE,3.142857143,35,110
26/02/2024,SANTA FE,2.603174603,63,164
27/02/2024,SANTA FE,2.683333333,60,161
28/02/2024,SANTA FE,2.657534247,73,194
29/02/2024,SANTA FE,2.691176471,68,183
01/03/2024,SANTA FE,2.526315789,57,144
02/03/2024,SANTA FE,2.859649123,57,163
03/03/2024,SANTA FE,2.409090909,44,106
04/03/2024,SANTA FE,2.68,50,134
05/03/2024,SANTA FE,2.811320755,53,149
06/03/2024,SANTA FE,2.820895522,67,189
07/03/2024,SANTA FE,2.985074627,67,200
08/03/2024,SANTA FE,3.0625,64,196
09/03/2024,SANTA FE,2.767857143,56,155
10/03/2024,SANTA FE,3,46,138
11/03/2024,SANTA FE,2.661538462,65,173
12/03/2024,SANTA FE,2.952380952,63,186
13/03/2024,SANTA FE,2.882352941,68,196
14/03/2024,SANTA FE,3.048387097,62,189
15/03/2024,SANTA FE,2.633802817,71,187
16/03/2024,SANTA FE,2.6,50,130
17/03/2024,SANTA FE,2.833333333,42,119
18/03/2024,SANTA FE,3.186046512,43,137
19/03/2024,SANTA FE,2.779411765,68,189
20/03/2024,SANTA FE,2.352941176,68,160
21/03/2024,SANTA FE,2.454545455,66,162
22/03/2024,SANTA FE,2.593220339,59,153
23/03/2024,SANTA FE,2.484375,64,159
24/03/2024,SANTA FE,2.634146341,41,108
25/03/2024,SANTA FE,2.573770492,61,157
26/03/2024,SANTA FE,2.521126761,71,179
01/11/2023,TLALPAN,3.3,41,134
02/11/2023,TLALPAN,3.2,38,120
03/11/2023,TLALPAN,3,41,124
04/11/2023,TLALPAN,3.2,42,135
05/11/2023,TLALPAN,2.6,40,105
06/11/2023,TLALPAN,3.1,41,129
07/11/2023,TLALPAN,3.4,42,142
08/11/2023,TLALPAN,2.4,50,121
09/11/2023,TLALPAN,2.6,45,117
10/11/2023,TLALPAN,2.9,47,137
11/11/2023,TLALPAN,3.3,44,143
12/11/2023,TLALPAN,3.2,38,120
13/11/2023,TLALPAN,3,42,126
14/11/2023,TLALPAN,3.6,38,135
15/11/2023,TLALPAN,2.9,48,137
16/11/2023,TLALPAN,3.1,52,161
17/11/2023,TLALPAN,3,41,124
18/11/2023,TLALPAN,3.3,43,140
19/11/2023,TLALPAN,2.8,45,128
20/11/2023,TLALPAN,3.6,16,58
21/11/2023,TLALPAN,3.1,51,156
22/11/2023,TLALPAN,2.7,54,147
23/11/2023,TLALPAN,3.4,52,178
24/11/2023,TLALPAN,2.6,56,147
25/11/2023,TLALPAN,3.2,48,152
26/11/2023,TLALPAN,2.7,44,118
27/11/2023,TLALPAN,3.1,52,162
28/11/2023,TLALPAN,2.6,56,147
29/11/2023,TLALPAN,2.6,57,146
30/11/2023,TLALPAN,3.1,54,167
01/12/2023,TLALPAN,2.9,50,146
02/12/2023,TLALPAN,3,45,135
03/12/2023,TLALPAN,3.2,45,143
04/12/2023,TLALPAN,3.2,45,146
05/12/2023,TLALPAN,3.1,47,147
06/12/2023,TLALPAN,2.8,47,131
07/12/2023,TLALPAN,2.8,47,130
08/12/2023,TLALPAN,3.2,43,138
09/12/2023,TLALPAN,2.9,42,123
10/12/2023,TLALPAN,2.7,42,113
11/12/2023,TLALPAN,2.6,50,131
12/12/2023,TLALPAN,2.7,41,111
13/12/2023,TLALPAN,2.3,46,108
14/12/2023,TLALPAN,2.5,46,116
15/12/2023,TLALPAN,2.4,50,122
16/12/2023,TLALPAN,2.8,44,125
17/12/2023,TLALPAN,2.3,41,94
18/12/2023,TLALPAN,3,53,160
19/12/2023,TLALPAN,2.9,51,147
20/12/2023,TLALPAN,2.7,48,130
21/12/2023,TLALPAN,2.8,50,139
22/12/2023,TLALPAN,2.4,50,121
23/12/2023,TLALPAN,2.2,46,103
26/12/2023,TLALPAN,3,51,152
27/12/2023,TLALPAN,2.8,51,141
28/12/2023,TLALPAN,3.1,48,150
29/12/2023,TLALPAN,3.1,50,153
30/12/2023,TLALPAN,2.5,44,110
02/01/2024,TLALPAN,3.4,41,138
03/01/2024,TLALPAN,3.3,45,147
04/01/2024,TLALPAN,3.3,48,156
05/01/2024,TLALPAN,2.8,51,144
06/01/2024,TLALPAN,3.1,34,106
07/01/2024,TLALPAN,2.7,44,119
08/01/2024,TLALPAN,2.8,48,136
09/01/2024,TLALPAN,3.4,46,155
10/01/2024,TLALPAN,3.3,42,137
11/01/2024,TLALPAN,3.7,44,161
12/01/2024,TLALPAN,3.7,38,140
13/01/2024,TLALPAN,3.7,31,115
14/01/2024,TLALPAN,3.2,30,96
15/01/2024,TLALPAN,2.9,42,121
16/01/2024,TLALPAN,2.6,37,98
17/01/2024,TLALPAN,3.2,40,127
18/01/2024,TLALPAN,3.8,41,156
19/01/2024,TLALPAN,2.8,41,116
20/01/2024,TLALPAN,3,35,104
21/01/2024,TLALPAN,2.5,26,65
22/01/2024,TLALPAN,3.3,43,142
23/01/2024,TLALPAN,3.3,43,140
24/01/2024,TLALPAN,2.8,47,131
25/01/2024,TLALPAN,3.2,47,152
26/01/2024,TLALPAN,3.5,45,158
27/01/2024,TLALPAN,3.5,40,139
28/01/2024,TLALPAN,3.3,29,96
29/01/2024,TLALPAN,3,43,131
30/01/2024,TLALPAN,2.6,39,102
31/01/2024,TLALPAN,3.1,38,118
01/02/2024,TLALPAN,3,36,108
02/02/2024,TLALPAN,3.2,40,128
03/02/2024,TLALPAN,3.4,35,118
04/02/2024,TLALPAN,3.2,31,100
05/02/2024,TLALPAN,3.7,31,115
06/02/2024,TLALPAN,3.6,36,130
07/02/2024,TLALPAN,3.3,39,130
08/02/2024,TLALPAN,3.7,38,139
09/02/2024,TLALPAN,3.6,39,142
10/02/2024,TLALPAN,3.7,39,143
11/02/2024,TLALPAN,3.6,32,115
12/02/2024,TLALPAN,3.8,36,135
13/02/2024,TLALPAN,3.9,36,139
14/02/2024,TLALPAN,3,40,118
15/02/2024,TLALPAN,3.8,43,164
16/02/2024,TLALPAN,3.5,41,144
17/02/2024,TLALPAN,3.7,40,148
18/02/2024,TLALPAN,3.7,37,136
19/02/2024,TLALPAN,3.8,40,153
20/02/2024,TLALPAN,3.7,42,154
21/02/2024,TLALPAN,3.4,51,173
22/02/2024,TLALPAN,3.7,42,155
23/02/2024,TLALPAN,3.4,32,110
24/02/2024,TLALPAN,3.8,32,123
25/02/2024,TLALPAN,4.7,24,113
26/02/2024,TLALPAN,3.7,40,149
27/02/2024,TLALPAN,3.7,37,136
28/02/2024,TLALPAN,3.5,40,141
29/02/2024,TLALPAN,3.3,44,147
01/03/2024,TLALPAN,3.435897436,39,134
02/03/2024,TLALPAN,3.486486486,37,129
03/03/2024,TLALPAN,3.621621622,37,134
04/03/2024,TLALPAN,3.315789474,38,126
05/03/2024,TLALPAN,3.357142857,42,141
06/03/2024,TLALPAN,3.409090909,44,150
07/03/2024,TLALPAN,4.058823529,34,138
08/03/2024,TLALPAN,4.111111111,36,148
09/03/2024,TLALPAN,4,41,164
10/03/2024,TLALPAN,3.4,40,136
11/03/2024,TLALPAN,3.260869565,46,150
12/03/2024,TLALPAN,3.733333333,45,168
13/03/2024,TLALPAN,3.413043478,46,157
14/03/2024,TLALPAN,3.186046512,43,137
15/03/2024,TLALPAN,3.658536585,41,150
16/03/2024,TLALPAN,3.219512195,41,132
17/03/2024,TLALPAN,3.4,35,119
18/03/2024,TLALPAN,3.794117647,34,129
19/03/2024,TLALPAN,3.682926829,41,151
20/03/2024,TLALPAN,3.454545455,44,152
21/03/2024,TLALPAN,3.952380952,42,166
22/03/2024,TLALPAN,3.594594595,37,133
23/03/2024,TLALPAN,3.105263158,38,118
24/03/2024,TLALPAN,4.037037037,27,109
25/03/2024,TLALPAN,4,39,156
26/03/2024,TLALPAN,4.085714286,35,143
01/11/2023,XOCHIMILCO,3,47,142
02/11/2023,XOCHIMILCO,3.1,44,136
03/11/2023,XOCHIMILCO,3.2,46,145
04/11/2023,XOCHIMILCO,3.3,44,145
05/11/2023,XOCHIMILCO,3.5,45,158
06/11/2023,XOCHIMILCO,3.2,49,157
07/11/2023,XOCHIMILCO,3.6,45,162
08/11/2023,XOCHIMILCO,3.6,46,167
09/11/2023,XOCHIMILCO,3.7,49,179
10/11/2023,XOCHIMILCO,3.4,49,169
11/11/2023,XOCHIMILCO,3.3,52,173
12/11/2023,XOCHIMILCO,3,50,151
13/11/2023,XOCHIMILCO,3.7,54,198
14/11/2023,XOCHIMILCO,3.1,54,167
15/11/2023,XOCHIMILCO,3.1,48,151
16/11/2023,XOCHIMILCO,3.9,48,188
17/11/2023,XOCHIMILCO,3.4,57,194
18/11/2023,XOCHIMILCO,3.2,54,173
19/11/2023,XOCHIMILCO,2.7,53,144
20/11/2023,XOCHIMILCO,3.3,50,166
21/11/2023,XOCHIMILCO,3.8,51,192
22/11/2023,XOCHIMILCO,3.3,55,179
23/11/2023,XOCHIMILCO,3.5,55,193
24/11/2023,XOCHIMILCO,3.5,55,190
25/11/2023,XOCHIMILCO,3.2,53,171
26/11/2023,XOCHIMILCO,3.2,53,167
27/11/2023,XOCHIMILCO,3.6,56,203
28/11/2023,XOCHIMILCO,3.3,56,184
29/11/2023,XOCHIMILCO,3.1,59,183
30/11/2023,XOCHIMILCO,3.3,58,189
01/12/2023,XOCHIMILCO,2.9,52,152
02/12/2023,XOCHIMILCO,3.7,49,179
03/12/2023,XOCHIMILCO,3.7,44,164
04/12/2023,XOCHIMILCO,3.4,58,196
05/12/2023,XOCHIMILCO,3.8,58,220
06/12/2023,XOCHIMILCO,3.3,58,189
07/12/2023,XOCHIMILCO,3.3,56,185
08/12/2023,XOCHIMILCO,3.1,52,163
09/12/2023,XOCHIMILCO,3.6,47,170
10/12/2023,XOCHIMILCO,3.2,46,149
11/12/2023,XOCHIMILCO,3.5,46,159
12/12/2023,XOCHIMILCO,3.4,53,181
13/12/2023,XOCHIMILCO,3.3,50,166
14/12/2023,XOCHIMILCO,3,57,172
15/12/2023,XOCHIMILCO,3,49,145
16/12/2023,XOCHIMILCO,3.2,46,149
17/12/2023,XOCHIMILCO,3.4,43,147
18/12/2023,XOCHIMILCO,3.6,46,164
19/12/2023,XOCHIMILCO,3.5,45,159
20/12/2023,XOCHIMILCO,3.7,45,166
21/12/2023,XOCHIMILCO,3.4,50,168
22/12/2023,XOCHIMILCO,3.7,48,177
23/12/2023,XOCHIMILCO,3.7,46,172
26/12/2023,XOCHIMILCO,2.94,50,147
27/12/2023,XOCHIMILCO,3.3,49,162
28/12/2023,XOCHIMILCO,3.3,42,138
29/12/2023,XOCHIMILCO,2.8,53,148
30/12/2023,XOCHIMILCO,2.5,52,132
02/01/2024,XOCHIMILCO,3.7,40,149
03/01/2024,XOCHIMILCO,3.1,45,138
04/01/2024,XOCHIMILCO,3.2,46,146
05/01/2024,XOCHIMILCO,3.5,42,146
06/01/2024,XOCHIMILCO,3.7,40,148
07/01/2024,XOCHIMILCO,4.1,34,138
08/01/2024,XOCHIMILCO,3.2,46,148
09/01/2024,XOCHIMILCO,3.8,48,180
10/01/2024,XOCHIMILCO,3.7,48,178
11/01/2024,XOCHIMILCO,3.9,48,187
12/01/2024,XOCHIMILCO,3.5,52,184
13/01/2024,XOCHIMILCO,3.6,45,162
14/01/2024,XOCHIMILCO,3.7,42,155
15/01/2024,XOCHIMILCO,3.6,44,158
16/01/2024,XOCHIMILCO,3.8,48,180
17/01/2024,XOCHIMILCO,3.6,47,170
18/01/2024,XOCHIMILCO,3.6,47,169
19/01/2024,XOCHIMILCO,3.4,44,151
20/01/2024,XOCHIMILCO,4.1,41,170
21/01/2024,XOCHIMILCO,4.4,39,172
22/01/2024,XOCHIMILCO,3.8,44,166
23/01/2024,XOCHIMILCO,3.7,44,161
24/01/2024,XOCHIMILCO,3.4,46,156
25/01/2024,XOCHIMILCO,3.9,52,204
26/01/2024,XOCHIMILCO,4,44,175
27/01/2024,XOCHIMILCO,3.2,51,164
28/01/2024,XOCHIMILCO,3.7,46,172
29/01/2024,XOCHIMILCO,2.8,49,138
30/01/2024,XOCHIMILCO,3.1,46,142
31/01/2024,XOCHIMILCO,3.7,48,176
01/02/2024,XOCHIMILCO,3.6,51,184
02/02/2024,XOCHIMILCO,3,50,151
03/02/2024,XOCHIMILCO,3.7,53,198
04/02/2024,XOCHIMILCO,4,42,167
05/02/2024,XOCHIMILCO,3.1,51,157
06/02/2024,XOCHIMILCO,3.4,48,163
07/02/2024,XOCHIMILCO,3.2,54,173
08/02/2024,XOCHIMILCO,3.1,57,177
09/02/2024,XOCHIMILCO,3.4,49,167
10/02/2024,XOCHIMILCO,3.7,47,173
11/02/2024,XOCHIMILCO,3.3,41,137
12/02/2024,XOCHIMILCO,3.1,49,154
13/02/2024,XOCHIMILCO,3.8,54,204
14/02/2024,XOCHIMILCO,3.6,51,183
15/02/2024,XOCHIMILCO,3.5,53,185
16/02/2024,XOCHIMILCO,3.6,48,173
17/02/2024,XOCHIMILCO,3.8,48,181
18/02/2024,XOCHIMILCO,3.5,46,161
19/02/2024,XOCHIMILCO,3.6,48,174
20/02/2024,XOCHIMILCO,3.8,48,181
21/02/2024,XOCHIMILCO,3.7,50,183
22/02/2024,XOCHIMILCO,3.3,57,189
23/02/2024,XOCHIMILCO,2.5,48,121
24/02/2024,XOCHIMILCO,3.7,38,140
25/02/2024,XOCHIMILCO,3.7,37,137
26/02/2024,XOCHIMILCO,3.5,47,166
27/02/2024,XOCHIMILCO,3.6,48,173
28/02/2024,XOCHIMILCO,3.3,48,159
29/02/2024,XOCHIMILCO,3.2,52,167
01/03/2024,XOCHIMILCO,3.375,48,162
02/03/2024,XOCHIMILCO,3.822222222,45,172
03/03/2024,XOCHIMILCO,3.894736842,38,148
04/03/2024,XOCHIMILCO,3.333333333,48,160
05/03/2024,XOCHIMILCO,3.230769231,52,168
06/03/2024,XOCHIMILCO,3.470588235,51,177
07/03/2024,XOCHIMILCO,3.434782609,46,158
08/03/2024,XOCHIMILCO,3.571428571,49,175
09/03/2024,XOCHIMILCO,3.787234043,47,178
10/03/2024,XOCHIMILCO,3.673913043,46,169
11/03/2024,XOCHIMILCO,3.075471698,53,163
12/03/2024,XOCHIMILCO,3.442307692,52,179
13/03/2024,XOCHIMILCO,3.711538462,52,193
14/03/2024,XOCHIMILCO,3.053571429,56,171
15/03/2024,XOCHIMILCO,3.391304348,46,156
16/03/2024,XOCHIMILCO,3.042553191,47,143
17/03/2024,XOCHIMILCO,3.275,40,131
18/03/2024,XOCHIMILCO,3.043478261,46,140
19/03/2024,XOCHIMILCO,3.041666667,48,146
20/03/2024,XOCHIMILCO,3.019607843,51,154
21/03/2024,XOCHIMILCO,3.163934426,61,193
22/03/2024,XOCHIMILCO,3.4,55,187
23/03/2024,XOCHIMILCO,3.26,50,163
24/03/2024,XOCHIMILCO,2.977777778,45,134
25/03/2024,XOCHIMILCO,3.018181818,55,166
26/03/2024,XOCHIMILCO,3.519230769,52,183
01/11/2023,NACIONAL,3.234475651,3881,12553
02/11/2023,NACIONAL,3.387122002,3836,12993
03/11/2023,NACIONAL,3.427631579,3952,13546
04/11/2023,NACIONAL,3.421726877,3903,13355
05/11/2023,NACIONAL,3.321219226,3412,11332
06/11/2023,NACIONAL,3.392151962,4001,13572
07/11/2023,NACIONAL,3.490552147,4075,14224
08/11/2023,NACIONAL,3.478863148,4187,14566
09/11/2023,NACIONAL,3.35373494,4150,13918
10/11/2023,NACIONAL,3.376808041,4079,13774
11/11/2023,NACIONAL,3.410129096,4028,13736
12/11/2023,NACIONAL,3.36915078,3462,11664
13/11/2023,NACIONAL,3.420099256,4030,13783
14/11/2023,NACIONAL,3.476573939,4098,14247
15/11/2023,NACIONAL,3.350324597,4159,13934
16/11/2023,NACIONAL,3.457156534,4178,14444
17/11/2023,NACIONAL,3.43557126,4245,14584
18/11/2023,NACIONAL,3.405066345,4145,14114
19/11/2023,NACIONAL,3.357821229,3580,12021
20/11/2023,NACIONAL,3.646929825,3192,11641
21/11/2023,NACIONAL,3.507736944,4136,14508
22/11/2023,NACIONAL,3.471431876,4323,15007
23/11/2023,NACIONAL,3.558638377,4289,15263
24/11/2023,NACIONAL,3.491297285,4309,15044
25/11/2023,NACIONAL,3.500724988,4138,14486
26/11/2023,NACIONAL,3.351306281,3598,12058
27/11/2023,NACIONAL,3.519107524,4213,14826
28/11/2023,NACIONAL,3.450406504,4305,14854
29/11/2023,NACIONAL,3.340523176,4358,14558
30/11/2023,NACIONAL,3.284311487,4379,14382
01/12/2023,NACIONAL,3.308411215,4066,13452
02/12/2023,NACIONAL,3.505541562,3970,13917
03/12/2023,NACIONAL,3.413833188,3441,11747
04/12/2023,NACIONAL,3.543377886,4115,14581
05/12/2023,NACIONAL,3.651957295,4215,15393
06/12/2023,NACIONAL,3.621520468,4275,15482
07/12/2023,NACIONAL,3.547121034,4255,15093
08/12/2023,NACIONAL,3.599062134,4265,15350
09/12/2023,NACIONAL,3.474390244,4100,14245
10/12/2023,NACIONAL,3.368304191,3603,12136
11/12/2023,NACIONAL,3.419323671,4140,14156
12/12/2023,NACIONAL,3.420939661,4193,14344
13/12/2023,NACIONAL,3.304846025,4189,13844
14/12/2023,NACIONAL,3.250776212,4187,13611
15/12/2023,NACIONAL,3.122828185,4144,12941
16/12/2023,NACIONAL,3.272075761,3907,12784
17/12/2023,NACIONAL,3.220199648,3406,10968
18/12/2023,NACIONAL,3.408208405,4069,13868
19/12/2023,NACIONAL,3.443569554,4191,14432
20/12/2023,NACIONAL,3.379020643,4166,14077
21/12/2023,NACIONAL,3.405572755,4199,14300
22/12/2023,NACIONAL,3.38589618,4084,13828
23/12/2023,NACIONAL,3.228571429,3990,12882
26/12/2023,NACIONAL,3.440281619,3977,13682
27/12/2023,NACIONAL,3.473029046,4097,14229
28/12/2023,NACIONAL,3.490133983,4105,14327
29/12/2023,NACIONAL,3.406135866,4107,13989
30/12/2023,NACIONAL,3.157256067,4038,12749
02/01/2024,NACIONAL,3.544976474,3613,12808
03/01/2024,NACIONAL,3.651798916,4058,14819
04/01/2024,NACIONAL,3.680058795,4082,15022
05/01/2024,NACIONAL,3.571323889,4094,14621
06/01/2024,NACIONAL,3.540800416,3848,13625
07/01/2024,NACIONAL,3.411072863,3486,11891
08/01/2024,NACIONAL,3.667857143,3920,14378
09/01/2024,NACIONAL,3.671424994,3993,14660
10/01/2024,NACIONAL,3.649221032,4108,14991
11/01/2024,NACIONAL,3.667071394,4118,15101
12/01/2024,NACIONAL,3.543126359,4139,14665
13/01/2024,NACIONAL,3.527254708,4036,14236
14/01/2024,NACIONAL,3.449784173,3475,11988
15/01/2024,NACIONAL,3.513423677,3911,13741
16/01/2024,NACIONAL,3.506951596,3884,13621
17/01/2024,NACIONAL,3.611401543,4017,14507
18/01/2024,NACIONAL,3.579738723,4057,14523
19/01/2024,NACIONAL,3.595770838,4067,14624
20/01/2024,NACIONAL,3.451492537,4020,13875
21/01/2024,NACIONAL,3.352819604,3387,11356
22/01/2024,NACIONAL,3.526435619,3953,13940
23/01/2024,NACIONAL,3.410935181,4042,13787
24/01/2024,NACIONAL,3.474380563,4157,14443
25/01/2024,NACIONAL,3.527980535,4110,14500
26/01/2024,NACIONAL,3.519509202,4075,14342
27/01/2024,NACIONAL,3.474180735,4028,13994
28/01/2024,NACIONAL,3.315850144,3470,11506
29/01/2024,NACIONAL,3.447032307,3993,13764
30/01/2024,NACIONAL,3.018541108,4099,12373
31/01/2024,NACIONAL,3.405682904,4188,14263
01/02/2024,NACIONAL,3.479177247,3938,13701
02/02/2024,NACIONAL,3.37518949,3958,13359
03/02/2024,NACIONAL,3.458181818,3850,13314
04/02/2024,NACIONAL,3.314027149,3315,10986
05/02/2024,NACIONAL,3.726061357,3227,12024
06/02/2024,NACIONAL,3.515554441,3986,14013
07/02/2024,NACIONAL,3.53,4000,14120
08/02/2024,NACIONAL,3.567807039,4063,14496
09/02/2024,NACIONAL,3.501714006,4084,14301
10/02/2024,NACIONAL,3.501013171,3948,13822
11/02/2024,NACIONAL,3.279190751,3460,11346
12/02/2024,NACIONAL,3.093644617,3855,11926
13/02/2024,NACIONAL,3.509433962,4028,14136
14/02/2024,NACIONAL,3.298448658,4061,13395
15/02/2024,NACIONAL,3.407564071,4019,13695
16/02/2024,NACIONAL,3.349504699,3937,13187
17/02/2024,NACIONAL,3.507370054,3867,13563
18/02/2024,NACIONAL,3.502673797,3366,11790
19/02/2024,NACIONAL,3.562292146,3909,13925
20/02/2024,NACIONAL,3.558041263,4023,14314
21/02/2024,NACIONAL,3.656676413,4104,15007
22/02/2024,NACIONAL,3.586631274,4144,14863
23/02/2024,NACIONAL,2.883415012,3877,11179
24/02/2024,NACIONAL,3.577118214,3942,14101
25/02/2024,NACIONAL,3.423274043,3317,11355
26/02/2024,NACIONAL,3.531767614,4045,14286
27/02/2024,NACIONAL,3.594633793,4137,14871
28/02/2024,NACIONAL,3.577535027,4211,15065
29/02/2024,NACIONAL,3.433603046,4202,14428
01/03/2024,NACIONAL,3.42757732,3880,13299
02/03/2024,NACIONAL,3.597042514,3787,13622
03/03/2024,NACIONAL,3.538246269,3216,11379
04/03/2024,NACIONAL,3.588401334,3897,13984
05/03/2024,NACIONAL,3.530019685,4064,14346
06/03/2024,NACIONAL,3.649705015,4068,14847
07/03/2024,NACIONAL,3.587433762,3963,14217
08/03/2024,NACIONAL,3.512141816,4118,14463
09/03/2024,NACIONAL,3.557307307,3996,14215
10/03/2024,NACIONAL,3.466452742,3428,11883
11/03/2024,NACIONAL,3.579625885,3956,14161
12/03/2024,NACIONAL,3.542284866,4044,14325
13/03/2024,NACIONAL,3.554829339,4131,14685
14/03/2024,NACIONAL,3.564346764,4095,14596
15/03/2024,NACIONAL,3.382477041,4029,13628
16/03/2024,NACIONAL,3.435929648,3980,13675
17/03/2024,NACIONAL,3.338361432,3381,11287
18/03/2024,NACIONAL,3.697768134,3226,11929
19/03/2024,NACIONAL,3.577370636,4039,14449
20/03/2024,NACIONAL,3.322604243,4101,13626
21/03/2024,NACIONAL,3.36275,4000,13451
22/03/2024,NACIONAL,3.297047047,3996,13175
23/03/2024,NACIONAL,3.449861774,3979,13727
24/03/2024,NACIONAL,3.192635423,3286,10491
25/03/2024,NACIONAL,3.521706209,3962,13953
26/03/2024,NACIONAL,3.534866469,4044,14295
