DESPACHO CENTRALIZADO,DIRECCION,FechaF,Asignaciones_totales,Asignaciones_automaticas,Asignaciones_manuales,PorcAA
SI,CENTRO,2023-01-01,1369,1295,74,0.94595
SI,CENTRO,2023-01-02,4972,4616,356,0.9284
SI,CENTRO,2023-01-03,5597,5211,386,0.93103
SI,CENTRO,2023-01-04,5851,5420,431,0.92634
SI,CENTRO,2023-01-05,5611,5107,504,0.91018
SI,CENTRO,2023-01-06,5049,4647,402,0.92038
SI,CENTRO,2023-01-07,5409,4955,454,0.91607
SI,CENTRO,2023-01-08,4576,4217,359,0.92155
SI,CENTRO,2023-01-09,5394,4983,411,0.9238
SI,CENTRO,2023-01-10,5524,5113,411,0.9256
SI,CENTRO,2023-01-11,5571,5131,440,0.92102
SI,CENTRO,2023-01-12,5599,5135,464,0.91713
SI,CENTRO,2023-01-13,5251,4844,407,0.92249
SI,CENTRO,2023-01-14,4875,4546,329,0.93251
SI,CENTRO,2023-01-15,4211,3897,314,0.92543
SI,CENTRO,2023-01-16,4894,4492,402,0.91786
SI,CENTRO,2023-01-17,5006,4610,396,0.92089
SI,CENTRO,2023-01-18,5033,4634,399,0.92072
SI,CENTRO,2023-01-19,5070,4615,455,0.91026
SI,CENTRO,2023-01-20,4899,4458,441,0.90998
SI,CENTRO,2023-01-21,5011,4610,401,0.91998
SI,CENTRO,2023-01-22,4373,4020,353,0.91928
SI,CENTRO,2023-01-23,5290,4851,439,0.91701
SI,CENTRO,2023-01-24,5389,4933,456,0.91538
SI,CENTRO,2023-01-25,5502,5036,466,0.9153
SI,CENTRO,2023-01-26,5591,5157,434,0.92238
SI,CENTRO,2023-01-27,5563,5145,418,0.92486
SI,CENTRO,2023-01-28,5309,4801,508,0.90431
SI,CENTRO,2023-01-29,4486,4125,361,0.91953
SI,CENTRO,2023-01-30,5579,5123,456,0.91826
SI,CENTRO,2023-01-31,5414,4966,448,0.91725
SI,CENTRO,2023-02-01,5184,4670,514,0.90085
SI,CENTRO,2023-02-02,5151,4576,575,0.88837
SI,CENTRO,2023-02-03,5213,4739,474,0.90907
SI,CENTRO,2023-02-04,5046,4612,434,0.91399
SI,CENTRO,2023-02-05,4403,4089,314,0.92868
SI,CENTRO,2023-02-06,4759,4384,375,0.9212
SI,CENTRO,2023-02-07,5673,5194,479,0.91556
SI,CENTRO,2023-02-08,5624,5073,551,0.90203
SI,CENTRO,2023-02-09,5496,4944,552,0.89956
SI,CENTRO,2023-02-10,5356,4823,533,0.90049
SI,CENTRO,2023-02-11,5273,4797,476,0.90973
SI,CENTRO,2023-02-12,4523,4161,362,0.91996
SI,CENTRO,2023-02-13,5368,4909,459,0.91449
SI,CENTRO,2023-02-14,5151,4673,478,0.9072
SI,CENTRO,2023-02-15,5123,4653,470,0.90826
SI,CENTRO,2023-02-16,5173,4696,477,0.90779
SI,CENTRO,2023-02-17,5050,4576,474,0.90614
SI,CENTRO,2023-02-18,4945,4561,384,0.92235
SI,CENTRO,2023-02-19,4212,3880,332,0.92118
SI,CENTRO,2023-02-20,5200,4712,488,0.90615
SI,CENTRO,2023-02-21,4967,4467,500,0.89934
SI,CENTRO,2023-02-22,5104,4561,543,0.89361
SI,CENTRO,2023-02-23,4993,4495,498,0.90026
SI,CENTRO,2023-02-24,4659,4151,508,0.89096
SI,CENTRO,2023-02-25,5198,4686,512,0.9015
SI,CENTRO,2023-02-26,4419,4017,402,0.90903
SI,CENTRO,2023-02-27,5285,4629,656,0.87588
SI,CENTRO,2023-02-28,5297,4588,709,0.86615
SI,CENTRO,2023-03-01,4715,4136,579,0.8772
SI,CENTRO,2023-03-02,4974,4362,612,0.87696
SI,CENTRO,2023-03-03,4929,4299,630,0.87219
SI,CENTRO,2023-03-04,4925,4329,596,0.87898
SI,CENTRO,2023-03-05,4168,3672,496,0.881
SI,CENTRO,2023-03-06,4905,4130,775,0.842
SI,CENTRO,2023-03-07,4976,4333,643,0.87078
SI,CENTRO,2023-03-08,5200,4539,661,0.87288
SI,CENTRO,2023-03-09,5276,4603,673,0.87244
SI,CENTRO,2023-03-10,5153,4482,671,0.86978
SI,CENTRO,2023-03-11,5089,4552,537,0.89448
SI,CENTRO,2023-03-12,4295,3790,505,0.88242
SI,CENTRO,2023-03-13,5159,4589,570,0.88951
SI,CENTRO,2023-03-14,5238,4615,623,0.88106
SI,CENTRO,2023-03-15,4950,4409,541,0.89071
SI,CENTRO,2023-03-16,4697,4339,358,0.92378
SI,CENTRO,2023-03-17,5097,4692,405,0.92054
SI,CENTRO,2023-03-18,4973,4595,378,0.92399
SI,CENTRO,2023-03-19,4243,3922,321,0.92435
SI,CENTRO,2023-03-20,4546,4157,389,0.91443
SI,CENTRO,2023-03-21,5169,4898,271,0.94757
SI,CENTRO,2023-03-22,5320,5048,272,0.94887
SI,CENTRO,2023-03-23,5244,5000,244,0.95347
SI,CENTRO,2023-03-24,5080,4856,224,0.95591
SI,CENTRO,2023-03-25,4930,4762,168,0.96592
SI,CENTRO,2023-03-26,4211,4065,146,0.96533
SI,CENTRO,2023-03-27,4889,4651,238,0.95132
SI,CENTRO,2023-03-28,5357,5142,215,0.95987
SI,CENTRO,2023-03-29,5608,5374,234,0.95827
SI,CENTRO,2023-03-30,5293,5065,228,0.95692
SI,CENTRO,2023-03-31,5026,4826,200,0.96021
SI,CENTRO,2023-04-01,4735,4502,233,0.95079
SI,CENTRO,2023-04-02,4217,4051,166,0.96064
SI,CENTRO,2023-04-03,5160,4899,261,0.94942
SI,CENTRO,2023-04-04,3938,3599,339,0.91392
SI,CENTRO,2023-04-05,4406,4016,390,0.91148
SI,CENTRO,2023-04-06,4739,4425,314,0.93374
SI,CENTRO,2023-04-07,4146,3861,285,0.93126
SI,CENTRO,2023-04-08,3767,3441,326,0.91346
SI,CENTRO,2023-04-09,3633,3394,239,0.93421
SI,CENTRO,2023-04-10,4383,4073,310,0.92927
SI,CENTRO,2023-04-11,4731,4453,278,0.94124
SI,CENTRO,2023-04-12,4931,4591,340,0.93105
SI,CENTRO,2023-04-13,4782,4446,336,0.92974
SI,CENTRO,2023-04-14,4741,4457,284,0.9401
SI,CENTRO,2023-04-15,4278,4026,252,0.94109
SI,CENTRO,2023-04-16,3862,3613,249,0.93553
SI,CENTRO,2023-04-17,4601,4296,305,0.93371
SI,CENTRO,2023-04-18,4919,4544,375,0.92376
SI,CENTRO,2023-04-19,4757,4413,344,0.92769
SI,CENTRO,2023-04-20,4673,4391,282,0.93965
SI,CENTRO,2023-04-21,4499,4214,285,0.93665
SI,CENTRO,2023-04-22,4421,4155,266,0.93983
SI,CENTRO,2023-04-23,4106,3864,242,0.94106
SI,CENTRO,2023-04-24,4659,4372,287,0.9384
SI,CENTRO,2023-04-25,4556,4266,290,0.93635
SI,CENTRO,2023-04-26,4263,4010,253,0.94065
SI,CENTRO,2023-04-27,4366,4056,310,0.929
SI,CENTRO,2023-04-28,4073,3831,242,0.94058
SI,CENTRO,2023-04-29,3506,3312,194,0.94467
SI,CENTRO,2023-04-30,3306,3124,182,0.94495
SI,CENTRO,2023-05-01,2584,2426,158,0.93885
SI,CENTRO,2023-05-02,4174,3934,240,0.9425
SI,CENTRO,2023-05-03,4542,4238,304,0.93307
SI,CENTRO,2023-05-04,4653,4381,272,0.94154
SI,CENTRO,2023-05-05,4422,4162,260,0.9412
SI,CENTRO,2023-05-06,4439,4141,298,0.93287
SI,CENTRO,2023-05-07,3985,3817,168,0.95784
SI,CENTRO,2023-05-08,4492,4187,305,0.9321
SI,CENTRO,2023-05-09,4341,3973,368,0.91523
SI,CENTRO,2023-05-10,4378,4110,268,0.93878
SI,CENTRO,2023-05-11,4524,4194,330,0.92706
SI,CENTRO,2023-05-12,4547,4246,301,0.9338
SI,CENTRO,2023-05-13,4041,3782,259,0.93591
SI,CENTRO,2023-05-14,3579,3401,178,0.95027
SI,CENTRO,2023-05-15,5172,4913,259,0.94992
SI,CENTRO,2023-05-16,5276,4942,334,0.93669
SI,CENTRO,2023-05-17,5498,5138,360,0.93452
SI,CENTRO,2023-05-18,5385,5070,315,0.9415
SI,CENTRO,2023-05-19,5403,5049,354,0.93448
SI,CENTRO,2023-05-20,5062,4774,288,0.94311
SI,CENTRO,2023-05-21,4789,4532,257,0.94634
SI,CENTRO,2023-05-22,5220,4918,302,0.94215
SI,CENTRO,2023-05-23,5416,5120,296,0.94535
SI,CENTRO,2023-05-24,5416,5086,330,0.93907
SI,CENTRO,2023-05-25,5251,4865,386,0.92649
SI,CENTRO,2023-05-26,5072,4669,403,0.92054
SI,CENTRO,2023-05-27,5102,4818,284,0.94434
SI,CENTRO,2023-05-28,4634,4393,241,0.94799
SI,CENTRO,2023-05-29,5081,4750,331,0.93486
SI,CENTRO,2023-05-30,5159,4770,389,0.9246
SI,CENTRO,2023-05-31,5096,4714,382,0.92504
SI,CENTRO,2023-06-01,4740,4419,321,0.93228
SI,CENTRO,2023-06-02,4784,4468,316,0.93395
SI,CENTRO,2023-06-03,4913,4564,349,0.92896
SI,CENTRO,2023-06-04,4350,4114,236,0.94575
SI,CENTRO,2023-06-05,5066,4658,408,0.91946
SI,CENTRO,2023-06-06,5024,4586,438,0.91282
SI,CENTRO,2023-06-07,4980,4523,457,0.90823
SI,CENTRO,2023-06-08,5092,4516,576,0.88688
SI,CENTRO,2023-06-09,5132,4708,424,0.91738
SI,CENTRO,2023-06-10,5192,4781,411,0.92084
SI,CENTRO,2023-06-11,4500,4186,314,0.93022
SI,CENTRO,2023-06-12,4985,4580,405,0.91876
SI,CENTRO,2023-06-13,4812,4382,430,0.91064
SI,CENTRO,2023-06-14,5120,4734,386,0.92461
SI,CENTRO,2023-06-15,4806,4430,376,0.92176
SI,CENTRO,2023-06-16,4650,4246,404,0.91312
SI,CENTRO,2023-06-17,4724,4311,413,0.91257
SI,CENTRO,2023-06-18,4025,3674,351,0.9128
SI,CENTRO,2023-06-19,4783,4339,444,0.90717
SI,CENTRO,2023-06-20,5166,4645,521,0.89915
SI,CENTRO,2023-06-21,5230,4624,606,0.88413
SI,CENTRO,2023-06-22,5139,4595,544,0.89414
SI,CENTRO,2023-06-23,4616,4069,547,0.8815
SI,CENTRO,2023-06-24,4930,4218,712,0.85558
SI,CENTRO,2023-06-25,4320,3823,497,0.88495
SI,CENTRO,2023-06-26,4937,4227,710,0.85619
SI,CENTRO,2023-06-27,4820,4102,718,0.85104
SI,CENTRO,2023-06-28,4936,3738,1198,0.75729
SI,CENTRO,2023-06-29,5027,3692,1335,0.73443
SI,CENTRO,2023-06-30,2129,1326,803,0.62283
SI,CENTRO,2023-07-01,4175,2902,1273,0.69509
SI,CENTRO,2023-07-02,4071,2946,1125,0.72366
SI,CENTRO,2023-07-03,4728,3273,1455,0.69226
SI,CENTRO,2023-07-04,5196,3340,1856,0.6428
SI,CENTRO,2023-07-05,4990,3185,1805,0.63828
SI,CENTRO,2023-07-06,4844,2812,2032,0.58051
SI,CENTRO,2023-07-07,5366,2953,2413,0.55032
SI,CENTRO,2023-07-08,5323,2934,2389,0.55119
SI,CENTRO,2023-07-09,4816,2537,2279,0.52679
SI,CENTRO,2023-07-10,5330,2774,2556,0.52045
SI,CENTRO,2023-07-11,5430,2859,2571,0.52652
SI,CENTRO,2023-07-12,5623,3006,2617,0.53459
SI,CENTRO,2023-07-13,5592,3029,2563,0.54167
SI,CENTRO,2023-07-14,5130,2907,2223,0.56667
SI,CENTRO,2023-07-15,5278,2705,2573,0.5125
SI,CENTRO,2023-07-16,4597,2198,2399,0.47814
SI,CENTRO,2023-07-17,5324,2457,2867,0.4615
SI,CENTRO,2023-07-18,5576,2592,2984,0.46485
SI,CENTRO,2023-07-19,5173,2394,2779,0.46279
SI,CENTRO,2023-07-20,5602,2785,2817,0.49714
SI,CENTRO,2023-07-21,5142,2347,2795,0.45644
SI,CENTRO,2023-07-22,5056,2243,2813,0.44363
SI,CENTRO,2023-07-23,4575,2027,2548,0.44306
SI,CENTRO,2023-07-24,4867,2231,2636,0.45839
SI,CENTRO,2023-07-25,5016,1940,3076,0.38676
SI,CENTRO,2023-07-26,5492,2231,3261,0.40623
SI,CENTRO,2023-07-27,5380,2272,3108,0.4223
SI,NORESTE-FRONTERA,2023-01-01,265,183,82,0.69057
SI,NORESTE-FRONTERA,2023-01-02,1432,1029,403,0.71858
SI,NORESTE-FRONTERA,2023-01-03,1576,1187,389,0.75317
SI,NORESTE-FRONTERA,2023-01-04,1630,1204,426,0.73865
SI,NORESTE-FRONTERA,2023-01-05,1712,1224,488,0.71495
SI,NORESTE-FRONTERA,2023-01-06,1707,1274,433,0.74634
SI,NORESTE-FRONTERA,2023-01-07,1764,1326,438,0.7517
SI,NORESTE-FRONTERA,2023-01-08,1163,829,334,0.71281
SI,NORESTE-FRONTERA,2023-01-09,1856,1266,590,0.68211
SI,NORESTE-FRONTERA,2023-01-10,1875,1381,494,0.73653
SI,NORESTE-FRONTERA,2023-01-11,1840,1314,526,0.71413
SI,NORESTE-FRONTERA,2023-01-12,1779,1239,540,0.69646
SI,NORESTE-FRONTERA,2023-01-13,1759,1299,460,0.73849
SI,NORESTE-FRONTERA,2023-01-14,1793,1200,593,0.66927
SI,NORESTE-FRONTERA,2023-01-15,1123,785,338,0.69902
SI,NORESTE-FRONTERA,2023-01-16,1765,1267,498,0.71785
SI,NORESTE-FRONTERA,2023-01-17,1838,1269,569,0.69042
SI,NORESTE-FRONTERA,2023-01-18,1727,1340,387,0.77591
SI,NORESTE-FRONTERA,2023-01-19,1703,1260,443,0.73987
SI,NORESTE-FRONTERA,2023-01-20,1688,1230,458,0.72867
SI,NORESTE-FRONTERA,2023-01-21,1783,1220,563,0.68424
SI,NORESTE-FRONTERA,2023-01-22,1143,740,403,0.64742
SI,NORESTE-FRONTERA,2023-01-23,1729,1042,687,0.60266
SI,NORESTE-FRONTERA,2023-01-24,1919,1370,549,0.71391
SI,NORESTE-FRONTERA,2023-01-25,1810,1294,516,0.71492
SI,NORESTE-FRONTERA,2023-01-26,1753,1190,563,0.67884
SI,NORESTE-FRONTERA,2023-01-27,1829,1229,600,0.67195
SI,NORESTE-FRONTERA,2023-01-28,1788,1277,511,0.71421
SI,NORESTE-FRONTERA,2023-01-29,1244,846,398,0.68006
SI,NORESTE-FRONTERA,2023-01-30,1795,1256,539,0.69972
SI,NORESTE-FRONTERA,2023-01-31,1763,1274,489,0.72263
SI,NORESTE-FRONTERA,2023-02-01,1738,1222,516,0.70311
SI,NORESTE-FRONTERA,2023-02-02,1767,1183,584,0.6695
SI,NORESTE-FRONTERA,2023-02-03,1758,1228,530,0.69852
SI,NORESTE-FRONTERA,2023-02-04,1595,1108,487,0.69467
SI,NORESTE-FRONTERA,2023-02-05,1221,911,310,0.74611
SI,NORESTE-FRONTERA,2023-02-06,1345,958,387,0.71227
SI,NORESTE-FRONTERA,2023-02-07,1832,1215,617,0.66321
SI,NORESTE-FRONTERA,2023-02-08,1801,1225,576,0.68018
SI,NORESTE-FRONTERA,2023-02-09,1751,1266,485,0.72302
SI,NORESTE-FRONTERA,2023-02-10,1825,1251,574,0.68548
SI,NORESTE-FRONTERA,2023-02-11,1734,1130,604,0.65167
SI,NORESTE-FRONTERA,2023-02-12,1315,956,359,0.727
SI,NORESTE-FRONTERA,2023-02-13,1830,1299,531,0.70984
SI,NORESTE-FRONTERA,2023-02-14,1782,1143,639,0.64141
SI,NORESTE-FRONTERA,2023-02-15,1674,1141,533,0.6816
SI,NORESTE-FRONTERA,2023-02-16,1370,1027,343,0.74964
SI,NORESTE-FRONTERA,2023-02-17,1716,1233,483,0.71853
SI,NORESTE-FRONTERA,2023-02-18,1807,1280,527,0.70836
SI,NORESTE-FRONTERA,2023-02-19,1184,814,370,0.6875
SI,NORESTE-FRONTERA,2023-02-20,1740,1198,542,0.68851
SI,NORESTE-FRONTERA,2023-02-21,1755,1263,492,0.71966
SI,NORESTE-FRONTERA,2023-02-22,1607,1141,466,0.71002
SI,NORESTE-FRONTERA,2023-02-23,1487,1050,437,0.70612
SI,NORESTE-FRONTERA,2023-02-24,1698,1244,454,0.73263
SI,NORESTE-FRONTERA,2023-02-25,1723,1156,567,0.67092
SI,NORESTE-FRONTERA,2023-02-26,1244,786,458,0.63183
SI,NORESTE-FRONTERA,2023-02-27,1670,1215,455,0.72754
SI,NORESTE-FRONTERA,2023-02-28,1708,1143,565,0.6692
SI,NORESTE-FRONTERA,2023-03-01,1736,1182,554,0.68088
SI,NORESTE-FRONTERA,2023-03-02,1801,1290,511,0.71627
SI,NORESTE-FRONTERA,2023-03-03,1770,1273,497,0.71921
SI,NORESTE-FRONTERA,2023-03-04,1843,1345,498,0.72979
SI,NORESTE-FRONTERA,2023-03-05,1210,879,331,0.72645
SI,NORESTE-FRONTERA,2023-03-06,1874,1313,561,0.70064
SI,NORESTE-FRONTERA,2023-03-07,1837,1268,569,0.69026
SI,NORESTE-FRONTERA,2023-03-08,1926,1282,644,0.66563
SI,NORESTE-FRONTERA,2023-03-09,1829,1275,554,0.6971
SI,NORESTE-FRONTERA,2023-03-10,1796,1196,600,0.66592
SI,NORESTE-FRONTERA,2023-03-11,1901,1263,638,0.66439
SI,NORESTE-FRONTERA,2023-03-12,1330,832,498,0.62556
SI,NORESTE-FRONTERA,2023-03-13,1782,1218,564,0.6835
SI,NORESTE-FRONTERA,2023-03-14,1758,1084,674,0.61661
SI,NORESTE-FRONTERA,2023-03-15,1690,1400,290,0.8284
SI,NORESTE-FRONTERA,2023-03-16,1811,1506,305,0.83158
SI,NORESTE-FRONTERA,2023-03-17,1813,1459,354,0.80474
SI,NORESTE-FRONTERA,2023-03-18,1892,1533,359,0.81025
SI,NORESTE-FRONTERA,2023-03-19,1246,1009,237,0.80979
SI,NORESTE-FRONTERA,2023-03-20,1524,1252,272,0.82152
SI,NORESTE-FRONTERA,2023-03-21,1987,1776,211,0.89381
SI,NORESTE-FRONTERA,2023-03-22,2159,1983,176,0.91848
SI,NORESTE-FRONTERA,2023-03-23,2255,1996,259,0.88514
SI,NORESTE-FRONTERA,2023-03-24,2159,1887,272,0.87402
SI,NORESTE-FRONTERA,2023-03-25,2229,2005,224,0.89951
SI,NORESTE-FRONTERA,2023-03-26,1409,1215,194,0.86231
SI,NORESTE-FRONTERA,2023-03-27,2063,1807,256,0.87591
SI,NORESTE-FRONTERA,2023-03-28,1947,1731,216,0.88906
SI,NORESTE-FRONTERA,2023-03-29,2042,1824,218,0.89324
SI,NORESTE-FRONTERA,2023-03-30,1934,1680,254,0.86867
SI,NORESTE-FRONTERA,2023-03-31,1886,1634,252,0.86638
SI,NORESTE-FRONTERA,2023-04-01,1795,1619,176,0.90195
SI,NORESTE-FRONTERA,2023-04-02,1259,1082,177,0.85941
SI,NORESTE-FRONTERA,2023-04-03,2168,1954,214,0.90129
SI,NORESTE-FRONTERA,2023-04-04,1641,1401,240,0.85375
SI,NORESTE-FRONTERA,2023-04-05,1723,1394,329,0.80905
SI,NORESTE-FRONTERA,2023-04-06,1813,1451,362,0.80033
SI,NORESTE-FRONTERA,2023-04-07,1655,1257,398,0.75952
SI,NORESTE-FRONTERA,2023-04-08,1589,1207,382,0.7596
SI,NORESTE-FRONTERA,2023-04-09,1144,913,231,0.79808
SI,NORESTE-FRONTERA,2023-04-10,1583,1314,269,0.83007
SI,NORESTE-FRONTERA,2023-04-11,1764,1414,350,0.80159
SI,NORESTE-FRONTERA,2023-04-12,1798,1294,504,0.71969
SI,NORESTE-FRONTERA,2023-04-13,1877,1477,400,0.78689
SI,NORESTE-FRONTERA,2023-04-14,1725,1368,357,0.79304
SI,NORESTE-FRONTERA,2023-04-15,1757,1393,364,0.79283
SI,NORESTE-FRONTERA,2023-04-16,1220,977,243,0.80082
SI,NORESTE-FRONTERA,2023-04-17,1862,1502,360,0.80666
SI,NORESTE-FRONTERA,2023-04-18,1907,1521,386,0.79759
SI,NORESTE-FRONTERA,2023-04-19,1947,1595,352,0.81921
SI,NORESTE-FRONTERA,2023-04-20,1906,1372,534,0.71983
SI,NORESTE-FRONTERA,2023-04-21,1819,1402,417,0.77075
SI,NORESTE-FRONTERA,2023-04-22,1964,1455,509,0.74084
SI,NORESTE-FRONTERA,2023-04-23,1396,1091,305,0.78152
SI,NORESTE-FRONTERA,2023-04-24,1910,1478,432,0.77382
SI,NORESTE-FRONTERA,2023-04-25,1880,1428,452,0.75957
SI,NORESTE-FRONTERA,2023-04-26,1696,1315,381,0.77535
SI,NORESTE-FRONTERA,2023-04-27,1884,1418,466,0.75265
SI,NORESTE-FRONTERA,2023-04-28,1662,1327,335,0.79844
SI,NORESTE-FRONTERA,2023-04-29,1469,1223,246,0.83254
SI,NORESTE-FRONTERA,2023-04-30,1209,989,220,0.81803
SI,NORESTE-FRONTERA,2023-05-01,1022,796,226,0.77886
SI,NORESTE-FRONTERA,2023-05-02,1858,1234,624,0.66416
SI,NORESTE-FRONTERA,2023-05-03,1818,1293,525,0.71122
SI,NORESTE-FRONTERA,2023-05-04,1816,1306,510,0.71916
SI,NORESTE-FRONTERA,2023-05-05,1927,1377,550,0.71458
SI,NORESTE-FRONTERA,2023-05-06,1749,1326,423,0.75815
SI,NORESTE-FRONTERA,2023-05-07,1554,1200,354,0.7722
SI,NORESTE-FRONTERA,2023-05-08,1943,1443,500,0.74267
SI,NORESTE-FRONTERA,2023-05-09,1844,1522,322,0.82538
SI,NORESTE-FRONTERA,2023-05-10,1742,1421,321,0.81573
SI,NORESTE-FRONTERA,2023-05-11,1806,1410,396,0.78073
SI,NORESTE-FRONTERA,2023-05-12,1797,1338,459,0.74457
SI,NORESTE-FRONTERA,2023-05-13,1614,1128,486,0.69888
SI,NORESTE-FRONTERA,2023-05-14,1427,1159,268,0.81219
SI,NORESTE-FRONTERA,2023-05-15,1944,1437,507,0.7392
SI,NORESTE-FRONTERA,2023-05-16,2012,1355,657,0.67346
SI,NORESTE-FRONTERA,2023-05-17,1875,1339,536,0.71413
SI,NORESTE-FRONTERA,2023-05-18,1883,1277,606,0.67817
SI,NORESTE-FRONTERA,2023-05-19,1882,1444,438,0.76727
SI,NORESTE-FRONTERA,2023-05-20,1736,1234,502,0.71083
SI,NORESTE-FRONTERA,2023-05-21,1696,1291,405,0.7612
SI,NORESTE-FRONTERA,2023-05-22,1992,1497,495,0.75151
SI,NORESTE-FRONTERA,2023-05-23,2028,1463,565,0.7214
SI,NORESTE-FRONTERA,2023-05-24,1959,1558,401,0.7953
SI,NORESTE-FRONTERA,2023-05-25,2026,1534,492,0.75716
SI,NORESTE-FRONTERA,2023-05-26,1866,1494,372,0.80064
SI,NORESTE-FRONTERA,2023-05-27,1749,1352,397,0.77301
SI,NORESTE-FRONTERA,2023-05-28,1505,1152,353,0.76545
SI,NORESTE-FRONTERA,2023-05-29,1650,1229,421,0.74485
SI,NORESTE-FRONTERA,2023-05-30,1821,1473,348,0.8089
SI,NORESTE-FRONTERA,2023-05-31,1763,1299,464,0.73681
SI,NORESTE-FRONTERA,2023-06-01,1726,1298,428,0.75203
SI,NORESTE-FRONTERA,2023-06-02,1904,1455,449,0.76418
SI,NORESTE-FRONTERA,2023-06-03,1939,1412,527,0.72821
SI,NORESTE-FRONTERA,2023-06-04,1525,1067,458,0.69967
SI,NORESTE-FRONTERA,2023-06-05,1890,1342,548,0.71005
SI,NORESTE-FRONTERA,2023-06-06,1953,1342,611,0.68715
SI,NORESTE-FRONTERA,2023-06-07,1977,1360,617,0.68791
SI,NORESTE-FRONTERA,2023-06-08,2012,1402,610,0.69682
SI,NORESTE-FRONTERA,2023-06-09,1992,1450,542,0.72791
SI,NORESTE-FRONTERA,2023-06-10,1991,1470,521,0.73832
SI,NORESTE-FRONTERA,2023-06-11,1521,1125,396,0.73964
SI,NORESTE-FRONTERA,2023-06-12,1862,1396,466,0.74973
SI,NORESTE-FRONTERA,2023-06-13,1951,1478,473,0.75756
SI,NORESTE-FRONTERA,2023-06-14,1884,1402,482,0.74416
SI,NORESTE-FRONTERA,2023-06-15,1679,1304,375,0.77665
SI,NORESTE-FRONTERA,2023-06-16,1681,1270,411,0.7555
SI,NORESTE-FRONTERA,2023-06-17,1784,1306,478,0.73206
SI,NORESTE-FRONTERA,2023-06-18,1221,909,312,0.74447
SI,NORESTE-FRONTERA,2023-06-19,1712,1311,401,0.76577
SI,NORESTE-FRONTERA,2023-06-20,1859,1336,523,0.71867
SI,NORESTE-FRONTERA,2023-06-21,1835,1279,556,0.697
SI,NORESTE-FRONTERA,2023-06-22,1979,1398,581,0.70642
SI,NORESTE-FRONTERA,2023-06-23,1771,1284,487,0.72501
SI,NORESTE-FRONTERA,2023-06-24,1756,1177,579,0.67027
SI,NORESTE-FRONTERA,2023-06-25,1636,1177,459,0.71944
SI,NORESTE-FRONTERA,2023-06-26,1957,1351,606,0.69034
SI,NORESTE-FRONTERA,2023-06-27,1837,1286,551,0.70005
SI,NORESTE-FRONTERA,2023-06-28,1800,683,1117,0.37944
SI,NORESTE-FRONTERA,2023-06-29,1701,582,1119,0.34215
SI,NORESTE-FRONTERA,2023-06-30,563,165,398,0.29307
SI,NORESTE-FRONTERA,2023-07-01,1497,483,1014,0.32265
SI,NORESTE-FRONTERA,2023-07-02,1308,533,775,0.40749
SI,NORESTE-FRONTERA,2023-07-03,1713,894,819,0.52189
SI,NORESTE-FRONTERA,2023-07-04,1825,976,849,0.53479
SI,NORESTE-FRONTERA,2023-07-05,1877,1069,808,0.56953
SI,NORESTE-FRONTERA,2023-07-06,1809,1002,807,0.5539
SI,NORESTE-FRONTERA,2023-07-07,1966,1050,916,0.53408
SI,NORESTE-FRONTERA,2023-07-08,1912,949,963,0.49634
SI,NORESTE-FRONTERA,2023-07-09,1603,829,774,0.51716
SI,NORESTE-FRONTERA,2023-07-10,1843,851,992,0.46175
SI,NORESTE-FRONTERA,2023-07-11,1905,962,943,0.50499
SI,NORESTE-FRONTERA,2023-07-12,1933,948,985,0.49043
SI,NORESTE-FRONTERA,2023-07-13,2030,925,1105,0.45567
SI,NORESTE-FRONTERA,2023-07-14,1841,867,974,0.47094
SI,NORESTE-FRONTERA,2023-07-15,1958,833,1125,0.42543
SI,NORESTE-FRONTERA,2023-07-16,1402,572,830,0.40799
SI,NORESTE-FRONTERA,2023-07-17,1895,771,1124,0.40686
SI,NORESTE-FRONTERA,2023-07-18,2018,797,1221,0.39495
SI,NORESTE-FRONTERA,2023-07-19,1996,770,1226,0.38577
SI,NORESTE-FRONTERA,2023-07-20,2057,788,1269,0.38308
SI,NORESTE-FRONTERA,2023-07-21,1943,754,1189,0.38806
SI,NORESTE-FRONTERA,2023-07-22,1838,696,1142,0.37867
SI,NORESTE-FRONTERA,2023-07-23,1421,518,903,0.36453
SI,NORESTE-FRONTERA,2023-07-24,1915,724,1191,0.37807
SI,NORESTE-FRONTERA,2023-07-25,2048,757,1291,0.36963
SI,NORESTE-FRONTERA,2023-07-26,2113,738,1375,0.34927
SI,NORESTE-FRONTERA,2023-07-27,2171,749,1422,0.345
SI,NORTE-PACIFICO,2023-01-01,288,185,103,0.64236
SI,NORTE-PACIFICO,2023-01-02,1619,1229,390,0.75911
SI,NORTE-PACIFICO,2023-01-03,1776,1282,494,0.72185
SI,NORTE-PACIFICO,2023-01-04,1846,1301,545,0.70477
SI,NORTE-PACIFICO,2023-01-05,1738,1109,629,0.63809
SI,NORTE-PACIFICO,2023-01-06,1802,1195,607,0.66315
SI,NORTE-PACIFICO,2023-01-07,1839,1238,601,0.67319
SI,NORTE-PACIFICO,2023-01-08,1461,944,517,0.64613
SI,NORTE-PACIFICO,2023-01-09,1844,1215,629,0.65889
SI,NORTE-PACIFICO,2023-01-10,2059,1276,783,0.61972
SI,NORTE-PACIFICO,2023-01-11,1958,1177,781,0.60112
SI,NORTE-PACIFICO,2023-01-12,1973,1180,793,0.59807
SI,NORTE-PACIFICO,2023-01-13,1906,1135,771,0.59549
SI,NORTE-PACIFICO,2023-01-14,1676,1060,616,0.63246
SI,NORTE-PACIFICO,2023-01-15,1315,821,494,0.62433
SI,NORTE-PACIFICO,2023-01-16,1740,1142,598,0.65632
SI,NORTE-PACIFICO,2023-01-17,1827,1241,586,0.67926
SI,NORTE-PACIFICO,2023-01-18,1700,1127,573,0.66294
SI,NORTE-PACIFICO,2023-01-19,1819,1160,659,0.63771
SI,NORTE-PACIFICO,2023-01-20,1844,1166,678,0.63232
SI,NORTE-PACIFICO,2023-01-21,1818,1105,713,0.60781
SI,NORTE-PACIFICO,2023-01-22,1460,935,525,0.64041
SI,NORTE-PACIFICO,2023-01-23,1965,1179,786,0.6
SI,NORTE-PACIFICO,2023-01-24,1959,1174,785,0.59929
SI,NORTE-PACIFICO,2023-01-25,1973,1247,726,0.63203
SI,NORTE-PACIFICO,2023-01-26,1931,1198,733,0.6204
SI,NORTE-PACIFICO,2023-01-27,1905,1238,667,0.64987
SI,NORTE-PACIFICO,2023-01-28,1882,1212,670,0.644
SI,NORTE-PACIFICO,2023-01-29,1451,897,554,0.61819
SI,NORTE-PACIFICO,2023-01-30,1871,1223,648,0.65366
SI,NORTE-PACIFICO,2023-01-31,1812,1217,595,0.67163
SI,NORTE-PACIFICO,2023-02-01,1785,1195,590,0.66947
SI,NORTE-PACIFICO,2023-02-02,1812,1153,659,0.63631
SI,NORTE-PACIFICO,2023-02-03,1768,1194,574,0.67534
SI,NORTE-PACIFICO,2023-02-04,1822,1113,709,0.61087
SI,NORTE-PACIFICO,2023-02-05,1308,756,552,0.57798
SI,NORTE-PACIFICO,2023-02-06,1624,1023,601,0.62993
SI,NORTE-PACIFICO,2023-02-07,1823,1152,671,0.63193
SI,NORTE-PACIFICO,2023-02-08,1788,1045,743,0.58445
SI,NORTE-PACIFICO,2023-02-09,1811,1042,769,0.57537
SI,NORTE-PACIFICO,2023-02-10,1888,1102,786,0.58369
SI,NORTE-PACIFICO,2023-02-11,1795,1106,689,0.61616
SI,NORTE-PACIFICO,2023-02-12,1377,785,592,0.57008
SI,NORTE-PACIFICO,2023-02-13,1841,1105,736,0.60022
SI,NORTE-PACIFICO,2023-02-14,1828,1103,725,0.60339
SI,NORTE-PACIFICO,2023-02-15,1838,1121,717,0.6099
SI,NORTE-PACIFICO,2023-02-16,1889,1178,711,0.62361
SI,NORTE-PACIFICO,2023-02-17,1844,1125,719,0.61009
SI,NORTE-PACIFICO,2023-02-18,1858,1126,732,0.60603
SI,NORTE-PACIFICO,2023-02-19,1328,787,541,0.59262
SI,NORTE-PACIFICO,2023-02-20,1913,1228,685,0.64192
SI,NORTE-PACIFICO,2023-02-21,1800,1141,659,0.63389
SI,NORTE-PACIFICO,2023-02-22,1841,1175,666,0.63824
SI,NORTE-PACIFICO,2023-02-23,1858,1163,695,0.62594
SI,NORTE-PACIFICO,2023-02-24,1797,1123,674,0.62493
SI,NORTE-PACIFICO,2023-02-25,1826,1108,718,0.60679
SI,NORTE-PACIFICO,2023-02-26,1304,779,525,0.59739
SI,NORTE-PACIFICO,2023-02-27,1821,1099,722,0.60351
SI,NORTE-PACIFICO,2023-02-28,1709,1049,660,0.61381
SI,NORTE-PACIFICO,2023-03-01,1613,1081,532,0.67018
SI,NORTE-PACIFICO,2023-03-02,1740,987,753,0.56724
SI,NORTE-PACIFICO,2023-03-03,1740,1044,696,0.6
SI,NORTE-PACIFICO,2023-03-04,1830,1054,776,0.57596
SI,NORTE-PACIFICO,2023-03-05,1418,763,655,0.53808
SI,NORTE-PACIFICO,2023-03-06,1926,1017,909,0.52804
SI,NORTE-PACIFICO,2023-03-07,2024,1121,903,0.55385
SI,NORTE-PACIFICO,2023-03-08,1931,1158,773,0.59969
SI,NORTE-PACIFICO,2023-03-09,1928,1052,876,0.54564
SI,NORTE-PACIFICO,2023-03-10,1854,984,870,0.53074
SI,NORTE-PACIFICO,2023-03-11,1780,961,819,0.53989
SI,NORTE-PACIFICO,2023-03-12,1423,763,660,0.53619
SI,NORTE-PACIFICO,2023-03-13,1958,1065,893,0.54392
SI,NORTE-PACIFICO,2023-03-14,1941,1126,815,0.58011
SI,NORTE-PACIFICO,2023-03-15,1939,1196,743,0.61681
SI,NORTE-PACIFICO,2023-03-16,1900,1308,592,0.68842
SI,NORTE-PACIFICO,2023-03-17,1813,1271,542,0.70105
SI,NORTE-PACIFICO,2023-03-18,1871,1385,486,0.74025
SI,NORTE-PACIFICO,2023-03-19,1542,1157,385,0.75032
SI,NORTE-PACIFICO,2023-03-20,1452,1075,377,0.74036
SI,NORTE-PACIFICO,2023-03-21,1919,1531,388,0.79781
SI,NORTE-PACIFICO,2023-03-22,1956,1719,237,0.87883
SI,NORTE-PACIFICO,2023-03-23,1926,1734,192,0.90031
SI,NORTE-PACIFICO,2023-03-24,1891,1723,168,0.91116
SI,NORTE-PACIFICO,2023-03-25,1869,1642,227,0.87854
SI,NORTE-PACIFICO,2023-03-26,1458,1321,137,0.90604
SI,NORTE-PACIFICO,2023-03-27,1853,1597,256,0.86185
SI,NORTE-PACIFICO,2023-03-28,1917,1705,212,0.88941
SI,NORTE-PACIFICO,2023-03-29,1880,1694,186,0.90106
SI,NORTE-PACIFICO,2023-03-30,1799,1593,206,0.88549
SI,NORTE-PACIFICO,2023-03-31,1631,1447,184,0.88719
SI,NORTE-PACIFICO,2023-04-01,1639,1482,157,0.90421
SI,NORTE-PACIFICO,2023-04-02,1372,1217,155,0.88703
SI,NORTE-PACIFICO,2023-04-03,1847,1615,232,0.87439
SI,NORTE-PACIFICO,2023-04-04,1917,1673,244,0.87272
SI,NORTE-PACIFICO,2023-04-05,1938,1707,231,0.8808
SI,NORTE-PACIFICO,2023-04-06,1905,1712,193,0.89869
SI,NORTE-PACIFICO,2023-04-07,1757,1562,195,0.88902
SI,NORTE-PACIFICO,2023-04-08,1544,1376,168,0.89119
SI,NORTE-PACIFICO,2023-04-09,1229,1071,158,0.87144
SI,NORTE-PACIFICO,2023-04-10,1752,1598,154,0.9121
SI,NORTE-PACIFICO,2023-04-11,1914,1722,192,0.89969
SI,NORTE-PACIFICO,2023-04-12,1911,1724,187,0.90215
SI,NORTE-PACIFICO,2023-04-13,1908,1725,183,0.90409
SI,NORTE-PACIFICO,2023-04-14,1833,1659,174,0.90507
SI,NORTE-PACIFICO,2023-04-15,1666,1520,146,0.91236
SI,NORTE-PACIFICO,2023-04-16,1408,1294,114,0.91903
SI,NORTE-PACIFICO,2023-04-17,1731,1553,178,0.89717
SI,NORTE-PACIFICO,2023-04-18,1774,1575,199,0.88782
SI,NORTE-PACIFICO,2023-04-19,1938,1752,186,0.90402
SI,NORTE-PACIFICO,2023-04-20,1777,1562,215,0.87901
SI,NORTE-PACIFICO,2023-04-21,1706,1503,203,0.88101
SI,NORTE-PACIFICO,2023-04-22,1624,1458,166,0.89778
SI,NORTE-PACIFICO,2023-04-23,1405,1258,147,0.89537
SI,NORTE-PACIFICO,2023-04-24,1731,1557,174,0.89948
SI,NORTE-PACIFICO,2023-04-25,1719,1544,175,0.8982
SI,NORTE-PACIFICO,2023-04-26,1734,1560,174,0.89965
SI,NORTE-PACIFICO,2023-04-27,1676,1490,186,0.88902
SI,NORTE-PACIFICO,2023-04-28,1667,1459,208,0.87522
SI,NORTE-PACIFICO,2023-04-29,1510,1361,149,0.90132
SI,NORTE-PACIFICO,2023-04-30,1236,1122,114,0.90777
SI,NORTE-PACIFICO,2023-05-01,938,847,91,0.90299
SI,NORTE-PACIFICO,2023-05-02,1719,1540,179,0.89587
SI,NORTE-PACIFICO,2023-05-03,1640,1435,205,0.875
SI,NORTE-PACIFICO,2023-05-04,1715,1531,184,0.89271
SI,NORTE-PACIFICO,2023-05-05,1805,1625,180,0.90028
SI,NORTE-PACIFICO,2023-05-06,1732,1555,177,0.89781
SI,NORTE-PACIFICO,2023-05-07,1467,1316,151,0.89707
SI,NORTE-PACIFICO,2023-05-08,1824,1651,173,0.90515
SI,NORTE-PACIFICO,2023-05-09,1857,1627,230,0.87614
SI,NORTE-PACIFICO,2023-05-10,1771,1585,186,0.89497
SI,NORTE-PACIFICO,2023-05-11,1866,1676,190,0.89818
SI,NORTE-PACIFICO,2023-05-12,1770,1566,204,0.88475
SI,NORTE-PACIFICO,2023-05-13,1600,1450,150,0.90625
SI,NORTE-PACIFICO,2023-05-14,1431,1276,155,0.89168
SI,NORTE-PACIFICO,2023-05-15,1795,1623,172,0.90418
SI,NORTE-PACIFICO,2023-05-16,1761,1578,183,0.89608
SI,NORTE-PACIFICO,2023-05-17,1859,1666,193,0.89618
SI,NORTE-PACIFICO,2023-05-18,1917,1726,191,0.90037
SI,NORTE-PACIFICO,2023-05-19,1877,1684,193,0.89718
SI,NORTE-PACIFICO,2023-05-20,1805,1607,198,0.8903
SI,NORTE-PACIFICO,2023-05-21,1436,1294,142,0.90111
SI,NORTE-PACIFICO,2023-05-22,1907,1684,223,0.88306
SI,NORTE-PACIFICO,2023-05-23,1911,1709,202,0.8943
SI,NORTE-PACIFICO,2023-05-24,1929,1671,258,0.86625
SI,NORTE-PACIFICO,2023-05-25,1889,1614,275,0.85442
SI,NORTE-PACIFICO,2023-05-26,1800,1540,260,0.85556
SI,NORTE-PACIFICO,2023-05-27,1774,1510,264,0.85118
SI,NORTE-PACIFICO,2023-05-28,1467,1269,198,0.86503
SI,NORTE-PACIFICO,2023-05-29,1813,1543,270,0.85108
SI,NORTE-PACIFICO,2023-05-30,1827,1545,282,0.84565
SI,NORTE-PACIFICO,2023-05-31,1774,1518,256,0.85569
SI,NORTE-PACIFICO,2023-06-01,1661,1443,218,0.86875
SI,NORTE-PACIFICO,2023-06-02,1677,1423,254,0.84854
SI,NORTE-PACIFICO,2023-06-03,1659,1395,264,0.84087
SI,NORTE-PACIFICO,2023-06-04,1388,1194,194,0.86023
SI,NORTE-PACIFICO,2023-06-05,1741,1504,237,0.86387
SI,NORTE-PACIFICO,2023-06-06,1722,1453,269,0.84379
SI,NORTE-PACIFICO,2023-06-07,1755,1551,204,0.88376
SI,NORTE-PACIFICO,2023-06-08,1744,1496,248,0.8578
SI,NORTE-PACIFICO,2023-06-09,1622,1372,250,0.84587
SI,NORTE-PACIFICO,2023-06-10,1590,1371,219,0.86226
SI,NORTE-PACIFICO,2023-06-11,1343,1155,188,0.86001
SI,NORTE-PACIFICO,2023-06-12,1766,1529,237,0.8658
SI,NORTE-PACIFICO,2023-06-13,1686,1474,212,0.87426
SI,NORTE-PACIFICO,2023-06-14,1860,1598,262,0.85914
SI,NORTE-PACIFICO,2023-06-15,1496,1259,237,0.84158
SI,NORTE-PACIFICO,2023-06-16,1488,1318,170,0.88575
SI,NORTE-PACIFICO,2023-06-17,1448,1243,205,0.85843
SI,NORTE-PACIFICO,2023-06-18,1103,977,126,0.88577
SI,NORTE-PACIFICO,2023-06-19,1478,1234,244,0.83491
SI,NORTE-PACIFICO,2023-06-20,1669,1386,283,0.83044
SI,NORTE-PACIFICO,2023-06-21,1661,1394,267,0.83925
SI,NORTE-PACIFICO,2023-06-22,1806,1541,265,0.85327
SI,NORTE-PACIFICO,2023-06-23,1607,1300,307,0.80896
SI,NORTE-PACIFICO,2023-06-24,1648,1336,312,0.81068
SI,NORTE-PACIFICO,2023-06-25,1366,1138,228,0.83309
SI,NORTE-PACIFICO,2023-06-26,1700,1394,306,0.82
SI,NORTE-PACIFICO,2023-06-27,1721,1423,298,0.82684
SI,NORTE-PACIFICO,2023-06-28,1624,1220,404,0.75123
SI,NORTE-PACIFICO,2023-06-29,1606,1199,407,0.74658
SI,NORTE-PACIFICO,2023-06-30,590,259,331,0.43898
SI,NORTE-PACIFICO,2023-07-01,1324,887,437,0.66994
SI,NORTE-PACIFICO,2023-07-02,1174,783,391,0.66695
SI,NORTE-PACIFICO,2023-07-03,1381,888,493,0.64301
SI,NORTE-PACIFICO,2023-07-04,1483,891,592,0.60081
SI,NORTE-PACIFICO,2023-07-05,1635,994,641,0.60795
SI,NORTE-PACIFICO,2023-07-06,1754,899,855,0.51254
SI,NORTE-PACIFICO,2023-07-07,569,285,284,0.50088
SI,NORTE-PACIFICO,2023-07-07,1708,906,802,0.53044
SI,NORTE-PACIFICO,2023-07-08,530,257,273,0.48491
SI,NORTE-PACIFICO,2023-07-08,1497,744,753,0.49699
SI,NORTE-PACIFICO,2023-07-09,508,231,277,0.45472
SI,NORTE-PACIFICO,2023-07-09,1338,696,642,0.52018
SI,NORTE-PACIFICO,2023-07-10,1581,793,788,0.50158
SI,NORTE-PACIFICO,2023-07-11,1715,878,837,0.51195
SI,NORTE-PACIFICO,2023-07-12,1683,876,807,0.5205
SI,NORTE-PACIFICO,2023-07-13,1689,885,804,0.52398
SI,NORTE-PACIFICO,2023-07-14,1499,750,749,0.50033
SI,NORTE-PACIFICO,2023-07-15,1491,651,840,0.43662
SI,NORTE-PACIFICO,2023-07-16,1377,617,760,0.44808
SI,NORTE-PACIFICO,2023-07-17,1719,730,989,0.42467
SI,NORTE-PACIFICO,2023-07-18,1728,726,1002,0.42014
SI,NORTE-PACIFICO,2023-07-19,1766,701,1065,0.39694
SI,NORTE-PACIFICO,2023-07-20,1577,707,870,0.44832
SI,NORTE-PACIFICO,2023-07-21,1631,677,954,0.41508
SI,NORTE-PACIFICO,2023-07-22,1653,601,1052,0.36358
SI,NORTE-PACIFICO,2023-07-23,1487,578,909,0.3887
SI,NORTE-PACIFICO,2023-07-24,1645,670,975,0.40729
SI,NORTE-PACIFICO,2023-07-25,1717,643,1074,0.37449
SI,NORTE-PACIFICO,2023-07-26,1688,649,1039,0.38448
SI,NORTE-PACIFICO,2023-07-27,1605,580,1025,0.36137
SI,OCCIDENTE-BAJIO,2023-01-01,912,823,89,0.90241
SI,OCCIDENTE-BAJIO,2023-01-02,3001,2649,352,0.88271
SI,OCCIDENTE-BAJIO,2023-01-03,3232,2881,351,0.8914
SI,OCCIDENTE-BAJIO,2023-01-04,3260,2858,402,0.87669
SI,OCCIDENTE-BAJIO,2023-01-05,3269,2873,396,0.87886
SI,OCCIDENTE-BAJIO,2023-01-06,3020,2668,352,0.88344
SI,OCCIDENTE-BAJIO,2023-01-07,3223,2855,368,0.88582
SI,OCCIDENTE-BAJIO,2023-01-08,1987,1771,216,0.89129
SI,OCCIDENTE-BAJIO,2023-01-09,3023,2685,338,0.88819
SI,OCCIDENTE-BAJIO,2023-01-10,3133,2788,345,0.88988
SI,OCCIDENTE-BAJIO,2023-01-11,3082,2691,391,0.87313
SI,OCCIDENTE-BAJIO,2023-01-12,3039,2656,383,0.87397
SI,OCCIDENTE-BAJIO,2023-01-13,2980,2622,358,0.87987
SI,OCCIDENTE-BAJIO,2023-01-14,3046,2706,340,0.88838
SI,OCCIDENTE-BAJIO,2023-01-15,1981,1808,173,0.91267
SI,OCCIDENTE-BAJIO,2023-01-16,2970,2634,336,0.88687
SI,OCCIDENTE-BAJIO,2023-01-17,3090,2764,326,0.8945
SI,OCCIDENTE-BAJIO,2023-01-18,2939,2680,259,0.91187
SI,OCCIDENTE-BAJIO,2023-01-19,2943,2633,310,0.89467
SI,OCCIDENTE-BAJIO,2023-01-20,2852,2606,246,0.91374
SI,OCCIDENTE-BAJIO,2023-01-21,3007,2739,268,0.91087
SI,OCCIDENTE-BAJIO,2023-01-22,1952,1793,159,0.91855
SI,OCCIDENTE-BAJIO,2023-01-23,2967,2645,322,0.89147
SI,OCCIDENTE-BAJIO,2023-01-24,2959,2638,321,0.89152
SI,OCCIDENTE-BAJIO,2023-01-25,3118,2832,286,0.90827
SI,OCCIDENTE-BAJIO,2023-01-26,3164,2870,294,0.90708
SI,OCCIDENTE-BAJIO,2023-01-27,3170,2891,279,0.91199
SI,OCCIDENTE-BAJIO,2023-01-28,3213,2921,292,0.90912
SI,OCCIDENTE-BAJIO,2023-01-29,2075,1892,183,0.91181
SI,OCCIDENTE-BAJIO,2023-01-30,3214,2914,300,0.90666
SI,OCCIDENTE-BAJIO,2023-01-31,3173,2863,310,0.9023
SI,OCCIDENTE-BAJIO,2023-02-01,3055,2736,319,0.89558
SI,OCCIDENTE-BAJIO,2023-02-02,2968,2611,357,0.87972
SI,OCCIDENTE-BAJIO,2023-02-03,2848,2523,325,0.88588
SI,OCCIDENTE-BAJIO,2023-02-04,3036,2728,308,0.89855
SI,OCCIDENTE-BAJIO,2023-02-05,2039,1839,200,0.90191
SI,OCCIDENTE-BAJIO,2023-02-06,2821,2549,272,0.90358
SI,OCCIDENTE-BAJIO,2023-02-07,3034,2749,285,0.90606
SI,OCCIDENTE-BAJIO,2023-02-08,3071,2789,282,0.90817
SI,OCCIDENTE-BAJIO,2023-02-09,3120,2796,324,0.89615
SI,OCCIDENTE-BAJIO,2023-02-10,3185,2839,346,0.89137
SI,OCCIDENTE-BAJIO,2023-02-11,3174,2856,318,0.89981
SI,OCCIDENTE-BAJIO,2023-02-12,1969,1795,174,0.91163
SI,OCCIDENTE-BAJIO,2023-02-13,2951,2607,344,0.88343
SI,OCCIDENTE-BAJIO,2023-02-14,2869,2575,294,0.89753
SI,OCCIDENTE-BAJIO,2023-02-15,2750,2433,317,0.88473
SI,OCCIDENTE-BAJIO,2023-02-16,2868,2638,230,0.9198
SI,OCCIDENTE-BAJIO,2023-02-17,2750,2482,268,0.90255
SI,OCCIDENTE-BAJIO,2023-02-18,2912,2634,278,0.90453
SI,OCCIDENTE-BAJIO,2023-02-19,1890,1721,169,0.91058
SI,OCCIDENTE-BAJIO,2023-02-20,2638,2376,262,0.90068
SI,OCCIDENTE-BAJIO,2023-02-21,2961,2667,294,0.90071
SI,OCCIDENTE-BAJIO,2023-02-22,2935,2687,248,0.9155
SI,OCCIDENTE-BAJIO,2023-02-23,2871,2626,245,0.91466
SI,OCCIDENTE-BAJIO,2023-02-24,2915,2640,275,0.90566
SI,OCCIDENTE-BAJIO,2023-02-25,2984,2715,269,0.90985
SI,OCCIDENTE-BAJIO,2023-02-26,1793,1626,167,0.90686
SI,OCCIDENTE-BAJIO,2023-02-27,2959,2711,248,0.91619
SI,OCCIDENTE-BAJIO,2023-02-28,3018,2739,279,0.90755
SI,OCCIDENTE-BAJIO,2023-03-01,2828,2567,261,0.90771
SI,OCCIDENTE-BAJIO,2023-03-02,2933,2546,387,0.86805
SI,OCCIDENTE-BAJIO,2023-03-03,2775,2452,323,0.8836
SI,OCCIDENTE-BAJIO,2023-03-04,3249,2850,399,0.87719
SI,OCCIDENTE-BAJIO,2023-03-05,1975,1776,199,0.89924
SI,OCCIDENTE-BAJIO,2023-03-06,2726,2324,402,0.85253
SI,OCCIDENTE-BAJIO,2023-03-07,2894,2510,384,0.86731
SI,OCCIDENTE-BAJIO,2023-03-08,2923,2490,433,0.85186
SI,OCCIDENTE-BAJIO,2023-03-09,2929,2493,436,0.85114
SI,OCCIDENTE-BAJIO,2023-03-10,2950,2541,409,0.86136
SI,OCCIDENTE-BAJIO,2023-03-11,3227,2736,491,0.84785
SI,OCCIDENTE-BAJIO,2023-03-12,1936,1655,281,0.85486
SI,OCCIDENTE-BAJIO,2023-03-13,2807,2348,459,0.83648
SI,OCCIDENTE-BAJIO,2023-03-14,2747,2404,343,0.87514
SI,OCCIDENTE-BAJIO,2023-03-15,2858,2557,301,0.89468
SI,OCCIDENTE-BAJIO,2023-03-16,2961,2689,272,0.90814
SI,OCCIDENTE-BAJIO,2023-03-17,2880,2634,246,0.91458
SI,OCCIDENTE-BAJIO,2023-03-18,3097,2748,349,0.88731
SI,OCCIDENTE-BAJIO,2023-03-19,1891,1687,204,0.89212
SI,OCCIDENTE-BAJIO,2023-03-20,2772,2481,291,0.89502
SI,OCCIDENTE-BAJIO,2023-03-21,2975,2846,129,0.95664
SI,OCCIDENTE-BAJIO,2023-03-22,3016,2903,113,0.96253
SI,OCCIDENTE-BAJIO,2023-03-23,3131,3026,105,0.96646
SI,OCCIDENTE-BAJIO,2023-03-24,2972,2867,105,0.96467
SI,OCCIDENTE-BAJIO,2023-03-25,3272,3151,121,0.96302
SI,OCCIDENTE-BAJIO,2023-03-26,2118,2063,55,0.97403
SI,OCCIDENTE-BAJIO,2023-03-27,2797,2705,92,0.96711
SI,OCCIDENTE-BAJIO,2023-03-28,2830,2729,101,0.96431
SI,OCCIDENTE-BAJIO,2023-03-29,2892,2781,111,0.96162
SI,OCCIDENTE-BAJIO,2023-03-30,2776,2679,97,0.96506
SI,OCCIDENTE-BAJIO,2023-03-31,2659,2539,120,0.95487
SI,OCCIDENTE-BAJIO,2023-04-01,2776,2670,106,0.96182
SI,OCCIDENTE-BAJIO,2023-04-02,1933,1869,64,0.96689
SI,OCCIDENTE-BAJIO,2023-04-03,2998,2884,114,0.96197
SI,OCCIDENTE-BAJIO,2023-04-04,3040,2913,127,0.95822
SI,OCCIDENTE-BAJIO,2023-04-05,2893,2764,129,0.95541
SI,OCCIDENTE-BAJIO,2023-04-06,2863,2748,115,0.95983
SI,OCCIDENTE-BAJIO,2023-04-07,2373,2277,96,0.95954
SI,OCCIDENTE-BAJIO,2023-04-08,2224,2122,102,0.95414
SI,OCCIDENTE-BAJIO,2023-04-09,1489,1436,53,0.96441
SI,OCCIDENTE-BAJIO,2023-04-10,2599,2486,113,0.95652
SI,OCCIDENTE-BAJIO,2023-04-11,2927,2801,126,0.95695
SI,OCCIDENTE-BAJIO,2023-04-12,2941,2816,125,0.9575
SI,OCCIDENTE-BAJIO,2023-04-13,2827,2703,124,0.95614
SI,OCCIDENTE-BAJIO,2023-04-14,2816,2711,105,0.96271
SI,OCCIDENTE-BAJIO,2023-04-15,2732,2629,103,0.9623
SI,OCCIDENTE-BAJIO,2023-04-16,1843,1782,61,0.9669
SI,OCCIDENTE-BAJIO,2023-04-17,2700,2589,111,0.95889
SI,OCCIDENTE-BAJIO,2023-04-18,2801,2673,128,0.9543
SI,OCCIDENTE-BAJIO,2023-04-19,2873,2752,121,0.95788
SI,OCCIDENTE-BAJIO,2023-04-20,2827,2695,132,0.95331
SI,OCCIDENTE-BAJIO,2023-04-21,2811,2709,102,0.96371
SI,OCCIDENTE-BAJIO,2023-04-22,2935,2816,119,0.95945
SI,OCCIDENTE-BAJIO,2023-04-23,2092,2014,78,0.96272
SI,OCCIDENTE-BAJIO,2023-04-24,2716,2605,111,0.95913
SI,OCCIDENTE-BAJIO,2023-04-25,2736,2619,117,0.95724
SI,OCCIDENTE-BAJIO,2023-04-26,2777,2651,126,0.95463
SI,OCCIDENTE-BAJIO,2023-04-27,2715,2626,89,0.96722
SI,OCCIDENTE-BAJIO,2023-04-28,2513,2437,76,0.96976
SI,OCCIDENTE-BAJIO,2023-04-29,2577,2483,94,0.96352
SI,OCCIDENTE-BAJIO,2023-04-30,1986,1915,71,0.96425
SI,OCCIDENTE-BAJIO,2023-05-01,1926,1856,70,0.96366
SI,OCCIDENTE-BAJIO,2023-05-02,2563,2476,87,0.96606
SI,OCCIDENTE-BAJIO,2023-05-03,2767,2640,127,0.9541
SI,OCCIDENTE-BAJIO,2023-05-04,2839,2736,103,0.96372
SI,OCCIDENTE-BAJIO,2023-05-05,2659,2551,108,0.95938
SI,OCCIDENTE-BAJIO,2023-05-06,2967,2842,125,0.95787
SI,OCCIDENTE-BAJIO,2023-05-07,2233,2163,70,0.96865
SI,OCCIDENTE-BAJIO,2023-05-08,2830,2733,97,0.96572
SI,OCCIDENTE-BAJIO,2023-05-09,2789,2676,113,0.95948
SI,OCCIDENTE-BAJIO,2023-05-10,2587,2491,96,0.96289
SI,OCCIDENTE-BAJIO,2023-05-11,2687,2570,117,0.95646
SI,OCCIDENTE-BAJIO,2023-05-12,2594,2506,88,0.96608
SI,OCCIDENTE-BAJIO,2023-05-13,2735,2627,108,0.96051
SI,OCCIDENTE-BAJIO,2023-05-14,2075,2005,70,0.96627
SI,OCCIDENTE-BAJIO,2023-05-15,2761,2648,113,0.95907
SI,OCCIDENTE-BAJIO,2023-05-16,2767,2640,127,0.9541
SI,OCCIDENTE-BAJIO,2023-05-17,2812,2689,123,0.95626
SI,OCCIDENTE-BAJIO,2023-05-18,2920,2803,117,0.95993
SI,OCCIDENTE-BAJIO,2023-05-19,2897,2776,121,0.95823
SI,OCCIDENTE-BAJIO,2023-05-20,3021,2904,117,0.96127
SI,OCCIDENTE-BAJIO,2023-05-21,2327,2232,95,0.95917
SI,OCCIDENTE-BAJIO,2023-05-22,2917,2816,101,0.96538
SI,OCCIDENTE-BAJIO,2023-05-23,2995,2888,107,0.96427
SI,OCCIDENTE-BAJIO,2023-05-24,2976,2848,128,0.95699
SI,OCCIDENTE-BAJIO,2023-05-25,2912,2780,132,0.95467
SI,OCCIDENTE-BAJIO,2023-05-26,2812,2692,120,0.95733
SI,OCCIDENTE-BAJIO,2023-05-27,2825,2698,127,0.95504
SI,OCCIDENTE-BAJIO,2023-05-28,2246,2180,66,0.97061
SI,OCCIDENTE-BAJIO,2023-05-29,2756,2615,141,0.94884
SI,OCCIDENTE-BAJIO,2023-05-30,2774,2629,145,0.94773
SI,OCCIDENTE-BAJIO,2023-05-31,2697,2566,131,0.95143
SI,OCCIDENTE-BAJIO,2023-06-01,2582,2417,165,0.9361
SI,OCCIDENTE-BAJIO,2023-06-02,2882,2734,148,0.94865
SI,OCCIDENTE-BAJIO,2023-06-03,2865,2721,144,0.94974
SI,OCCIDENTE-BAJIO,2023-06-04,2304,2152,152,0.93403
SI,OCCIDENTE-BAJIO,2023-06-05,2906,2717,189,0.93496
SI,OCCIDENTE-BAJIO,2023-06-06,2780,2598,182,0.93453
SI,OCCIDENTE-BAJIO,2023-06-07,2793,2602,191,0.93161
SI,OCCIDENTE-BAJIO,2023-06-08,2925,2729,196,0.93299
SI,OCCIDENTE-BAJIO,2023-06-09,2659,2517,142,0.9466
SI,OCCIDENTE-BAJIO,2023-06-10,2890,2737,153,0.94706
SI,OCCIDENTE-BAJIO,2023-06-11,2223,2070,153,0.93117
SI,OCCIDENTE-BAJIO,2023-06-12,2773,2632,141,0.94915
SI,OCCIDENTE-BAJIO,2023-06-13,2709,2541,168,0.93798
SI,OCCIDENTE-BAJIO,2023-06-14,2717,2581,136,0.94994
SI,OCCIDENTE-BAJIO,2023-06-15,2500,2333,167,0.9332
SI,OCCIDENTE-BAJIO,2023-06-16,2604,2443,161,0.93817
SI,OCCIDENTE-BAJIO,2023-06-17,2692,2535,157,0.94168
SI,OCCIDENTE-BAJIO,2023-06-18,1995,1885,110,0.94486
SI,OCCIDENTE-BAJIO,2023-06-19,2715,2574,141,0.94807
SI,OCCIDENTE-BAJIO,2023-06-20,2907,2721,186,0.93602
SI,OCCIDENTE-BAJIO,2023-06-21,3031,2859,172,0.94325
SI,OCCIDENTE-BAJIO,2023-06-22,3004,2792,212,0.92943
SI,OCCIDENTE-BAJIO,2023-06-23,2621,2317,304,0.88401
SI,OCCIDENTE-BAJIO,2023-06-24,2859,2594,265,0.90731
SI,OCCIDENTE-BAJIO,2023-06-25,2214,1977,237,0.89295
SI,OCCIDENTE-BAJIO,2023-06-26,2879,2564,315,0.89059
SI,OCCIDENTE-BAJIO,2023-06-27,2830,2465,365,0.87102
SI,OCCIDENTE-BAJIO,2023-06-28,2700,2249,451,0.83296
SI,OCCIDENTE-BAJIO,2023-06-29,2644,2104,540,0.79576
SI,OCCIDENTE-BAJIO,2023-06-30,1068,612,456,0.57303
SI,OCCIDENTE-BAJIO,2023-07-01,2430,1787,643,0.73539
SI,OCCIDENTE-BAJIO,2023-07-02,1970,1496,474,0.75939
SI,OCCIDENTE-BAJIO,2023-07-03,2634,1835,799,0.69666
SI,OCCIDENTE-BAJIO,2023-07-04,2832,1905,927,0.67267
SI,OCCIDENTE-BAJIO,2023-07-05,2947,1577,1370,0.53512
SI,OCCIDENTE-BAJIO,2023-07-06,3131,1406,1725,0.44906
SI,OCCIDENTE-BAJIO,2023-07-07,2281,1198,1083,0.52521
SI,OCCIDENTE-BAJIO,2023-07-07,2901,1432,1469,0.49362
SI,OCCIDENTE-BAJIO,2023-07-08,2049,1114,935,0.54368
SI,OCCIDENTE-BAJIO,2023-07-08,2754,1381,1373,0.50145
SI,OCCIDENTE-BAJIO,2023-07-09,1754,1001,753,0.5707
SI,OCCIDENTE-BAJIO,2023-07-09,2421,1375,1046,0.56795
SI,OCCIDENTE-BAJIO,2023-07-10,2994,1551,1443,0.51804
SI,OCCIDENTE-BAJIO,2023-07-11,3272,1755,1517,0.53637
SI,OCCIDENTE-BAJIO,2023-07-12,3243,1844,1399,0.56861
SI,OCCIDENTE-BAJIO,2023-07-13,3161,1699,1462,0.53749
SI,OCCIDENTE-BAJIO,2023-07-14,2847,1706,1141,0.59923
SI,OCCIDENTE-BAJIO,2023-07-15,2846,1501,1345,0.52741
SI,OCCIDENTE-BAJIO,2023-07-16,2272,1077,1195,0.47403
SI,OCCIDENTE-BAJIO,2023-07-17,2960,1538,1422,0.51959
SI,OCCIDENTE-BAJIO,2023-07-18,2988,1538,1450,0.51473
SI,OCCIDENTE-BAJIO,2023-07-19,2907,1489,1418,0.51221
SI,OCCIDENTE-BAJIO,2023-07-20,3085,1577,1508,0.51118
SI,OCCIDENTE-BAJIO,2023-07-21,2988,1487,1501,0.49766
SI,OCCIDENTE-BAJIO,2023-07-22,2830,1282,1548,0.453
SI,OCCIDENTE-BAJIO,2023-07-23,2532,1217,1315,0.48065
SI,OCCIDENTE-BAJIO,2023-07-24,3185,1502,1683,0.47159
SI,OCCIDENTE-BAJIO,2023-07-25,2950,1432,1518,0.48542
SI,OCCIDENTE-BAJIO,2023-07-26,2997,1526,1471,0.50918
SI,OCCIDENTE-BAJIO,2023-07-27,3201,1457,1744,0.45517
SI,ORIENTE-SUR,2023-01-01,474,428,46,0.90295
SI,ORIENTE-SUR,2023-01-02,1886,1701,185,0.90191
SI,ORIENTE-SUR,2023-01-03,2209,1965,244,0.88954
SI,ORIENTE-SUR,2023-01-04,2304,2076,228,0.90104
SI,ORIENTE-SUR,2023-01-05,2213,1951,262,0.88161
SI,ORIENTE-SUR,2023-01-06,2130,1883,247,0.88404
SI,ORIENTE-SUR,2023-01-07,2131,1859,272,0.87236
SI,ORIENTE-SUR,2023-01-08,1795,1591,204,0.88635
SI,ORIENTE-SUR,2023-01-09,2223,1988,235,0.89429
SI,ORIENTE-SUR,2023-01-10,2221,1986,235,0.89419
SI,ORIENTE-SUR,2023-01-11,2297,2033,264,0.88507
SI,ORIENTE-SUR,2023-01-12,2220,1977,243,0.89054
SI,ORIENTE-SUR,2023-01-13,2166,1940,226,0.89566
SI,ORIENTE-SUR,2023-01-14,2145,1897,248,0.88438
SI,ORIENTE-SUR,2023-01-15,1763,1576,187,0.89393
SI,ORIENTE-SUR,2023-01-16,2077,1779,298,0.85652
SI,ORIENTE-SUR,2023-01-17,2043,1721,322,0.84239
SI,ORIENTE-SUR,2023-01-18,1956,1649,307,0.84305
SI,ORIENTE-SUR,2023-01-19,1856,1551,305,0.83567
SI,ORIENTE-SUR,2023-01-20,1938,1660,278,0.85655
SI,ORIENTE-SUR,2023-01-21,2016,1707,309,0.84673
SI,ORIENTE-SUR,2023-01-22,1576,1319,257,0.83693
SI,ORIENTE-SUR,2023-01-23,2156,1859,297,0.86224
SI,ORIENTE-SUR,2023-01-24,2215,1908,307,0.8614
SI,ORIENTE-SUR,2023-01-25,2184,1865,319,0.85394
SI,ORIENTE-SUR,2023-01-26,2172,1863,309,0.85773
SI,ORIENTE-SUR,2023-01-27,2193,1867,326,0.85135
SI,ORIENTE-SUR,2023-01-28,2217,1876,341,0.84619
SI,ORIENTE-SUR,2023-01-29,1809,1566,243,0.86567
SI,ORIENTE-SUR,2023-01-30,2245,1915,330,0.85301
SI,ORIENTE-SUR,2023-01-31,2285,1870,415,0.81838
SI,ORIENTE-SUR,2023-02-01,2071,1704,367,0.82279
SI,ORIENTE-SUR,2023-02-02,2172,1705,467,0.78499
SI,ORIENTE-SUR,2023-02-03,2065,1706,359,0.82615
SI,ORIENTE-SUR,2023-02-04,2071,1675,396,0.80879
SI,ORIENTE-SUR,2023-02-05,1598,1321,277,0.82666
SI,ORIENTE-SUR,2023-02-06,2039,1659,380,0.81363
SI,ORIENTE-SUR,2023-02-07,2255,1817,438,0.80576
SI,ORIENTE-SUR,2023-02-08,2221,1832,389,0.82485
SI,ORIENTE-SUR,2023-02-09,2258,1815,443,0.80381
SI,ORIENTE-SUR,2023-02-10,2176,1779,397,0.81756
SI,ORIENTE-SUR,2023-02-11,2207,1804,403,0.8174
SI,ORIENTE-SUR,2023-02-12,1844,1484,360,0.80477
SI,ORIENTE-SUR,2023-02-13,2254,1853,401,0.82209
SI,ORIENTE-SUR,2023-02-14,2097,1685,412,0.80353
SI,ORIENTE-SUR,2023-02-15,2110,1716,394,0.81327
SI,ORIENTE-SUR,2023-02-16,2078,1648,430,0.79307
SI,ORIENTE-SUR,2023-02-17,1984,1663,321,0.83821
SI,ORIENTE-SUR,2023-02-18,2179,1785,394,0.81918
SI,ORIENTE-SUR,2023-02-19,1691,1351,340,0.79894
SI,ORIENTE-SUR,2023-02-20,2166,1795,371,0.82872
SI,ORIENTE-SUR,2023-02-21,2101,1751,350,0.83341
SI,ORIENTE-SUR,2023-02-22,2085,1668,417,0.8
SI,ORIENTE-SUR,2023-02-23,2094,1741,353,0.83142
SI,ORIENTE-SUR,2023-02-24,2188,1846,342,0.84369
SI,ORIENTE-SUR,2023-02-25,2143,1805,338,0.84228
SI,ORIENTE-SUR,2023-02-26,1712,1388,324,0.81075
SI,ORIENTE-SUR,2023-02-27,2055,1725,330,0.83942
SI,ORIENTE-SUR,2023-02-28,2084,1767,317,0.84789
SI,ORIENTE-SUR,2023-03-01,1956,1626,330,0.83129
SI,ORIENTE-SUR,2023-03-02,1987,1624,363,0.81731
SI,ORIENTE-SUR,2023-03-03,1951,1574,377,0.80677
SI,ORIENTE-SUR,2023-03-04,2050,1756,294,0.85659
SI,ORIENTE-SUR,2023-03-05,1482,1225,257,0.82659
SI,ORIENTE-SUR,2023-03-06,2047,1591,456,0.77723
SI,ORIENTE-SUR,2023-03-07,2092,1650,442,0.78872
SI,ORIENTE-SUR,2023-03-08,2042,1541,501,0.75465
SI,ORIENTE-SUR,2023-03-09,2044,1573,471,0.76957
SI,ORIENTE-SUR,2023-03-10,2048,1577,471,0.77002
SI,ORIENTE-SUR,2023-03-11,2014,1537,477,0.76316
SI,ORIENTE-SUR,2023-03-12,1593,1187,406,0.74513
SI,ORIENTE-SUR,2023-03-13,1975,1471,504,0.74481
SI,ORIENTE-SUR,2023-03-14,1908,1427,481,0.7479
SI,ORIENTE-SUR,2023-03-15,1797,1404,393,0.7813
SI,ORIENTE-SUR,2023-03-16,1765,1488,277,0.84306
SI,ORIENTE-SUR,2023-03-17,1880,1568,312,0.83404
SI,ORIENTE-SUR,2023-03-18,1932,1630,302,0.84369
SI,ORIENTE-SUR,2023-03-19,1565,1299,266,0.83003
SI,ORIENTE-SUR,2023-03-20,1882,1598,284,0.8491
SI,ORIENTE-SUR,2023-03-21,1973,1842,131,0.9336
SI,ORIENTE-SUR,2023-03-22,1988,1851,137,0.93109
SI,ORIENTE-SUR,2023-03-23,1919,1778,141,0.92652
SI,ORIENTE-SUR,2023-03-24,1955,1841,114,0.94169
SI,ORIENTE-SUR,2023-03-25,2034,1904,130,0.93609
SI,ORIENTE-SUR,2023-03-26,1616,1512,104,0.93564
SI,ORIENTE-SUR,2023-03-27,1908,1796,112,0.9413
SI,ORIENTE-SUR,2023-03-28,1903,1791,112,0.94115
SI,ORIENTE-SUR,2023-03-29,1913,1777,136,0.92891
SI,ORIENTE-SUR,2023-03-30,1822,1712,110,0.93963
SI,ORIENTE-SUR,2023-03-31,1742,1631,111,0.93628
SI,ORIENTE-SUR,2023-04-01,1730,1595,135,0.92197
SI,ORIENTE-SUR,2023-04-02,1565,1455,110,0.92971
SI,ORIENTE-SUR,2023-04-03,2018,1873,145,0.92815
SI,ORIENTE-SUR,2023-04-04,1929,1754,175,0.90928
SI,ORIENTE-SUR,2023-04-05,2025,1832,193,0.90469
SI,ORIENTE-SUR,2023-04-06,2049,1874,175,0.91459
SI,ORIENTE-SUR,2023-04-07,1886,1704,182,0.9035
SI,ORIENTE-SUR,2023-04-08,1697,1501,196,0.8845
SI,ORIENTE-SUR,2023-04-09,1453,1267,186,0.87199
SI,ORIENTE-SUR,2023-04-10,1938,1770,168,0.91331
SI,ORIENTE-SUR,2023-04-11,1965,1801,164,0.91654
SI,ORIENTE-SUR,2023-04-12,2023,1854,169,0.91646
SI,ORIENTE-SUR,2023-04-13,2047,1861,186,0.90914
SI,ORIENTE-SUR,2023-04-14,2066,1944,122,0.94095
SI,ORIENTE-SUR,2023-04-15,1853,1758,95,0.94873
SI,ORIENTE-SUR,2023-04-16,1632,1529,103,0.93689
SI,ORIENTE-SUR,2023-04-17,2005,1880,125,0.93766
SI,ORIENTE-SUR,2023-04-18,2060,1952,108,0.94757
SI,ORIENTE-SUR,2023-04-19,2121,2009,112,0.94719
SI,ORIENTE-SUR,2023-04-20,1815,1722,93,0.94876
SI,ORIENTE-SUR,2023-04-21,1843,1732,111,0.93977
SI,ORIENTE-SUR,2023-04-22,1789,1682,107,0.94019
SI,ORIENTE-SUR,2023-04-23,1692,1603,89,0.9474
SI,ORIENTE-SUR,2023-04-24,2154,2039,115,0.94661
SI,ORIENTE-SUR,2023-04-25,2171,2037,134,0.93828
SI,ORIENTE-SUR,2023-04-26,2142,2008,134,0.93744
SI,ORIENTE-SUR,2023-04-27,2074,1930,144,0.93057
SI,ORIENTE-SUR,2023-04-28,1902,1805,97,0.949
SI,ORIENTE-SUR,2023-04-29,1835,1731,104,0.94332
SI,ORIENTE-SUR,2023-04-30,1517,1451,66,0.95649
SI,ORIENTE-SUR,2023-05-01,1682,1604,78,0.95363
SI,ORIENTE-SUR,2023-05-02,2076,1957,119,0.94268
SI,ORIENTE-SUR,2023-05-03,2073,1950,123,0.94067
SI,ORIENTE-SUR,2023-05-04,2005,1864,141,0.92968
SI,ORIENTE-SUR,2023-05-05,2100,1955,145,0.93095
SI,ORIENTE-SUR,2023-05-06,2007,1904,103,0.94868
SI,ORIENTE-SUR,2023-05-07,1619,1548,71,0.95615
SI,ORIENTE-SUR,2023-05-08,2076,1955,121,0.94171
SI,ORIENTE-SUR,2023-05-09,1966,1864,102,0.94812
SI,ORIENTE-SUR,2023-05-10,1857,1757,100,0.94615
SI,ORIENTE-SUR,2023-05-11,2033,1910,123,0.9395
SI,ORIENTE-SUR,2023-05-12,2022,1901,121,0.94016
SI,ORIENTE-SUR,2023-05-13,1926,1815,111,0.94237
SI,ORIENTE-SUR,2023-05-14,1589,1501,88,0.94462
SI,ORIENTE-SUR,2023-05-15,2250,2132,118,0.94756
SI,ORIENTE-SUR,2023-05-16,2206,2066,140,0.93654
SI,ORIENTE-SUR,2023-05-17,2263,2103,160,0.9293
SI,ORIENTE-SUR,2023-05-18,2221,2057,164,0.92616
SI,ORIENTE-SUR,2023-05-19,2249,2080,169,0.92486
SI,ORIENTE-SUR,2023-05-20,2235,2063,172,0.92304
SI,ORIENTE-SUR,2023-05-21,1802,1697,105,0.94173
SI,ORIENTE-SUR,2023-05-22,2296,2164,132,0.94251
SI,ORIENTE-SUR,2023-05-23,2271,2139,132,0.94188
SI,ORIENTE-SUR,2023-05-24,2211,2129,82,0.96291
SI,ORIENTE-SUR,2023-05-25,2102,1951,151,0.92816
SI,ORIENTE-SUR,2023-05-26,2158,2016,142,0.9342
SI,ORIENTE-SUR,2023-05-27,2152,2023,129,0.94006
SI,ORIENTE-SUR,2023-05-28,1770,1648,122,0.93107
SI,ORIENTE-SUR,2023-05-29,2129,2011,118,0.94457
SI,ORIENTE-SUR,2023-05-30,2152,2015,137,0.93634
SI,ORIENTE-SUR,2023-05-31,2123,1986,137,0.93547
SI,ORIENTE-SUR,2023-06-01,1990,1870,120,0.9397
SI,ORIENTE-SUR,2023-06-02,2139,2004,135,0.93689
SI,ORIENTE-SUR,2023-06-03,2141,2007,134,0.93741
SI,ORIENTE-SUR,2023-06-04,1803,1677,126,0.93012
SI,ORIENTE-SUR,2023-06-05,2160,2014,146,0.93241
SI,ORIENTE-SUR,2023-06-06,2085,1941,144,0.93094
SI,ORIENTE-SUR,2023-06-07,2123,1969,154,0.92746
SI,ORIENTE-SUR,2023-06-08,2133,1978,155,0.92733
SI,ORIENTE-SUR,2023-06-09,2070,1918,152,0.92657
SI,ORIENTE-SUR,2023-06-10,2053,1925,128,0.93765
SI,ORIENTE-SUR,2023-06-11,1758,1619,139,0.92093
SI,ORIENTE-SUR,2023-06-12,2076,1932,144,0.93064
SI,ORIENTE-SUR,2023-06-13,1915,1765,150,0.92167
SI,ORIENTE-SUR,2023-06-14,1946,1759,187,0.90391
SI,ORIENTE-SUR,2023-06-15,1947,1761,186,0.90447
SI,ORIENTE-SUR,2023-06-16,1861,1674,187,0.89952
SI,ORIENTE-SUR,2023-06-17,1874,1726,148,0.92102
SI,ORIENTE-SUR,2023-06-18,1423,1322,101,0.92902
SI,ORIENTE-SUR,2023-06-19,1884,1671,213,0.88694
SI,ORIENTE-SUR,2023-06-20,2011,1804,207,0.89707
SI,ORIENTE-SUR,2023-06-21,2070,1839,231,0.88841
SI,ORIENTE-SUR,2023-06-22,1935,1753,182,0.90594
SI,ORIENTE-SUR,2023-06-23,1854,1616,238,0.87163
SI,ORIENTE-SUR,2023-06-24,1856,1620,236,0.87284
SI,ORIENTE-SUR,2023-06-25,1692,1432,260,0.84634
SI,ORIENTE-SUR,2023-06-26,2006,1746,260,0.87039
SI,ORIENTE-SUR,2023-06-27,1996,1745,251,0.87425
SI,ORIENTE-SUR,2023-06-28,1896,1446,450,0.76266
SI,ORIENTE-SUR,2023-06-29,1914,1425,489,0.74451
SI,ORIENTE-SUR,2023-06-30,918,509,409,0.55447
SI,ORIENTE-SUR,2023-07-01,1644,1132,512,0.68856
SI,ORIENTE-SUR,2023-07-02,1476,1025,451,0.69444
SI,ORIENTE-SUR,2023-07-03,1605,1153,452,0.71838
SI,ORIENTE-SUR,2023-07-04,1994,1424,570,0.71414
SI,ORIENTE-SUR,2023-07-05,2086,1353,733,0.64861
SI,ORIENTE-SUR,2023-07-06,1987,1141,846,0.57423
SI,ORIENTE-SUR,2023-07-07,1813,1070,743,0.59018
SI,ORIENTE-SUR,2023-07-07,2073,1261,812,0.6083
SI,ORIENTE-SUR,2023-07-08,1821,998,823,0.54805
SI,ORIENTE-SUR,2023-07-08,2109,1194,915,0.56615
SI,ORIENTE-SUR,2023-07-09,1582,927,655,0.58597
SI,ORIENTE-SUR,2023-07-09,1795,1100,695,0.61281
SI,ORIENTE-SUR,2023-07-10,2197,1357,840,0.61766
SI,ORIENTE-SUR,2023-07-11,2262,1395,867,0.61671
SI,ORIENTE-SUR,2023-07-12,2214,1368,846,0.61789
SI,ORIENTE-SUR,2023-07-13,2082,1246,836,0.59846
SI,ORIENTE-SUR,2023-07-14,2044,1263,781,0.61791
SI,ORIENTE-SUR,2023-07-15,2151,1220,931,0.56718
SI,ORIENTE-SUR,2023-07-16,1781,914,867,0.51319
SI,ORIENTE-SUR,2023-07-17,2202,1256,946,0.57039
SI,ORIENTE-SUR,2023-07-18,2236,1109,1127,0.49597
SI,ORIENTE-SUR,2023-07-19,2094,1090,1004,0.52053
SI,ORIENTE-SUR,2023-07-20,2205,1201,1004,0.54467
SI,ORIENTE-SUR,2023-07-21,2140,1064,1076,0.4972
SI,ORIENTE-SUR,2023-07-22,1999,976,1023,0.48824
SI,ORIENTE-SUR,2023-07-23,1739,857,882,0.49281
SI,ORIENTE-SUR,2023-07-24,2156,1149,1007,0.53293
SI,ORIENTE-SUR,2023-07-25,2183,1122,1061,0.51397
SI,ORIENTE-SUR,2023-07-26,2253,1171,1082,0.51975
SI,ORIENTE-SUR,2023-07-27,2193,1124,1069,0.51254