DIRECCION,Fecha,Instalaciones,Activaciones_automaticas,Activaciones_manuales,PorcAM
CENTRO 1,2023-01-01,NA,NA,38,NA
CENTRO 1,2023-01-02,511,354,157,0.307240704500978
CENTRO 1,2023-01-03,631,443,188,0.297939778129952
CENTRO 1,2023-01-04,667,462,205,0.307346326836582
CENTRO 1,2023-01-05,663,439,224,0.337858220211161
CENTRO 1,2023-01-06,629,445,184,0.292527821939587
CENTRO 1,2023-01-07,752,511,241,0.320478723404255
CENTRO 1,2023-01-08,663,484,179,0.269984917043741
CENTRO 1,2023-01-09,645,440,205,0.317829457364341
CENTRO 1,2023-01-10,704,493,211,0.299715909090909
CENTRO 1,2023-01-11,691,472,219,0.316931982633864
CENTRO 1,2023-01-12,692,477,215,0.310693641618497
CENTRO 1,2023-01-13,667,462,205,0.307346326836582
CENTRO 1,2023-01-14,787,561,226,0.287166454891995
CENTRO 1,2023-01-15,708,494,214,0.30225988700565
CENTRO 1,2023-01-16,640,429,211,0.3296875
CENTRO 1,2023-01-17,637,396,241,0.378335949764521
CENTRO 1,2023-01-18,659,385,274,0.415781487101669
CENTRO 1,2023-01-19,632,390,242,0.382911392405063
CENTRO 1,2023-01-20,654,420,234,0.357798165137615
CENTRO 1,2023-01-21,738,425,313,0.424119241192412
CENTRO 1,2023-01-22,628,388,240,0.382165605095541
CENTRO 1,2023-01-23,632,387,245,0.387658227848101
CENTRO 1,2023-01-24,622,372,250,0.401929260450161
CENTRO 1,2023-01-25,672,387,285,0.424107142857143
CENTRO 1,2023-01-26,684,391,293,0.428362573099415
CENTRO 1,2023-01-27,708,400,308,0.435028248587571
CENTRO 1,2023-01-28,823,463,360,0.437424058323208
CENTRO 1,2023-01-29,693,406,287,0.414141414141414
CENTRO 1,2023-01-30,711,411,300,0.421940928270042
CENTRO 1,2023-01-31,788,447,341,0.432741116751269
CENTRO 1,2023-02-01,644,397,247,0.383540372670807
CENTRO 1,2023-02-02,694,418,276,0.397694524495677
CENTRO 1,2023-02-03,627,383,244,0.389154704944179
CENTRO 1,2023-02-04,762,430,332,0.435695538057743
CENTRO 1,2023-02-05,630,380,250,0.396825396825397
CENTRO 1,2023-02-06,769,437,332,0.431729518855657
CENTRO 1,2023-02-07,677,327,350,0.51698670605613
CENTRO 1,2023-02-08,607,299,308,0.507413509060956
CENTRO 1,2023-02-09,597,294,303,0.507537688442211
CENTRO 1,2023-02-10,592,274,318,0.537162162162162
CENTRO 1,2023-02-11,735,352,383,0.52108843537415
CENTRO 1,2023-02-12,636,306,330,0.518867924528302
CENTRO 1,2023-02-13,618,292,326,0.527508090614887
CENTRO 1,2023-02-14,608,300,308,0.506578947368421
CENTRO 1,2023-02-15,677,334,343,0.506646971935007
CENTRO 1,2023-02-16,620,300,320,0.516129032258065
CENTRO 1,2023-02-17,613,307,306,0.499184339314845
CENTRO 1,2023-02-18,774,360,414,0.534883720930233
CENTRO 1,2023-02-19,722,335,387,0.53601108033241
CENTRO 1,2023-02-20,691,361,330,0.477568740955137
CENTRO 1,2023-02-21,659,466,193,0.292867981790592
CENTRO 1,2023-02-22,618,452,166,0.268608414239482
CENTRO 1,2023-02-23,606,494,112,0.184818481848185
CENTRO 1,2023-02-24,651,536,115,0.176651305683564
CENTRO 1,2023-02-25,786,607,179,0.227735368956743
CENTRO 1,2023-02-26,701,517,184,0.262482168330956
CENTRO 1,2023-02-27,678,536,142,0.209439528023599
CENTRO 1,2023-02-28,793,633,160,0.201765447667087
CENTRO 1,2023-03-01,624,502,122,0.195512820512821
CENTRO 1,2023-03-02,655,532,123,0.187786259541985
CENTRO 1,2023-03-03,734,616,118,0.160762942779292
CENTRO 1,2023-03-04,811,648,163,0.20098643649815
CENTRO 1,2023-03-05,739,549,190,0.257104194857916
CENTRO 1,2023-03-06,634,517,117,0.184542586750789
CENTRO 1,2023-03-07,690,563,127,0.184057971014493
CENTRO 1,2023-03-08,724,621,103,0.142265193370166
CENTRO 1,2023-03-09,707,618,89,0.125884016973126
CENTRO 1,2023-03-10,583,521,62,0.106346483704974
CENTRO 1,2023-03-11,788,702,86,0.109137055837563
CENTRO 1,2023-03-12,625,551,74,0.1184
CENTRO 1,2023-03-13,674,589,85,0.126112759643917
CENTRO 1,2023-03-14,714,643,71,0.0994397759103641
CENTRO 1,2023-03-15,681,655,26,0.0381791483113069
CENTRO 1,2023-03-16,813,797,16,0.019680196801968
CENTRO 1,2023-03-17,1056,1037,19,0.0179924242424242
CENTRO 1,2023-03-18,1154,1117,37,0.0320623916811092
CENTRO 1,2023-03-19,1094,1050,44,0.0402193784277879
CENTRO 1,2023-03-20,1214,1190,24,0.0197693574958814
CENTRO 1,2023-03-21,907,893,14,0.0154355016538037
CENTRO 1,2023-03-22,814,803,11,0.0135135135135135
CENTRO 1,2023-03-23,753,742,11,0.0146082337317397
CENTRO 1,2023-03-24,811,807,4,0.00493218249075216
CENTRO 1,2023-03-25,925,921,4,0.00432432432432432
CENTRO 1,2023-03-26,891,885,6,0.00673400673400673
CENTRO 1,2023-03-27,686,680,6,0.0087463556851312
CENTRO 1,2023-03-28,586,584,2,0.00341296928327645
CENTRO 1,2023-03-29,663,657,6,0.00904977375565611
CENTRO 1,2023-03-30,871,861,10,0.0114810562571757
CENTRO 1,2023-03-31,1093,1080,13,0.0118938700823422
CENTRO 1,2023-04-01,971,959,12,0.0123583934088568
CENTRO 1,2023-04-02,850,845,5,0.00588235294117647
CENTRO 1,2023-04-03,961,948,13,0.0135275754422477
CENTRO 1,2023-04-04,597,588,9,0.0150753768844221
CENTRO 1,2023-04-05,716,707,9,0.0125698324022346
CENTRO 1,2023-04-06,742,732,10,0.0134770889487871
CENTRO 1,2023-04-07,603,599,4,0.0066334991708126
CENTRO 1,2023-04-08,549,545,4,0.00728597449908925
CENTRO 1,2023-04-09,480,478,2,0.00416666666666667
CENTRO 1,2023-04-10,562,558,4,0.00711743772241993
CENTRO 1,2023-04-11,638,629,9,0.0141065830721003
CENTRO 1,2023-04-12,708,702,6,0.00847457627118644
CENTRO 1,2023-04-13,639,626,13,0.0203442879499218
CENTRO 1,2023-04-14,806,805,1,0.00124069478908189
CENTRO 1,2023-04-15,1018,1014,4,0.00392927308447937
CENTRO 1,2023-04-16,1042,1040,2,0.00191938579654511
CENTRO 1,2023-04-17,907,899,8,0.00882028665931643
CENTRO 1,2023-04-18,742,738,4,0.00539083557951483
CENTRO 1,2023-04-19,702,700,2,0.00284900284900285
CENTRO 1,2023-04-20,641,638,3,0.0046801872074883
CENTRO 1,2023-04-21,739,736,3,0.0040595399188092
CENTRO 1,2023-04-22,840,839,1,0.00119047619047619
CENTRO 1,2023-04-23,738,737,1,0.0013550135501355
CENTRO 1,2023-04-24,830,825,5,0.00602409638554217
CENTRO 1,2023-04-25,921,915,6,0.00651465798045603
CENTRO 1,2023-04-26,804,800,4,0.00497512437810945
CENTRO 1,2023-04-27,627,621,6,0.00956937799043062
CENTRO 1,2023-04-28,837,827,10,0.01194743130227
CENTRO 1,2023-04-29,992,981,11,0.0110887096774194
CENTRO 1,2023-04-30,865,848,17,0.0196531791907514
CENTRO 1,2023-05-01,846,833,13,0.0153664302600473
CENTRO 1,2023-05-02,755,745,10,0.0132450331125828
CENTRO 1,2023-05-03,654,644,10,0.0152905198776758
CENTRO 1,2023-05-04,596,588,8,0.0134228187919463
CENTRO 1,2023-05-05,704,696,8,0.0113636363636364
CENTRO 1,2023-05-06,748,738,10,0.0133689839572193
CENTRO 1,2023-05-07,581,572,9,0.0154905335628227
CENTRO 1,2023-05-08,646,638,8,0.0123839009287926
CENTRO 1,2023-05-09,652,633,19,0.0291411042944785
CENTRO 1,2023-05-10,609,593,16,0.0262725779967159
CENTRO 1,2023-05-11,606,600,6,0.0099009900990099
CENTRO 1,2023-05-12,622,616,6,0.00964630225080386
CENTRO 1,2023-05-13,947,931,16,0.0168954593453009
CENTRO 1,2023-05-14,1051,1040,11,0.0104662226450999
CENTRO 1,2023-05-15,1150,1132,18,0.0156521739130435
CENTRO 1,2023-05-16,1213,1198,15,0.0123660346248969
CENTRO 1,2023-05-17,931,914,17,0.0182599355531686
CENTRO 1,2023-05-18,712,700,12,0.0168539325842697
CENTRO 1,2023-05-19,753,740,13,0.0172642762284197
CENTRO 1,2023-05-20,925,904,21,0.0227027027027027
CENTRO 1,2023-05-21,839,831,8,0.00953516090584029
CENTRO 1,2023-05-22,800,790,10,0.0125
CENTRO 1,2023-05-23,751,735,16,0.0213049267643142
CENTRO 1,2023-05-24,703,686,17,0.0241820768136558
CENTRO 1,2023-05-25,713,700,13,0.0182328190743338
CENTRO 1,2023-05-26,881,865,16,0.018161180476731
CENTRO 1,2023-05-27,875,850,25,0.0285714285714286
CENTRO 1,2023-05-28,790,782,8,0.010126582278481
CENTRO 1,2023-05-29,725,717,8,0.0110344827586207
CENTRO 1,2023-05-30,862,845,17,0.0197215777262181
CENTRO 1,2023-05-31,961,946,15,0.0156087408949011
CENTRO 1,2023-06-01,675,662,13,0.0192592592592593
CENTRO 1,2023-06-02,634,622,12,0.0189274447949527
CENTRO 1,2023-06-03,858,849,9,0.0104895104895105
CENTRO 1,2023-06-04,873,858,15,0.0171821305841924
CENTRO 1,2023-06-05,855,835,20,0.0233918128654971
CENTRO 1,2023-06-06,690,681,9,0.0130434782608696
CENTRO 1,2023-06-07,646,630,16,0.0247678018575851
CENTRO 1,2023-06-08,605,593,12,0.0198347107438017
CENTRO 1,2023-06-09,707,695,12,0.016973125884017
CENTRO 1,2023-06-10,885,865,20,0.0225988700564972
CENTRO 1,2023-06-11,786,770,16,0.0203562340966921
CENTRO 1,2023-06-12,760,743,17,0.0223684210526316
CENTRO 1,2023-06-13,759,748,11,0.0144927536231884
CENTRO 1,2023-06-14,779,766,13,0.0166880616174583
CENTRO 1,2023-06-15,780,761,19,0.0243589743589744
CENTRO 1,2023-06-16,804,789,15,0.0186567164179104
CENTRO 1,2023-06-17,942,922,20,0.0212314225053079
CENTRO 1,2023-06-18,691,681,10,0.0144717800289436
CENTRO 1,2023-06-19,783,775,8,0.0102171136653895
CENTRO 1,2023-06-20,808,797,11,0.0136138613861386
CENTRO 1,2023-06-21,712,695,17,0.023876404494382
CENTRO 1,2023-06-22,678,664,14,0.0206489675516224
CENTRO 1,2023-06-23,746,724,22,0.0294906166219839
CENTRO 1,2023-06-24,856,836,20,0.0233644859813084
CENTRO 1,2023-06-25,698,680,18,0.0257879656160458
CENTRO 1,2023-06-26,756,742,14,0.0185185185185185
CENTRO 1,2023-06-27,662,651,11,0.0166163141993958
CENTRO 1,2023-06-28,714,699,15,0.0210084033613445
CENTRO 1,2023-06-29,766,749,17,0.0221932114882507
CENTRO 1,2023-06-30,581,538,43,0.0740103270223752
CENTRO 1,2023-07-01,917,902,15,0.0163576881134133
CENTRO 1,2023-07-02,727,714,13,0.0178817056396149
CENTRO 1,2023-07-03,740,726,14,0.0189189189189189
CENTRO 1,2023-07-04,672,656,16,0.0238095238095238
CENTRO 1,2023-07-05,731,720,11,0.0150478796169631
CENTRO 1,2023-07-06,601,584,17,0.0282861896838602
CENTRO 1,2023-07-07,763,746,17,0.0222804718217562
CENTRO 1,2023-07-08,797,776,21,0.0263488080301129
CENTRO 1,2023-07-09,697,684,13,0.0186513629842181
CENTRO 1,2023-07-10,715,700,15,0.020979020979021
CENTRO 1,2023-07-11,712,694,18,0.0252808988764045
CENTRO 1,2023-07-12,732,712,20,0.0273224043715847
CENTRO 1,2023-07-13,655,633,22,0.033587786259542
CENTRO 1,2023-07-14,733,712,21,0.0286493860845839
CENTRO 1,2023-07-15,873,858,15,0.0171821305841924
CENTRO 1,2023-07-16,733,715,18,0.0245566166439291
CENTRO 1,2023-07-17,754,735,19,0.0251989389920424
CENTRO 1,2023-07-18,787,773,14,0.0177890724269377
CENTRO 1,2023-07-19,686,662,24,0.0349854227405248
CENTRO 1,2023-07-20,791,778,13,0.0164348925410872
CENTRO 1,2023-07-21,694,683,11,0.015850144092219
CENTRO 1,2023-07-22,836,820,16,0.0191387559808612
CENTRO 1,2023-07-23,757,740,17,0.0224570673712021
CENTRO 1,2023-07-24,701,688,13,0.0185449358059914
CENTRO 1,2023-07-25,789,767,22,0.0278833967046895
CENTRO 1,2023-07-26,901,885,16,0.0177580466148724
CENTRO 1,2023-07-27,827,813,14,0.0169286577992745
CENTRO 1,2023-07-28,832,818,14,0.0168269230769231
CENTRO 1,2023-07-29,894,886,8,0.00894854586129754
CENTRO 1,2023-07-30,927,908,19,0.0204962243797195
CENTRO 1,2023-07-31,991,975,16,0.0161453077699294
CENTRO 1,2023-08-01,807,783,24,0.0297397769516729
CENTRO 1,2023-08-02,737,719,18,0.0244233378561737
CENTRO 1,2023-08-03,709,660,49,0.0691114245416079
CENTRO 1,2023-08-04,818,796,22,0.0268948655256724
CENTRO 1,2023-08-05,879,855,24,0.0273037542662116
CENTRO 1,2023-08-06,769,746,23,0.0299089726918075
CENTRO 1,2023-08-07,762,747,15,0.0196850393700787
CENTRO 1,2023-08-08,742,721,21,0.0283018867924528
CENTRO 1,2023-08-09,782,754,28,0.0358056265984655
CENTRO 1,2023-08-10,732,710,22,0.0300546448087432
CENTRO 1,2023-08-11,802,788,14,0.0174563591022444
CENTRO 1,2023-08-12,819,796,23,0.0280830280830281
CENTRO 1,2023-08-13,874,832,42,0.0480549199084668
CENTRO 1,2023-08-14,791,768,23,0.0290771175726928
CENTRO 1,2023-08-15,934,914,20,0.0214132762312634
CENTRO 1,2023-08-16,839,819,20,0.0238379022646007
CENTRO 1,2023-08-17,739,722,17,0.0230040595399188
CENTRO 1,2023-08-18,793,779,14,0.0176544766708701
CENTRO 1,2023-08-19,829,811,18,0.0217129071170084
CENTRO 1,2023-08-20,766,747,19,0.0248041775456919
CENTRO 1,2023-08-21,710,709,1,0.00140845070422535
CENTRO 1,2023-08-22,746,745,1,0.00134048257372654
CENTRO 1,2023-08-23,751,749,2,0.00266311584553928
CENTRO 1,2023-08-24,762,760,2,0.0026246719160105
CENTRO 1,2023-08-25,829,829,0,0
CENTRO 1,2023-08-26,1009,1007,2,0.00198216055500496
CENTRO 1,2023-08-27,952,951,1,0.00105042016806723
CENTRO 1,2023-08-28,894,892,2,0.00223713646532438
CENTRO 1,2023-08-29,913,911,2,0.00219058050383352
CENTRO 1,2023-08-30,862,860,2,0.00232018561484919
CENTRO 1,2023-08-31,775,768,7,0.00903225806451613
CENTRO 1,2023-09-01,736,734,2,0.00271739130434783
CENTRO 1,2023-09-02,795,792,3,0.00377358490566038
CENTRO 1,2023-09-03,743,740,3,0.00403768506056528
CENTRO 1,2023-09-04,726,725,1,0.00137741046831956
CENTRO 1,2023-09-05,704,702,2,0.00284090909090909
CENTRO 1,2023-09-06,716,715,1,0.00139664804469274
CENTRO 1,2023-09-07,793,789,4,0.00504413619167718
CENTRO 1,2023-09-08,650,649,1,0.00153846153846154
CENTRO 1,2023-09-09,804,804,0,0
CENTRO 1,2023-09-10,768,766,2,0.00260416666666667
CENTRO 1,2023-09-11,670,669,1,0.00149253731343284
CENTRO 1,2023-09-12,619,616,3,0.00484652665589661
CENTRO 1,2023-09-13,625,624,1,0.0016
CENTRO 1,2023-09-14,647,645,2,0.00309119010819165
CENTRO 1,2023-09-15,575,569,6,0.0104347826086957
CENTRO 1,2023-09-16,622,618,4,0.00643086816720257
CENTRO 1,2023-09-17,695,693,2,0.00287769784172662
CENTRO 1,2023-09-18,686,685,1,0.00145772594752187
CENTRO 1,2023-09-19,647,643,4,0.00618238021638331
CENTRO 1,2023-09-20,518,516,2,0.00386100386100386
CENTRO 1,2023-09-21,702,698,4,0.0056980056980057
CENTRO 1,2023-09-22,866,864,2,0.0023094688221709
CENTRO 1,2023-09-23,851,850,1,0.00117508813160987
CENTRO 1,2023-09-24,875,873,2,0.00228571428571429
CENTRO 1,2023-09-25,743,741,2,0.00269179004037685
CENTRO 1,2023-09-26,731,728,3,0.00410396716826265
CENTRO 1,2023-09-27,694,691,3,0.00432276657060519
CENTRO 1,2023-09-28,817,811,6,0.00734394124847001
CENTRO 1,2023-09-29,896,893,3,0.00334821428571429
CENTRO 1,2023-09-30,1088,1081,7,0.00643382352941176
CENTRO 1,2023-10-01,745,741,4,0.00536912751677852
CENTRO 1,2023-10-02,718,716,2,0.00278551532033426
CENTRO 1,2023-10-03,663,643,20,0.0301659125188537
CENTRO 1,2023-10-04,660,645,15,0.0227272727272727
CENTRO 1,2023-10-05,656,634,22,0.0335365853658537
CENTRO 1,2023-10-06,731,702,29,0.039671682626539
CENTRO 1,2023-10-07,848,823,25,0.0294811320754717
CENTRO 1,2023-10-08,764,742,22,0.0287958115183246
CENTRO 1,2023-10-09,727,704,23,0.031636863823934
CENTRO 1,2023-10-10,603,586,17,0.0281923714759536
CENTRO 1,2023-10-11,619,604,15,0.024232633279483
CENTRO 1,2023-10-12,583,568,15,0.0257289879931389
CENTRO 1,2023-10-13,675,657,18,0.0266666666666667
CENTRO 1,2023-10-14,864,845,19,0.0219907407407407
CENTRO 1,2023-10-15,862,836,26,0.0301624129930394
CENTRO 1,2023-10-16,820,802,18,0.0219512195121951
CENTRO 1,2023-10-17,762,737,25,0.0328083989501312
CENTRO 1,2023-10-18,678,655,23,0.0339233038348083
CENTRO 1,2023-10-19,709,690,19,0.0267983074753173
CENTRO 1,2023-10-20,734,718,16,0.0217983651226158
CENTRO 1,2023-10-21,916,893,23,0.0251091703056769
CENTRO 1,2023-10-22,806,777,29,0.0359801488833747
CENTRO 1,2023-10-23,785,764,21,0.0267515923566879
CENTRO 1,2023-10-24,726,702,24,0.0330578512396694
CENTRO 1,2023-10-25,626,605,21,0.0335463258785942
CENTRO 2,2023-01-01,NA,NA,19,NA
CENTRO 2,2023-01-02,416,270,146,0.350961538461538
CENTRO 2,2023-01-03,511,345,166,0.324853228962818
CENTRO 2,2023-01-04,524,368,156,0.297709923664122
CENTRO 2,2023-01-05,509,346,163,0.320235756385069
CENTRO 2,2023-01-06,487,335,152,0.31211498973306
CENTRO 2,2023-01-07,583,391,192,0.329331046312178
CENTRO 2,2023-01-08,429,305,124,0.289044289044289
CENTRO 2,2023-01-09,516,333,183,0.354651162790698
CENTRO 2,2023-01-10,534,343,191,0.357677902621723
CENTRO 2,2023-01-11,528,332,196,0.371212121212121
CENTRO 2,2023-01-12,532,319,213,0.400375939849624
CENTRO 2,2023-01-13,552,332,220,0.398550724637681
CENTRO 2,2023-01-14,646,380,266,0.411764705882353
CENTRO 2,2023-01-15,589,347,242,0.410865874363328
CENTRO 2,2023-01-16,570,215,355,0.62280701754386
CENTRO 2,2023-01-17,543,194,349,0.642725598526704
CENTRO 2,2023-01-18,516,225,291,0.563953488372093
CENTRO 2,2023-01-19,486,269,217,0.446502057613169
CENTRO 2,2023-01-20,545,306,239,0.438532110091743
CENTRO 2,2023-01-21,600,315,285,0.475
CENTRO 2,2023-01-22,468,259,209,0.446581196581197
CENTRO 2,2023-01-23,485,259,226,0.465979381443299
CENTRO 2,2023-01-24,525,264,261,0.497142857142857
CENTRO 2,2023-01-25,483,266,217,0.449275362318841
CENTRO 2,2023-01-26,534,267,267,0.5
CENTRO 2,2023-01-27,502,267,235,0.468127490039841
CENTRO 2,2023-01-28,634,313,321,0.506309148264984
CENTRO 2,2023-01-29,484,264,220,0.454545454545455
CENTRO 2,2023-01-30,578,286,292,0.505190311418685
CENTRO 2,2023-01-31,651,346,305,0.468509984639017
CENTRO 2,2023-02-01,578,305,273,0.472318339100346
CENTRO 2,2023-02-02,535,295,240,0.448598130841121
CENTRO 2,2023-02-03,557,286,271,0.486535008976661
CENTRO 2,2023-02-04,712,402,310,0.435393258426966
CENTRO 2,2023-02-05,473,259,214,0.452431289640592
CENTRO 2,2023-02-06,533,286,247,0.463414634146341
CENTRO 2,2023-02-07,530,288,242,0.456603773584906
CENTRO 2,2023-02-08,552,273,279,0.505434782608696
CENTRO 2,2023-02-09,521,299,222,0.426103646833013
CENTRO 2,2023-02-10,559,296,263,0.470483005366726
CENTRO 2,2023-02-11,585,295,290,0.495726495726496
CENTRO 2,2023-02-12,416,221,195,0.46875
CENTRO 2,2023-02-13,519,277,242,0.466281310211946
CENTRO 2,2023-02-14,498,283,215,0.431726907630522
CENTRO 2,2023-02-15,500,292,208,0.416
CENTRO 2,2023-02-16,533,301,232,0.435272045028143
CENTRO 2,2023-02-17,508,272,236,0.464566929133858
CENTRO 2,2023-02-18,660,344,316,0.478787878787879
CENTRO 2,2023-02-19,458,257,201,0.438864628820961
CENTRO 2,2023-02-20,495,280,215,0.434343434343434
CENTRO 2,2023-02-21,492,300,192,0.390243902439024
CENTRO 2,2023-02-22,517,329,188,0.363636363636364
CENTRO 2,2023-02-23,492,309,183,0.371951219512195
CENTRO 2,2023-02-24,502,299,203,0.404382470119522
CENTRO 2,2023-02-25,594,362,232,0.390572390572391
CENTRO 2,2023-02-26,438,284,154,0.351598173515982
CENTRO 2,2023-02-27,549,323,226,0.411657559198543
CENTRO 2,2023-02-28,602,372,230,0.382059800664452
CENTRO 2,2023-03-01,562,340,222,0.395017793594306
CENTRO 2,2023-03-02,484,276,208,0.429752066115702
CENTRO 2,2023-03-03,594,371,223,0.375420875420875
CENTRO 2,2023-03-04,699,438,261,0.373390557939914
CENTRO 2,2023-03-05,527,311,216,0.409867172675522
CENTRO 2,2023-03-06,491,301,190,0.386965376782077
CENTRO 2,2023-03-07,552,343,209,0.378623188405797
CENTRO 2,2023-03-08,543,360,183,0.337016574585635
CENTRO 2,2023-03-09,512,354,158,0.30859375
CENTRO 2,2023-03-10,509,386,123,0.241650294695481
CENTRO 2,2023-03-11,582,426,156,0.268041237113402
CENTRO 2,2023-03-12,466,345,121,0.259656652360515
CENTRO 2,2023-03-13,500,365,135,0.27
CENTRO 2,2023-03-14,547,415,132,0.241316270566728
CENTRO 2,2023-03-15,558,462,96,0.172043010752688
CENTRO 2,2023-03-16,615,513,102,0.165853658536585
CENTRO 2,2023-03-17,746,622,124,0.166219839142091
CENTRO 2,2023-03-18,824,693,131,0.158980582524272
CENTRO 2,2023-03-19,662,573,89,0.134441087613293
CENTRO 2,2023-03-20,770,660,110,0.142857142857143
CENTRO 2,2023-03-21,623,573,50,0.0802568218298555
CENTRO 2,2023-03-22,569,521,48,0.0843585237258348
CENTRO 2,2023-03-23,583,540,43,0.0737564322469983
CENTRO 2,2023-03-24,554,513,41,0.0740072202166065
CENTRO 2,2023-03-25,692,647,45,0.065028901734104
CENTRO 2,2023-03-26,559,524,35,0.0626118067978533
CENTRO 2,2023-03-27,482,454,28,0.0580912863070539
CENTRO 2,2023-03-28,464,440,24,0.0517241379310345
CENTRO 2,2023-03-29,501,484,17,0.0339321357285429
CENTRO 2,2023-03-30,598,563,35,0.0585284280936455
CENTRO 2,2023-03-31,855,807,48,0.056140350877193
CENTRO 2,2023-04-01,700,677,23,0.0328571428571429
CENTRO 2,2023-04-02,460,429,31,0.0673913043478261
CENTRO 2,2023-04-03,644,620,24,0.0372670807453416
CENTRO 2,2023-04-04,631,599,32,0.0507131537242472
CENTRO 2,2023-04-05,527,467,60,0.113851992409867
CENTRO 2,2023-04-06,583,560,23,0.039451114922813
CENTRO 2,2023-04-07,420,410,10,0.0238095238095238
CENTRO 2,2023-04-08,318,305,13,0.0408805031446541
CENTRO 2,2023-04-09,299,286,13,0.0434782608695652
CENTRO 2,2023-04-10,444,424,20,0.045045045045045
CENTRO 2,2023-04-11,492,457,35,0.0711382113821138
CENTRO 2,2023-04-12,513,480,33,0.064327485380117
CENTRO 2,2023-04-13,506,482,24,0.0474308300395257
CENTRO 2,2023-04-14,597,554,43,0.0720268006700168
CENTRO 2,2023-04-15,815,744,71,0.0871165644171779
CENTRO 2,2023-04-16,687,657,30,0.0436681222707424
CENTRO 2,2023-04-17,650,616,34,0.0523076923076923
CENTRO 2,2023-04-18,577,524,53,0.0918544194107452
CENTRO 2,2023-04-19,523,487,36,0.0688336520076482
CENTRO 2,2023-04-20,497,460,37,0.0744466800804829
CENTRO 2,2023-04-21,576,545,31,0.0538194444444444
CENTRO 2,2023-04-22,654,620,34,0.0519877675840979
CENTRO 2,2023-04-23,584,555,29,0.0496575342465753
CENTRO 2,2023-04-24,617,577,40,0.0648298217179903
CENTRO 2,2023-04-25,699,648,51,0.0729613733905579
CENTRO 2,2023-04-26,581,546,35,0.0602409638554217
CENTRO 2,2023-04-27,532,495,37,0.0695488721804511
CENTRO 2,2023-04-28,635,587,48,0.0755905511811024
CENTRO 2,2023-04-29,855,798,57,0.0666666666666667
CENTRO 2,2023-04-30,636,586,50,0.0786163522012579
CENTRO 2,2023-05-01,483,433,50,0.10351966873706
CENTRO 2,2023-05-02,630,577,53,0.0841269841269841
CENTRO 2,2023-05-03,530,491,39,0.0735849056603774
CENTRO 2,2023-05-04,576,540,36,0.0625
CENTRO 2,2023-05-05,605,566,39,0.0644628099173554
CENTRO 2,2023-05-06,607,558,49,0.0807248764415156
CENTRO 2,2023-05-07,472,447,25,0.0529661016949153
CENTRO 2,2023-05-08,538,503,35,0.0650557620817844
CENTRO 2,2023-05-09,528,492,36,0.0681818181818182
CENTRO 2,2023-05-10,538,492,46,0.0855018587360595
CENTRO 2,2023-05-11,503,464,39,0.0775347912524851
CENTRO 2,2023-05-12,577,527,50,0.0866551126516465
CENTRO 2,2023-05-13,779,737,42,0.0539152759948652
CENTRO 2,2023-05-14,696,653,43,0.0617816091954023
CENTRO 2,2023-05-15,879,811,68,0.0773606370875995
CENTRO 2,2023-05-16,865,799,66,0.0763005780346821
CENTRO 2,2023-05-17,810,741,69,0.0851851851851852
CENTRO 2,2023-05-18,603,568,35,0.0580431177446103
CENTRO 2,2023-05-19,509,466,43,0.0844793713163065
CENTRO 2,2023-05-20,705,662,43,0.0609929078014184
CENTRO 2,2023-05-21,578,537,41,0.0709342560553633
CENTRO 2,2023-05-22,680,644,36,0.0529411764705882
CENTRO 2,2023-05-23,553,522,31,0.0560578661844485
CENTRO 2,2023-05-24,571,537,34,0.0595446584938704
CENTRO 2,2023-05-25,603,554,49,0.0812603648424544
CENTRO 2,2023-05-26,606,561,45,0.0742574257425743
CENTRO 2,2023-05-27,693,643,50,0.0721500721500721
CENTRO 2,2023-05-28,521,487,34,0.0652591170825336
CENTRO 2,2023-05-29,645,589,56,0.0868217054263566
CENTRO 2,2023-05-30,723,648,75,0.103734439834025
CENTRO 2,2023-05-31,745,679,66,0.0885906040268456
CENTRO 2,2023-06-01,623,568,55,0.0882825040128411
CENTRO 2,2023-06-02,557,501,56,0.100538599640934
CENTRO 2,2023-06-03,595,545,50,0.0840336134453782
CENTRO 2,2023-06-04,553,510,43,0.0777576853526221
CENTRO 2,2023-06-05,587,521,66,0.112436115843271
CENTRO 2,2023-06-06,530,493,37,0.069811320754717
CENTRO 2,2023-06-07,543,496,47,0.0865561694290976
CENTRO 2,2023-06-08,576,530,46,0.0798611111111111
CENTRO 2,2023-06-09,544,489,55,0.101102941176471
CENTRO 2,2023-06-10,609,557,52,0.0853858784893268
CENTRO 2,2023-06-11,503,467,36,0.0715705765407555
CENTRO 2,2023-06-12,568,513,55,0.096830985915493
CENTRO 2,2023-06-13,519,468,51,0.0982658959537572
CENTRO 2,2023-06-14,647,597,50,0.0772797527047913
CENTRO 2,2023-06-15,631,585,46,0.0729001584786054
CENTRO 2,2023-06-16,632,585,47,0.0743670886075949
CENTRO 2,2023-06-17,659,606,53,0.0804248861911988
CENTRO 2,2023-06-18,485,453,32,0.065979381443299
CENTRO 2,2023-06-19,580,534,46,0.0793103448275862
CENTRO 2,2023-06-20,562,519,43,0.0765124555160142
CENTRO 2,2023-06-21,569,523,46,0.0808435852372583
CENTRO 2,2023-06-22,516,482,34,0.0658914728682171
CENTRO 2,2023-06-23,575,525,50,0.0869565217391304
CENTRO 2,2023-06-24,679,634,45,0.0662739322533137
CENTRO 2,2023-06-25,464,436,28,0.0603448275862069
CENTRO 2,2023-06-26,533,501,32,0.0600375234521576
CENTRO 2,2023-06-27,518,498,20,0.0386100386100386
CENTRO 2,2023-06-28,533,513,20,0.0375234521575985
CENTRO 2,2023-06-29,569,528,41,0.0720562390158172
CENTRO 2,2023-06-30,445,382,63,0.141573033707865
CENTRO 2,2023-07-01,652,619,33,0.0506134969325153
CENTRO 2,2023-07-02,384,375,9,0.0234375
CENTRO 2,2023-07-03,562,539,23,0.0409252669039146
CENTRO 2,2023-07-04,494,471,23,0.0465587044534413
CENTRO 2,2023-07-05,419,398,21,0.0501193317422434
CENTRO 2,2023-07-06,435,414,21,0.0482758620689655
CENTRO 2,2023-07-07,554,535,19,0.0342960288808664
CENTRO 2,2023-07-08,627,602,25,0.0398724082934609
CENTRO 2,2023-07-09,490,468,22,0.0448979591836735
CENTRO 2,2023-07-10,562,539,23,0.0409252669039146
CENTRO 2,2023-07-11,570,541,29,0.0508771929824561
CENTRO 2,2023-07-12,502,475,27,0.0537848605577689
CENTRO 2,2023-07-13,505,475,30,0.0594059405940594
CENTRO 2,2023-07-14,516,491,25,0.0484496124031008
CENTRO 2,2023-07-15,654,629,25,0.0382262996941896
CENTRO 2,2023-07-16,519,503,16,0.0308285163776493
CENTRO 2,2023-07-17,564,543,21,0.0372340425531915
CENTRO 2,2023-07-18,556,536,20,0.0359712230215827
CENTRO 2,2023-07-19,563,541,22,0.0390763765541741
CENTRO 2,2023-07-20,625,595,30,0.048
CENTRO 2,2023-07-21,569,546,23,0.0404217926186292
CENTRO 2,2023-07-22,639,618,21,0.0328638497652582
CENTRO 2,2023-07-23,482,466,16,0.033195020746888
CENTRO 2,2023-07-24,564,538,26,0.0460992907801418
CENTRO 2,2023-07-25,588,567,21,0.0357142857142857
CENTRO 2,2023-07-26,537,516,21,0.0391061452513966
CENTRO 2,2023-07-27,611,590,21,0.0343698854337152
CENTRO 2,2023-07-28,682,658,24,0.0351906158357771
CENTRO 2,2023-07-29,693,670,23,0.0331890331890332
CENTRO 2,2023-07-30,586,570,16,0.0273037542662116
CENTRO 2,2023-07-31,657,634,23,0.0350076103500761
CENTRO 2,2023-08-01,685,658,27,0.0394160583941606
CENTRO 2,2023-08-02,653,627,26,0.0398162327718224
CENTRO 2,2023-08-03,661,553,108,0.16338880484115
CENTRO 2,2023-08-04,610,583,27,0.0442622950819672
CENTRO 2,2023-08-05,726,691,35,0.0482093663911846
CENTRO 2,2023-08-06,575,560,15,0.0260869565217391
CENTRO 2,2023-08-07,613,591,22,0.0358890701468189
CENTRO 2,2023-08-08,604,582,22,0.0364238410596026
CENTRO 2,2023-08-09,636,607,29,0.0455974842767296
CENTRO 2,2023-08-10,587,565,22,0.0374787052810903
CENTRO 2,2023-08-11,643,612,31,0.0482115085536547
CENTRO 2,2023-08-12,671,654,17,0.0253353204172876
CENTRO 2,2023-08-13,562,544,18,0.0320284697508897
CENTRO 2,2023-08-14,534,507,27,0.050561797752809
CENTRO 2,2023-08-15,748,723,25,0.0334224598930481
CENTRO 2,2023-08-16,598,577,21,0.0351170568561873
CENTRO 2,2023-08-17,599,569,30,0.0500834724540902
CENTRO 2,2023-08-18,635,604,31,0.0488188976377953
CENTRO 2,2023-08-19,694,670,24,0.0345821325648415
CENTRO 2,2023-08-20,532,512,20,0.037593984962406
CENTRO 2,2023-08-21,574,569,5,0.00871080139372822
CENTRO 2,2023-08-22,569,567,2,0.00351493848857645
CENTRO 2,2023-08-23,581,572,9,0.0154905335628227
CENTRO 2,2023-08-24,623,610,13,0.0208667736757624
CENTRO 2,2023-08-25,648,638,10,0.0154320987654321
CENTRO 2,2023-08-26,718,712,6,0.00835654596100279
CENTRO 2,2023-08-27,634,631,3,0.00473186119873817
CENTRO 2,2023-08-28,649,641,8,0.012326656394453
CENTRO 2,2023-08-29,605,596,9,0.0148760330578512
CENTRO 2,2023-08-30,636,629,7,0.0110062893081761
CENTRO 2,2023-08-31,587,578,9,0.0153321976149915
CENTRO 2,2023-09-01,598,595,3,0.00501672240802676
CENTRO 2,2023-09-02,698,692,6,0.00859598853868195
CENTRO 2,2023-09-03,539,537,2,0.00371057513914657
CENTRO 2,2023-09-04,554,551,3,0.00541516245487365
CENTRO 2,2023-09-05,596,594,2,0.00335570469798658
CENTRO 2,2023-09-06,534,527,7,0.0131086142322097
CENTRO 2,2023-09-07,496,494,2,0.00403225806451613
CENTRO 2,2023-09-08,469,464,5,0.0106609808102345
CENTRO 2,2023-09-09,667,665,2,0.00299850074962519
CENTRO 2,2023-09-10,519,518,1,0.00192678227360308
CENTRO 2,2023-09-11,534,525,9,0.0168539325842697
CENTRO 2,2023-09-12,562,556,6,0.0106761565836299
CENTRO 2,2023-09-13,447,435,12,0.0268456375838926
CENTRO 2,2023-09-14,462,451,11,0.0238095238095238
CENTRO 2,2023-09-15,585,574,11,0.0188034188034188
CENTRO 2,2023-09-16,437,431,6,0.0137299771167048
CENTRO 2,2023-09-17,511,503,8,0.0156555772994129
CENTRO 2,2023-09-18,580,576,4,0.00689655172413793
CENTRO 2,2023-09-19,547,540,7,0.0127970749542962
CENTRO 2,2023-09-20,551,542,9,0.0163339382940109
CENTRO 2,2023-09-21,616,601,15,0.0243506493506494
CENTRO 2,2023-09-22,616,602,14,0.0227272727272727
CENTRO 2,2023-09-23,723,714,9,0.012448132780083
CENTRO 2,2023-09-24,524,516,8,0.0152671755725191
CENTRO 2,2023-09-25,581,570,11,0.0189328743545611
CENTRO 2,2023-09-26,583,577,6,0.0102915951972556
CENTRO 2,2023-09-27,534,530,4,0.00749063670411985
CENTRO 2,2023-09-28,614,606,8,0.0130293159609121
CENTRO 2,2023-09-29,653,637,16,0.0245022970903522
CENTRO 2,2023-09-30,813,790,23,0.028290282902829
CENTRO 2,2023-10-01,511,502,9,0.0176125244618395
CENTRO 2,2023-10-02,539,531,8,0.0148423005565863
CENTRO 2,2023-10-03,559,540,19,0.0339892665474061
CENTRO 2,2023-10-04,492,472,20,0.040650406504065
CENTRO 2,2023-10-05,477,455,22,0.0461215932914046
CENTRO 2,2023-10-06,537,515,22,0.0409683426443203
CENTRO 2,2023-10-07,581,571,10,0.0172117039586919
CENTRO 2,2023-10-08,455,431,24,0.0527472527472527
CENTRO 2,2023-10-09,495,476,19,0.0383838383838384
CENTRO 2,2023-10-10,495,481,14,0.0282828282828283
CENTRO 2,2023-10-11,488,457,31,0.0635245901639344
CENTRO 2,2023-10-12,432,413,19,0.0439814814814815
CENTRO 2,2023-10-13,433,411,22,0.0508083140877598
CENTRO 2,2023-10-14,629,604,25,0.0397456279809221
CENTRO 2,2023-10-15,513,501,12,0.0233918128654971
CENTRO 2,2023-10-16,582,566,16,0.0274914089347079
CENTRO 2,2023-10-17,523,510,13,0.0248565965583174
CENTRO 2,2023-10-18,527,505,22,0.0417457305502846
CENTRO 2,2023-10-19,520,498,22,0.0423076923076923
CENTRO 2,2023-10-20,486,471,15,0.0308641975308642
CENTRO 2,2023-10-21,568,550,18,0.0316901408450704
CENTRO 2,2023-10-22,456,444,12,0.0263157894736842
CENTRO 2,2023-10-23,482,458,24,0.0497925311203319
CENTRO 2,2023-10-24,488,475,13,0.0266393442622951
CENTRO 2,2023-10-25,471,457,14,0.029723991507431
NORESTE-FRONTERA,2023-01-01,NA,NA,17,NA
NORESTE-FRONTERA,2023-01-02,444,338,106,0.238738738738739
NORESTE-FRONTERA,2023-01-03,535,410,125,0.233644859813084
NORESTE-FRONTERA,2023-01-04,552,397,155,0.280797101449275
NORESTE-FRONTERA,2023-01-05,557,447,110,0.197486535008977
NORESTE-FRONTERA,2023-01-06,632,472,160,0.253164556962025
NORESTE-FRONTERA,2023-01-07,680,513,167,0.245588235294118
NORESTE-FRONTERA,2023-01-08,413,305,108,0.261501210653753
NORESTE-FRONTERA,2023-01-09,557,408,149,0.267504488330341
NORESTE-FRONTERA,2023-01-10,561,438,123,0.219251336898396
NORESTE-FRONTERA,2023-01-11,569,441,128,0.224956063268893
NORESTE-FRONTERA,2023-01-12,514,396,118,0.229571984435798
NORESTE-FRONTERA,2023-01-13,584,467,117,0.200342465753425
NORESTE-FRONTERA,2023-01-14,665,536,129,0.193984962406015
NORESTE-FRONTERA,2023-01-15,436,348,88,0.201834862385321
NORESTE-FRONTERA,2023-01-16,545,417,128,0.234862385321101
NORESTE-FRONTERA,2023-01-17,544,417,127,0.233455882352941
NORESTE-FRONTERA,2023-01-18,497,389,108,0.217303822937626
NORESTE-FRONTERA,2023-01-19,498,388,110,0.220883534136546
NORESTE-FRONTERA,2023-01-20,552,449,103,0.186594202898551
NORESTE-FRONTERA,2023-01-21,674,537,137,0.20326409495549
NORESTE-FRONTERA,2023-01-22,352,269,83,0.235795454545455
NORESTE-FRONTERA,2023-01-23,467,360,107,0.229122055674518
NORESTE-FRONTERA,2023-01-24,513,416,97,0.189083820662768
NORESTE-FRONTERA,2023-01-25,511,396,115,0.225048923679061
NORESTE-FRONTERA,2023-01-26,485,359,126,0.25979381443299
NORESTE-FRONTERA,2023-01-27,534,417,117,0.219101123595506
NORESTE-FRONTERA,2023-01-28,715,479,236,0.33006993006993
NORESTE-FRONTERA,2023-01-29,424,307,117,0.275943396226415
NORESTE-FRONTERA,2023-01-30,515,394,121,0.23495145631068
NORESTE-FRONTERA,2023-01-31,523,408,115,0.219885277246654
NORESTE-FRONTERA,2023-02-01,487,397,90,0.184804928131417
NORESTE-FRONTERA,2023-02-02,532,406,126,0.236842105263158
NORESTE-FRONTERA,2023-02-03,548,425,123,0.224452554744526
NORESTE-FRONTERA,2023-02-04,711,550,161,0.226441631504923
NORESTE-FRONTERA,2023-02-05,450,349,101,0.224444444444444
NORESTE-FRONTERA,2023-02-06,453,372,81,0.178807947019868
NORESTE-FRONTERA,2023-02-07,534,435,99,0.185393258426966
NORESTE-FRONTERA,2023-02-08,508,410,98,0.192913385826772
NORESTE-FRONTERA,2023-02-09,549,445,104,0.189435336976321
NORESTE-FRONTERA,2023-02-10,534,435,99,0.185393258426966
NORESTE-FRONTERA,2023-02-11,669,494,175,0.261584454409567
NORESTE-FRONTERA,2023-02-12,473,368,105,0.221987315010571
NORESTE-FRONTERA,2023-02-13,498,387,111,0.22289156626506
NORESTE-FRONTERA,2023-02-14,496,384,112,0.225806451612903
NORESTE-FRONTERA,2023-02-15,544,439,105,0.193014705882353
NORESTE-FRONTERA,2023-02-16,569,458,111,0.195079086115993
NORESTE-FRONTERA,2023-02-17,589,458,131,0.222410865874363
NORESTE-FRONTERA,2023-02-18,759,593,166,0.21870882740448
NORESTE-FRONTERA,2023-02-19,464,347,117,0.252155172413793
NORESTE-FRONTERA,2023-02-20,513,399,114,0.222222222222222
NORESTE-FRONTERA,2023-02-21,521,393,128,0.245681381957774
NORESTE-FRONTERA,2023-02-22,545,410,135,0.247706422018349
NORESTE-FRONTERA,2023-02-23,519,384,135,0.260115606936416
NORESTE-FRONTERA,2023-02-24,516,376,140,0.271317829457364
NORESTE-FRONTERA,2023-02-25,760,510,250,0.328947368421053
NORESTE-FRONTERA,2023-02-26,454,340,114,0.251101321585903
NORESTE-FRONTERA,2023-02-27,536,391,145,0.270522388059701
NORESTE-FRONTERA,2023-02-28,647,477,170,0.262751159196291
NORESTE-FRONTERA,2023-03-01,604,456,148,0.245033112582781
NORESTE-FRONTERA,2023-03-02,634,472,162,0.255520504731861
NORESTE-FRONTERA,2023-03-03,671,500,171,0.254843517138599
NORESTE-FRONTERA,2023-03-04,792,563,229,0.289141414141414
NORESTE-FRONTERA,2023-03-05,398,285,113,0.28391959798995
NORESTE-FRONTERA,2023-03-06,523,395,128,0.244741873804971
NORESTE-FRONTERA,2023-03-07,603,451,152,0.252072968490879
NORESTE-FRONTERA,2023-03-08,628,459,169,0.269108280254777
NORESTE-FRONTERA,2023-03-09,587,493,94,0.160136286201022
NORESTE-FRONTERA,2023-03-10,646,544,102,0.157894736842105
NORESTE-FRONTERA,2023-03-11,798,664,134,0.167919799498747
NORESTE-FRONTERA,2023-03-12,507,422,85,0.167652859960552
NORESTE-FRONTERA,2023-03-13,550,468,82,0.149090909090909
NORESTE-FRONTERA,2023-03-14,637,531,106,0.166405023547881
NORESTE-FRONTERA,2023-03-15,584,541,43,0.0736301369863014
NORESTE-FRONTERA,2023-03-16,676,638,38,0.0562130177514793
NORESTE-FRONTERA,2023-03-17,773,714,59,0.0763260025873221
NORESTE-FRONTERA,2023-03-18,976,914,62,0.0635245901639344
NORESTE-FRONTERA,2023-03-19,581,540,41,0.0705679862306368
NORESTE-FRONTERA,2023-03-20,660,612,48,0.0727272727272727
NORESTE-FRONTERA,2023-03-21,737,702,35,0.0474898236092266
NORESTE-FRONTERA,2023-03-22,688,663,25,0.0363372093023256
NORESTE-FRONTERA,2023-03-23,714,688,26,0.0364145658263305
NORESTE-FRONTERA,2023-03-24,730,693,37,0.0506849315068493
NORESTE-FRONTERA,2023-03-25,822,782,40,0.048661800486618
NORESTE-FRONTERA,2023-03-26,528,496,32,0.0606060606060606
NORESTE-FRONTERA,2023-03-27,642,617,25,0.0389408099688473
NORESTE-FRONTERA,2023-03-28,511,495,16,0.0313111545988258
NORESTE-FRONTERA,2023-03-29,614,579,35,0.0570032573289902
NORESTE-FRONTERA,2023-03-30,704,667,37,0.0525568181818182
NORESTE-FRONTERA,2023-03-31,976,941,35,0.0358606557377049
NORESTE-FRONTERA,2023-04-01,780,756,24,0.0307692307692308
NORESTE-FRONTERA,2023-04-02,454,435,19,0.0418502202643172
NORESTE-FRONTERA,2023-04-03,703,685,18,0.0256045519203414
NORESTE-FRONTERA,2023-04-04,632,621,11,0.0174050632911392
NORESTE-FRONTERA,2023-04-05,552,528,24,0.0434782608695652
NORESTE-FRONTERA,2023-04-06,639,631,8,0.0125195618153365
NORESTE-FRONTERA,2023-04-07,607,602,5,0.00823723228995058
NORESTE-FRONTERA,2023-04-08,562,556,6,0.0106761565836299
NORESTE-FRONTERA,2023-04-09,342,339,3,0.0087719298245614
NORESTE-FRONTERA,2023-04-10,490,481,9,0.0183673469387755
NORESTE-FRONTERA,2023-04-11,590,576,14,0.023728813559322
NORESTE-FRONTERA,2023-04-12,546,535,11,0.0201465201465201
NORESTE-FRONTERA,2023-04-13,532,520,12,0.0225563909774436
NORESTE-FRONTERA,2023-04-14,717,706,11,0.0153417015341702
NORESTE-FRONTERA,2023-04-15,875,852,23,0.0262857142857143
NORESTE-FRONTERA,2023-04-16,564,552,12,0.0212765957446809
NORESTE-FRONTERA,2023-04-17,678,656,22,0.0324483775811209
NORESTE-FRONTERA,2023-04-18,669,651,18,0.0269058295964126
NORESTE-FRONTERA,2023-04-19,597,581,16,0.0268006700167504
NORESTE-FRONTERA,2023-04-20,597,570,27,0.0452261306532663
NORESTE-FRONTERA,2023-04-21,734,713,21,0.0286103542234332
NORESTE-FRONTERA,2023-04-22,767,744,23,0.029986962190352
NORESTE-FRONTERA,2023-04-23,565,555,10,0.0176991150442478
NORESTE-FRONTERA,2023-04-24,645,630,15,0.0232558139534884
NORESTE-FRONTERA,2023-04-25,769,740,29,0.0377113133940182
NORESTE-FRONTERA,2023-04-26,693,675,18,0.025974025974026
NORESTE-FRONTERA,2023-04-27,609,590,19,0.0311986863711002
NORESTE-FRONTERA,2023-04-28,727,702,25,0.0343878954607978
NORESTE-FRONTERA,2023-04-29,850,819,31,0.0364705882352941
NORESTE-FRONTERA,2023-04-30,649,624,25,0.0385208012326656
NORESTE-FRONTERA,2023-05-01,538,522,16,0.0297397769516729
NORESTE-FRONTERA,2023-05-02,620,601,19,0.0306451612903226
NORESTE-FRONTERA,2023-05-03,588,572,16,0.0272108843537415
NORESTE-FRONTERA,2023-05-04,628,605,23,0.036624203821656
NORESTE-FRONTERA,2023-05-05,711,682,29,0.0407876230661041
NORESTE-FRONTERA,2023-05-06,736,713,23,0.03125
NORESTE-FRONTERA,2023-05-07,567,552,15,0.0264550264550265
NORESTE-FRONTERA,2023-05-08,581,554,27,0.0464716006884682
NORESTE-FRONTERA,2023-05-09,653,628,25,0.0382848392036753
NORESTE-FRONTERA,2023-05-10,587,555,32,0.0545144804088586
NORESTE-FRONTERA,2023-05-11,610,579,31,0.0508196721311475
NORESTE-FRONTERA,2023-05-12,652,624,28,0.0429447852760736
NORESTE-FRONTERA,2023-05-13,851,815,36,0.0423031727379553
NORESTE-FRONTERA,2023-05-14,794,764,30,0.0377833753148615
NORESTE-FRONTERA,2023-05-15,874,840,34,0.0389016018306636
NORESTE-FRONTERA,2023-05-16,925,894,31,0.0335135135135135
NORESTE-FRONTERA,2023-05-17,850,810,40,0.0470588235294118
NORESTE-FRONTERA,2023-05-18,582,564,18,0.0309278350515464
NORESTE-FRONTERA,2023-05-19,727,695,32,0.0440165061898212
NORESTE-FRONTERA,2023-05-20,742,715,27,0.0363881401617251
NORESTE-FRONTERA,2023-05-21,696,661,35,0.0502873563218391
NORESTE-FRONTERA,2023-05-22,707,679,28,0.0396039603960396
NORESTE-FRONTERA,2023-05-23,663,643,20,0.0301659125188537
NORESTE-FRONTERA,2023-05-24,639,608,31,0.0485133020344288
NORESTE-FRONTERA,2023-05-25,645,603,42,0.0651162790697674
NORESTE-FRONTERA,2023-05-26,527,495,32,0.0607210626185958
NORESTE-FRONTERA,2023-05-27,647,600,47,0.0726429675425039
NORESTE-FRONTERA,2023-05-28,548,513,35,0.0638686131386861
NORESTE-FRONTERA,2023-05-29,608,575,33,0.0542763157894737
NORESTE-FRONTERA,2023-05-30,584,545,39,0.0667808219178082
NORESTE-FRONTERA,2023-05-31,634,592,42,0.0662460567823344
NORESTE-FRONTERA,2023-06-01,484,447,37,0.0764462809917355
NORESTE-FRONTERA,2023-06-02,551,517,34,0.0617059891107078
NORESTE-FRONTERA,2023-06-03,605,579,26,0.0429752066115702
NORESTE-FRONTERA,2023-06-04,530,508,22,0.0415094339622641
NORESTE-FRONTERA,2023-06-05,554,525,29,0.0523465703971119
NORESTE-FRONTERA,2023-06-06,584,557,27,0.0462328767123288
NORESTE-FRONTERA,2023-06-07,632,601,31,0.0490506329113924
NORESTE-FRONTERA,2023-06-08,569,539,30,0.0527240773286467
NORESTE-FRONTERA,2023-06-09,613,589,24,0.0391517128874388
NORESTE-FRONTERA,2023-06-10,687,655,32,0.0465793304221252
NORESTE-FRONTERA,2023-06-11,540,519,21,0.0388888888888889
NORESTE-FRONTERA,2023-06-12,614,589,25,0.0407166123778502
NORESTE-FRONTERA,2023-06-13,630,600,30,0.0476190476190476
NORESTE-FRONTERA,2023-06-14,612,582,30,0.0490196078431373
NORESTE-FRONTERA,2023-06-15,603,572,31,0.0514096185737977
NORESTE-FRONTERA,2023-06-16,598,560,38,0.0635451505016722
NORESTE-FRONTERA,2023-06-17,692,663,29,0.0419075144508671
NORESTE-FRONTERA,2023-06-18,437,416,21,0.0480549199084668
NORESTE-FRONTERA,2023-06-19,592,561,31,0.0523648648648649
NORESTE-FRONTERA,2023-06-20,542,513,29,0.0535055350553506
NORESTE-FRONTERA,2023-06-21,578,545,33,0.0570934256055363
NORESTE-FRONTERA,2023-06-22,624,603,21,0.0336538461538462
NORESTE-FRONTERA,2023-06-23,643,604,39,0.0606531881804044
NORESTE-FRONTERA,2023-06-24,700,664,36,0.0514285714285714
NORESTE-FRONTERA,2023-06-25,535,513,22,0.0411214953271028
NORESTE-FRONTERA,2023-06-26,602,574,28,0.0465116279069767
NORESTE-FRONTERA,2023-06-27,661,626,35,0.0529500756429652
NORESTE-FRONTERA,2023-06-28,542,518,24,0.044280442804428
NORESTE-FRONTERA,2023-06-29,601,583,18,0.0299500831946755
NORESTE-FRONTERA,2023-06-30,341,324,17,0.0498533724340176
NORESTE-FRONTERA,2023-07-01,620,607,13,0.0209677419354839
NORESTE-FRONTERA,2023-07-02,417,406,11,0.026378896882494
NORESTE-FRONTERA,2023-07-03,555,541,14,0.0252252252252252
NORESTE-FRONTERA,2023-07-04,621,602,19,0.0305958132045089
NORESTE-FRONTERA,2023-07-05,397,387,10,0.0251889168765743
NORESTE-FRONTERA,2023-07-06,491,477,14,0.0285132382892057
NORESTE-FRONTERA,2023-07-07,593,582,11,0.0185497470489039
NORESTE-FRONTERA,2023-07-08,645,631,14,0.0217054263565891
NORESTE-FRONTERA,2023-07-09,541,538,3,0.0055452865064695
NORESTE-FRONTERA,2023-07-10,537,523,14,0.0260707635009311
NORESTE-FRONTERA,2023-07-11,594,579,15,0.0252525252525253
NORESTE-FRONTERA,2023-07-12,612,598,14,0.0228758169934641
NORESTE-FRONTERA,2023-07-13,635,618,17,0.0267716535433071
NORESTE-FRONTERA,2023-07-14,617,603,14,0.0226904376012966
NORESTE-FRONTERA,2023-07-15,733,709,24,0.0327421555252387
NORESTE-FRONTERA,2023-07-16,466,464,2,0.00429184549356223
NORESTE-FRONTERA,2023-07-17,618,604,14,0.0226537216828479
NORESTE-FRONTERA,2023-07-18,641,634,7,0.0109204368174727
NORESTE-FRONTERA,2023-07-19,579,570,9,0.0155440414507772
NORESTE-FRONTERA,2023-07-20,637,624,13,0.0204081632653061
NORESTE-FRONTERA,2023-07-21,728,712,16,0.021978021978022
NORESTE-FRONTERA,2023-07-22,764,750,14,0.0183246073298429
NORESTE-FRONTERA,2023-07-23,504,501,3,0.00595238095238095
NORESTE-FRONTERA,2023-07-24,569,552,17,0.0298769771528998
NORESTE-FRONTERA,2023-07-25,642,629,13,0.0202492211838006
NORESTE-FRONTERA,2023-07-26,651,637,14,0.021505376344086
NORESTE-FRONTERA,2023-07-27,680,670,10,0.0147058823529412
NORESTE-FRONTERA,2023-07-28,737,722,15,0.0203527815468114
NORESTE-FRONTERA,2023-07-29,744,730,14,0.0188172043010753
NORESTE-FRONTERA,2023-07-30,507,499,8,0.0157790927021696
NORESTE-FRONTERA,2023-07-31,593,576,17,0.0286677908937605
NORESTE-FRONTERA,2023-08-01,596,573,23,0.0385906040268456
NORESTE-FRONTERA,2023-08-02,719,697,22,0.0305980528511822
NORESTE-FRONTERA,2023-08-03,640,544,96,0.15
NORESTE-FRONTERA,2023-08-04,659,630,29,0.0440060698027314
NORESTE-FRONTERA,2023-08-05,732,705,27,0.0368852459016393
NORESTE-FRONTERA,2023-08-06,497,476,21,0.0422535211267606
NORESTE-FRONTERA,2023-08-07,585,561,24,0.041025641025641
NORESTE-FRONTERA,2023-08-08,601,580,21,0.0349417637271215
NORESTE-FRONTERA,2023-08-09,586,566,20,0.0341296928327645
NORESTE-FRONTERA,2023-08-10,573,549,24,0.0418848167539267
NORESTE-FRONTERA,2023-08-11,691,666,25,0.0361794500723589
NORESTE-FRONTERA,2023-08-12,631,599,32,0.0507131537242472
NORESTE-FRONTERA,2023-08-13,424,406,18,0.0424528301886792
NORESTE-FRONTERA,2023-08-14,543,524,19,0.0349907918968692
NORESTE-FRONTERA,2023-08-15,657,639,18,0.0273972602739726
NORESTE-FRONTERA,2023-08-16,653,633,20,0.0306278713629403
NORESTE-FRONTERA,2023-08-17,705,678,27,0.0382978723404255
NORESTE-FRONTERA,2023-08-18,796,781,15,0.0188442211055276
NORESTE-FRONTERA,2023-08-19,886,833,53,0.0598194130925508
NORESTE-FRONTERA,2023-08-20,589,566,23,0.0390492359932088
NORESTE-FRONTERA,2023-08-21,570,551,19,0.0333333333333333
NORESTE-FRONTERA,2023-08-22,572,551,21,0.0367132867132867
NORESTE-FRONTERA,2023-08-23,686,647,39,0.0568513119533528
NORESTE-FRONTERA,2023-08-24,646,612,34,0.0526315789473684
NORESTE-FRONTERA,2023-08-25,792,750,42,0.053030303030303
NORESTE-FRONTERA,2023-08-26,894,859,35,0.0391498881431767
NORESTE-FRONTERA,2023-08-27,667,634,33,0.0494752623688156
NORESTE-FRONTERA,2023-08-28,640,611,29,0.0453125
NORESTE-FRONTERA,2023-08-29,629,606,23,0.0365659777424483
NORESTE-FRONTERA,2023-08-30,577,566,11,0.0190641247833622
NORESTE-FRONTERA,2023-08-31,622,609,13,0.0209003215434084
NORESTE-FRONTERA,2023-09-01,585,577,8,0.0136752136752137
NORESTE-FRONTERA,2023-09-02,641,634,7,0.0109204368174727
NORESTE-FRONTERA,2023-09-03,549,540,9,0.0163934426229508
NORESTE-FRONTERA,2023-09-04,583,577,6,0.0102915951972556
NORESTE-FRONTERA,2023-09-05,668,659,9,0.0134730538922156
NORESTE-FRONTERA,2023-09-06,663,658,5,0.00754147812971342
NORESTE-FRONTERA,2023-09-07,569,565,4,0.0070298769771529
NORESTE-FRONTERA,2023-09-08,599,594,5,0.00834724540901502
NORESTE-FRONTERA,2023-09-09,702,687,15,0.0213675213675214
NORESTE-FRONTERA,2023-09-10,510,507,3,0.00588235294117647
NORESTE-FRONTERA,2023-09-11,558,552,6,0.010752688172043
NORESTE-FRONTERA,2023-09-12,624,614,10,0.016025641025641
NORESTE-FRONTERA,2023-09-13,616,608,8,0.012987012987013
NORESTE-FRONTERA,2023-09-14,515,511,4,0.00776699029126214
NORESTE-FRONTERA,2023-09-15,665,650,15,0.0225563909774436
NORESTE-FRONTERA,2023-09-16,488,482,6,0.0122950819672131
NORESTE-FRONTERA,2023-09-17,498,491,7,0.0140562248995984
NORESTE-FRONTERA,2023-09-18,564,557,7,0.0124113475177305
NORESTE-FRONTERA,2023-09-19,440,438,2,0.00454545454545455
NORESTE-FRONTERA,2023-09-20,372,369,3,0.00806451612903226
NORESTE-FRONTERA,2023-09-21,390,374,16,0.041025641025641
NORESTE-FRONTERA,2023-09-22,624,613,11,0.0176282051282051
NORESTE-FRONTERA,2023-09-23,693,681,12,0.0173160173160173
NORESTE-FRONTERA,2023-09-24,522,515,7,0.0134099616858238
NORESTE-FRONTERA,2023-09-25,570,560,10,0.0175438596491228
NORESTE-FRONTERA,2023-09-26,581,566,15,0.0258175559380379
NORESTE-FRONTERA,2023-09-27,580,567,13,0.0224137931034483
NORESTE-FRONTERA,2023-09-28,638,622,16,0.0250783699059561
NORESTE-FRONTERA,2023-09-29,641,615,26,0.0405616224648986
NORESTE-FRONTERA,2023-09-30,717,697,20,0.0278940027894003
NORESTE-FRONTERA,2023-10-01,480,462,18,0.0375
NORESTE-FRONTERA,2023-10-02,530,518,12,0.0226415094339623
NORESTE-FRONTERA,2023-10-03,425,412,13,0.0305882352941176
NORESTE-FRONTERA,2023-10-04,634,606,28,0.0441640378548896
NORESTE-FRONTERA,2023-10-05,496,478,18,0.0362903225806452
NORESTE-FRONTERA,2023-10-06,570,553,17,0.0298245614035088
NORESTE-FRONTERA,2023-10-07,651,626,25,0.0384024577572965
NORESTE-FRONTERA,2023-10-08,473,454,19,0.040169133192389
NORESTE-FRONTERA,2023-10-09,538,517,21,0.0390334572490706
NORESTE-FRONTERA,2023-10-10,473,465,8,0.0169133192389006
NORESTE-FRONTERA,2023-10-11,535,520,15,0.0280373831775701
NORESTE-FRONTERA,2023-10-12,448,432,16,0.0357142857142857
NORESTE-FRONTERA,2023-10-13,421,410,11,0.0261282660332542
NORESTE-FRONTERA,2023-10-14,571,555,16,0.0280210157618214
NORESTE-FRONTERA,2023-10-15,476,464,12,0.0252100840336134
NORESTE-FRONTERA,2023-10-16,567,553,14,0.0246913580246914
NORESTE-FRONTERA,2023-10-17,582,571,11,0.0189003436426117
NORESTE-FRONTERA,2023-10-18,640,623,17,0.0265625
NORESTE-FRONTERA,2023-10-19,588,577,11,0.0187074829931973
NORESTE-FRONTERA,2023-10-20,581,564,17,0.0292598967297762
NORESTE-FRONTERA,2023-10-21,682,667,15,0.0219941348973607
NORESTE-FRONTERA,2023-10-22,478,470,8,0.0167364016736402
NORESTE-FRONTERA,2023-10-23,544,523,21,0.0386029411764706
NORESTE-FRONTERA,2023-10-24,540,523,17,0.0314814814814815
NORESTE-FRONTERA,2023-10-25,563,550,13,0.0230905861456483
NORTE-PACIFICO,2023-01-01,NA,NA,21,NA
NORTE-PACIFICO,2023-01-02,355,231,124,0.349295774647887
NORTE-PACIFICO,2023-01-03,429,271,158,0.368298368298368
NORTE-PACIFICO,2023-01-04,447,280,167,0.373601789709172
NORTE-PACIFICO,2023-01-05,391,220,171,0.437340153452685
NORTE-PACIFICO,2023-01-06,434,260,174,0.400921658986175
NORTE-PACIFICO,2023-01-07,541,352,189,0.349353049907579
NORTE-PACIFICO,2023-01-08,436,279,157,0.360091743119266
NORTE-PACIFICO,2023-01-09,434,302,132,0.304147465437788
NORTE-PACIFICO,2023-01-10,486,303,183,0.376543209876543
NORTE-PACIFICO,2023-01-11,459,291,168,0.366013071895425
NORTE-PACIFICO,2023-01-12,476,312,164,0.34453781512605
NORTE-PACIFICO,2023-01-13,502,323,179,0.356573705179283
NORTE-PACIFICO,2023-01-14,497,339,158,0.317907444668008
NORTE-PACIFICO,2023-01-15,362,253,109,0.301104972375691
NORTE-PACIFICO,2023-01-16,359,237,122,0.33983286908078
NORTE-PACIFICO,2023-01-17,402,275,127,0.31592039800995
NORTE-PACIFICO,2023-01-18,389,191,198,0.508997429305913
NORTE-PACIFICO,2023-01-19,444,190,254,0.572072072072072
NORTE-PACIFICO,2023-01-20,431,183,248,0.575406032482599
NORTE-PACIFICO,2023-01-21,492,158,334,0.678861788617886
NORTE-PACIFICO,2023-01-22,379,107,272,0.717678100263852
NORTE-PACIFICO,2023-01-23,421,128,293,0.695961995249406
NORTE-PACIFICO,2023-01-24,446,137,309,0.692825112107623
NORTE-PACIFICO,2023-01-25,430,133,297,0.690697674418605
NORTE-PACIFICO,2023-01-26,429,113,316,0.736596736596737
NORTE-PACIFICO,2023-01-27,471,129,342,0.726114649681529
NORTE-PACIFICO,2023-01-28,498,124,374,0.751004016064257
NORTE-PACIFICO,2023-01-29,376,114,262,0.696808510638298
NORTE-PACIFICO,2023-01-30,423,123,300,0.709219858156028
NORTE-PACIFICO,2023-01-31,476,156,320,0.672268907563025
NORTE-PACIFICO,2023-02-01,414,139,275,0.664251207729469
NORTE-PACIFICO,2023-02-02,445,137,308,0.692134831460674
NORTE-PACIFICO,2023-02-03,436,134,302,0.692660550458716
NORTE-PACIFICO,2023-02-04,523,151,372,0.711281070745698
NORTE-PACIFICO,2023-02-05,360,91,269,0.747222222222222
NORTE-PACIFICO,2023-02-06,454,130,324,0.713656387665198
NORTE-PACIFICO,2023-02-07,449,143,306,0.681514476614699
NORTE-PACIFICO,2023-02-08,448,149,299,0.667410714285714
NORTE-PACIFICO,2023-02-09,442,137,305,0.690045248868778
NORTE-PACIFICO,2023-02-10,560,152,408,0.728571428571429
NORTE-PACIFICO,2023-02-11,537,142,395,0.735567970204842
NORTE-PACIFICO,2023-02-12,338,79,259,0.766272189349112
NORTE-PACIFICO,2023-02-13,397,114,283,0.712846347607053
NORTE-PACIFICO,2023-02-14,399,115,284,0.711779448621554
NORTE-PACIFICO,2023-02-15,469,147,322,0.686567164179104
NORTE-PACIFICO,2023-02-16,432,138,294,0.680555555555556
NORTE-PACIFICO,2023-02-17,480,120,360,0.75
NORTE-PACIFICO,2023-02-18,564,160,404,0.716312056737589
NORTE-PACIFICO,2023-02-19,312,73,239,0.766025641025641
NORTE-PACIFICO,2023-02-20,469,123,346,0.73773987206823
NORTE-PACIFICO,2023-02-21,471,137,334,0.709129511677282
NORTE-PACIFICO,2023-02-22,434,134,300,0.691244239631336
NORTE-PACIFICO,2023-02-23,396,139,257,0.648989898989899
NORTE-PACIFICO,2023-02-24,457,164,293,0.641137855579869
NORTE-PACIFICO,2023-02-25,434,138,296,0.682027649769585
NORTE-PACIFICO,2023-02-26,326,100,226,0.693251533742331
NORTE-PACIFICO,2023-02-27,451,147,304,0.674057649667406
NORTE-PACIFICO,2023-02-28,458,169,289,0.631004366812227
NORTE-PACIFICO,2023-03-01,340,125,215,0.632352941176471
NORTE-PACIFICO,2023-03-02,455,142,313,0.687912087912088
NORTE-PACIFICO,2023-03-03,526,175,351,0.667300380228137
NORTE-PACIFICO,2023-03-04,649,193,456,0.702619414483821
NORTE-PACIFICO,2023-03-05,455,127,328,0.720879120879121
NORTE-PACIFICO,2023-03-06,414,139,275,0.664251207729469
NORTE-PACIFICO,2023-03-07,447,164,283,0.633109619686801
NORTE-PACIFICO,2023-03-08,523,164,359,0.686424474187381
NORTE-PACIFICO,2023-03-09,477,222,255,0.534591194968553
NORTE-PACIFICO,2023-03-10,389,212,177,0.455012853470437
NORTE-PACIFICO,2023-03-11,588,296,292,0.496598639455782
NORTE-PACIFICO,2023-03-12,412,202,210,0.509708737864078
NORTE-PACIFICO,2023-03-13,414,233,181,0.43719806763285
NORTE-PACIFICO,2023-03-14,422,267,155,0.367298578199052
NORTE-PACIFICO,2023-03-15,385,323,62,0.161038961038961
NORTE-PACIFICO,2023-03-16,403,342,61,0.15136476426799
NORTE-PACIFICO,2023-03-17,535,453,82,0.153271028037383
NORTE-PACIFICO,2023-03-18,587,496,91,0.155025553662692
NORTE-PACIFICO,2023-03-19,419,355,64,0.152744630071599
NORTE-PACIFICO,2023-03-20,472,395,77,0.163135593220339
NORTE-PACIFICO,2023-03-21,379,330,49,0.129287598944591
NORTE-PACIFICO,2023-03-22,418,363,55,0.131578947368421
NORTE-PACIFICO,2023-03-23,448,390,58,0.129464285714286
NORTE-PACIFICO,2023-03-24,517,458,59,0.114119922630561
NORTE-PACIFICO,2023-03-25,599,534,65,0.108514190317195
NORTE-PACIFICO,2023-03-26,471,416,55,0.116772823779193
NORTE-PACIFICO,2023-03-27,369,335,34,0.0921409214092141
NORTE-PACIFICO,2023-03-28,413,374,39,0.0944309927360775
NORTE-PACIFICO,2023-03-29,444,406,38,0.0855855855855856
NORTE-PACIFICO,2023-03-30,510,466,44,0.0862745098039216
NORTE-PACIFICO,2023-03-31,586,533,53,0.0904436860068259
NORTE-PACIFICO,2023-04-01,592,538,54,0.0912162162162162
NORTE-PACIFICO,2023-04-02,366,335,31,0.0846994535519126
NORTE-PACIFICO,2023-04-03,499,461,38,0.0761523046092184
NORTE-PACIFICO,2023-04-04,512,483,29,0.056640625
NORTE-PACIFICO,2023-04-05,467,431,36,0.0770877944325482
NORTE-PACIFICO,2023-04-06,453,423,30,0.0662251655629139
NORTE-PACIFICO,2023-04-07,391,370,21,0.0537084398976982
NORTE-PACIFICO,2023-04-08,383,364,19,0.0496083550913838
NORTE-PACIFICO,2023-04-09,262,244,18,0.0687022900763359
NORTE-PACIFICO,2023-04-10,415,386,29,0.0698795180722892
NORTE-PACIFICO,2023-04-11,466,434,32,0.0686695278969957
NORTE-PACIFICO,2023-04-12,461,435,26,0.0563991323210412
NORTE-PACIFICO,2023-04-13,455,435,20,0.043956043956044
NORTE-PACIFICO,2023-04-14,513,476,37,0.0721247563352826
NORTE-PACIFICO,2023-04-15,696,661,35,0.0502873563218391
NORTE-PACIFICO,2023-04-16,557,531,26,0.0466786355475763
NORTE-PACIFICO,2023-04-17,490,468,22,0.0448979591836735
NORTE-PACIFICO,2023-04-18,472,456,16,0.0338983050847458
NORTE-PACIFICO,2023-04-19,444,425,19,0.0427927927927928
NORTE-PACIFICO,2023-04-20,442,421,21,0.0475113122171946
NORTE-PACIFICO,2023-04-21,473,440,33,0.0697674418604651
NORTE-PACIFICO,2023-04-22,558,531,27,0.0483870967741935
NORTE-PACIFICO,2023-04-23,398,376,22,0.0552763819095477
NORTE-PACIFICO,2023-04-24,453,438,15,0.033112582781457
NORTE-PACIFICO,2023-04-25,589,551,38,0.0645161290322581
NORTE-PACIFICO,2023-04-26,491,454,37,0.0753564154786151
NORTE-PACIFICO,2023-04-27,439,413,26,0.0592255125284738
NORTE-PACIFICO,2023-04-28,576,537,39,0.0677083333333333
NORTE-PACIFICO,2023-04-29,669,624,45,0.0672645739910314
NORTE-PACIFICO,2023-04-30,438,411,27,0.0616438356164384
NORTE-PACIFICO,2023-05-01,373,345,28,0.0750670241286863
NORTE-PACIFICO,2023-05-02,459,438,21,0.0457516339869281
NORTE-PACIFICO,2023-05-03,451,432,19,0.0421286031042129
NORTE-PACIFICO,2023-05-04,478,452,26,0.0543933054393305
NORTE-PACIFICO,2023-05-05,514,481,33,0.0642023346303502
NORTE-PACIFICO,2023-05-06,540,514,26,0.0481481481481481
NORTE-PACIFICO,2023-05-07,406,387,19,0.0467980295566502
NORTE-PACIFICO,2023-05-08,483,454,29,0.0600414078674948
NORTE-PACIFICO,2023-05-09,522,502,20,0.0383141762452107
NORTE-PACIFICO,2023-05-10,419,401,18,0.0429594272076372
NORTE-PACIFICO,2023-05-11,487,469,18,0.0369609856262834
NORTE-PACIFICO,2023-05-12,479,460,19,0.0396659707724426
NORTE-PACIFICO,2023-05-13,715,678,37,0.0517482517482517
NORTE-PACIFICO,2023-05-14,520,490,30,0.0576923076923077
NORTE-PACIFICO,2023-05-15,603,567,36,0.0597014925373134
NORTE-PACIFICO,2023-05-16,601,558,43,0.0715474209650582
NORTE-PACIFICO,2023-05-17,538,489,49,0.0910780669144981
NORTE-PACIFICO,2023-05-18,461,429,32,0.06941431670282
NORTE-PACIFICO,2023-05-19,453,415,38,0.0838852097130243
NORTE-PACIFICO,2023-05-20,601,564,37,0.0615640599001664
NORTE-PACIFICO,2023-05-21,491,462,29,0.0590631364562118
NORTE-PACIFICO,2023-05-22,497,468,29,0.0583501006036217
NORTE-PACIFICO,2023-05-23,461,420,41,0.0889370932754881
NORTE-PACIFICO,2023-05-24,475,455,20,0.0421052631578947
NORTE-PACIFICO,2023-05-25,506,466,40,0.0790513833992095
NORTE-PACIFICO,2023-05-26,589,533,56,0.0950764006791171
NORTE-PACIFICO,2023-05-27,665,590,75,0.112781954887218
NORTE-PACIFICO,2023-05-28,402,370,32,0.0796019900497512
NORTE-PACIFICO,2023-05-29,548,518,30,0.0547445255474453
NORTE-PACIFICO,2023-05-30,495,452,43,0.0868686868686869
NORTE-PACIFICO,2023-05-31,586,536,50,0.0853242320819113
NORTE-PACIFICO,2023-06-01,439,412,27,0.061503416856492
NORTE-PACIFICO,2023-06-02,441,406,35,0.0793650793650794
NORTE-PACIFICO,2023-06-03,585,527,58,0.0991452991452991
NORTE-PACIFICO,2023-06-04,439,387,52,0.118451025056948
NORTE-PACIFICO,2023-06-05,453,423,30,0.0662251655629139
NORTE-PACIFICO,2023-06-06,495,463,32,0.0646464646464646
NORTE-PACIFICO,2023-06-07,464,421,43,0.0926724137931035
NORTE-PACIFICO,2023-06-08,497,470,27,0.0543259557344064
NORTE-PACIFICO,2023-06-09,519,470,49,0.0944123314065511
NORTE-PACIFICO,2023-06-10,632,580,52,0.0822784810126582
NORTE-PACIFICO,2023-06-11,500,449,51,0.102
NORTE-PACIFICO,2023-06-12,515,477,38,0.0737864077669903
NORTE-PACIFICO,2023-06-13,589,550,39,0.066213921901528
NORTE-PACIFICO,2023-06-14,533,504,29,0.0544090056285178
NORTE-PACIFICO,2023-06-15,506,475,31,0.0612648221343874
NORTE-PACIFICO,2023-06-16,504,469,35,0.0694444444444444
NORTE-PACIFICO,2023-06-17,608,566,42,0.0690789473684211
NORTE-PACIFICO,2023-06-18,433,392,41,0.0946882217090069
NORTE-PACIFICO,2023-06-19,539,504,35,0.0649350649350649
NORTE-PACIFICO,2023-06-20,474,449,25,0.0527426160337553
NORTE-PACIFICO,2023-06-21,517,481,36,0.0696324951644101
NORTE-PACIFICO,2023-06-22,410,379,31,0.075609756097561
NORTE-PACIFICO,2023-06-23,415,397,18,0.0433734939759036
NORTE-PACIFICO,2023-06-24,544,521,23,0.0422794117647059
NORTE-PACIFICO,2023-06-25,401,370,31,0.0773067331670823
NORTE-PACIFICO,2023-06-26,438,416,22,0.0502283105022831
NORTE-PACIFICO,2023-06-27,489,468,21,0.0429447852760736
NORTE-PACIFICO,2023-06-28,476,461,15,0.0315126050420168
NORTE-PACIFICO,2023-06-29,450,436,14,0.0311111111111111
NORTE-PACIFICO,2023-06-30,320,287,33,0.103125
NORTE-PACIFICO,2023-07-01,538,514,24,0.0446096654275093
NORTE-PACIFICO,2023-07-02,333,319,14,0.042042042042042
NORTE-PACIFICO,2023-07-03,426,411,15,0.0352112676056338
NORTE-PACIFICO,2023-07-04,391,383,8,0.020460358056266
NORTE-PACIFICO,2023-07-05,297,287,10,0.0336700336700337
NORTE-PACIFICO,2023-07-06,292,281,11,0.0376712328767123
NORTE-PACIFICO,2023-07-07,288,286,2,0.00694444444444444
NORTE-PACIFICO,2023-07-08,465,458,7,0.0150537634408602
NORTE-PACIFICO,2023-07-09,419,414,5,0.0119331742243437
NORTE-PACIFICO,2023-07-10,462,442,20,0.0432900432900433
NORTE-PACIFICO,2023-07-11,377,366,11,0.0291777188328912
NORTE-PACIFICO,2023-07-12,443,428,15,0.0338600451467269
NORTE-PACIFICO,2023-07-13,381,369,12,0.031496062992126
NORTE-PACIFICO,2023-07-14,396,380,16,0.0404040404040404
NORTE-PACIFICO,2023-07-15,436,421,15,0.0344036697247706
NORTE-PACIFICO,2023-07-16,302,289,13,0.043046357615894
NORTE-PACIFICO,2023-07-17,429,418,11,0.0256410256410256
NORTE-PACIFICO,2023-07-18,413,401,12,0.0290556900726392
NORTE-PACIFICO,2023-07-19,428,411,17,0.0397196261682243
NORTE-PACIFICO,2023-07-20,491,481,10,0.0203665987780041
NORTE-PACIFICO,2023-07-21,484,473,11,0.0227272727272727
NORTE-PACIFICO,2023-07-22,522,509,13,0.024904214559387
NORTE-PACIFICO,2023-07-23,342,328,14,0.0409356725146199
NORTE-PACIFICO,2023-07-24,428,420,8,0.0186915887850467
NORTE-PACIFICO,2023-07-25,482,471,11,0.0228215767634855
NORTE-PACIFICO,2023-07-26,452,436,16,0.0353982300884956
NORTE-PACIFICO,2023-07-27,456,451,5,0.0109649122807018
NORTE-PACIFICO,2023-07-28,520,508,12,0.0230769230769231
NORTE-PACIFICO,2023-07-29,541,529,12,0.022181146025878
NORTE-PACIFICO,2023-07-30,380,372,8,0.0210526315789474
NORTE-PACIFICO,2023-07-31,446,432,14,0.031390134529148
NORTE-PACIFICO,2023-08-01,471,452,19,0.0403397027600849
NORTE-PACIFICO,2023-08-02,460,438,22,0.0478260869565217
NORTE-PACIFICO,2023-08-03,477,402,75,0.157232704402516
NORTE-PACIFICO,2023-08-04,486,461,25,0.051440329218107
NORTE-PACIFICO,2023-08-05,499,480,19,0.0380761523046092
NORTE-PACIFICO,2023-08-06,393,371,22,0.0559796437659033
NORTE-PACIFICO,2023-08-07,426,411,15,0.0352112676056338
NORTE-PACIFICO,2023-08-08,453,438,15,0.033112582781457
NORTE-PACIFICO,2023-08-09,450,436,14,0.0311111111111111
NORTE-PACIFICO,2023-08-10,446,416,30,0.0672645739910314
NORTE-PACIFICO,2023-08-11,546,527,19,0.0347985347985348
NORTE-PACIFICO,2023-08-12,508,468,40,0.078740157480315
NORTE-PACIFICO,2023-08-13,413,387,26,0.062953995157385
NORTE-PACIFICO,2023-08-14,409,391,18,0.0440097799511002
NORTE-PACIFICO,2023-08-15,450,429,21,0.0466666666666667
NORTE-PACIFICO,2023-08-16,390,368,22,0.0564102564102564
NORTE-PACIFICO,2023-08-17,415,402,13,0.0313253012048193
NORTE-PACIFICO,2023-08-18,486,463,23,0.0473251028806584
NORTE-PACIFICO,2023-08-19,513,495,18,0.0350877192982456
NORTE-PACIFICO,2023-08-20,192,186,6,0.03125
NORTE-PACIFICO,2023-08-21,329,323,6,0.0182370820668693
NORTE-PACIFICO,2023-08-22,419,410,9,0.0214797136038186
NORTE-PACIFICO,2023-08-23,414,402,12,0.0289855072463768
NORTE-PACIFICO,2023-08-24,459,451,8,0.0174291938997821
NORTE-PACIFICO,2023-08-25,445,430,15,0.0337078651685393
NORTE-PACIFICO,2023-08-26,534,518,16,0.0299625468164794
NORTE-PACIFICO,2023-08-27,421,417,4,0.00950118764845606
NORTE-PACIFICO,2023-08-28,487,475,12,0.0246406570841889
NORTE-PACIFICO,2023-08-29,442,441,1,0.00226244343891403
NORTE-PACIFICO,2023-08-30,453,451,2,0.00441501103752759
NORTE-PACIFICO,2023-08-31,514,511,3,0.00583657587548638
NORTE-PACIFICO,2023-09-01,375,369,6,0.016
NORTE-PACIFICO,2023-09-02,531,527,4,0.00753295668549906
NORTE-PACIFICO,2023-09-03,393,390,3,0.00763358778625954
NORTE-PACIFICO,2023-09-04,441,440,1,0.00226757369614512
NORTE-PACIFICO,2023-09-05,468,464,4,0.00854700854700855
NORTE-PACIFICO,2023-09-06,466,462,4,0.00858369098712446
NORTE-PACIFICO,2023-09-07,433,433,0,0
NORTE-PACIFICO,2023-09-08,505,500,5,0.0099009900990099
NORTE-PACIFICO,2023-09-09,561,555,6,0.0106951871657754
NORTE-PACIFICO,2023-09-10,408,405,3,0.00735294117647059
NORTE-PACIFICO,2023-09-11,432,427,5,0.0115740740740741
NORTE-PACIFICO,2023-09-12,459,459,0,0
NORTE-PACIFICO,2023-09-13,432,429,3,0.00694444444444444
NORTE-PACIFICO,2023-09-14,409,405,4,0.0097799511002445
NORTE-PACIFICO,2023-09-15,442,440,2,0.00452488687782805
NORTE-PACIFICO,2023-09-16,368,364,4,0.0108695652173913
NORTE-PACIFICO,2023-09-17,401,399,2,0.00498753117206983
NORTE-PACIFICO,2023-09-18,493,492,1,0.00202839756592292
NORTE-PACIFICO,2023-09-19,477,473,4,0.00838574423480084
NORTE-PACIFICO,2023-09-20,420,417,3,0.00714285714285714
NORTE-PACIFICO,2023-09-21,478,472,6,0.0125523012552301
NORTE-PACIFICO,2023-09-22,491,482,9,0.0183299389002037
NORTE-PACIFICO,2023-09-23,573,562,11,0.0191972076788831
NORTE-PACIFICO,2023-09-24,413,408,5,0.0121065375302663
NORTE-PACIFICO,2023-09-25,417,411,6,0.0143884892086331
NORTE-PACIFICO,2023-09-26,460,454,6,0.0130434782608696
NORTE-PACIFICO,2023-09-27,446,442,4,0.00896860986547085
NORTE-PACIFICO,2023-09-28,474,471,3,0.00632911392405063
NORTE-PACIFICO,2023-09-29,489,484,5,0.0102249488752556
NORTE-PACIFICO,2023-09-30,562,559,3,0.00533807829181495
NORTE-PACIFICO,2023-10-01,368,365,3,0.00815217391304348
NORTE-PACIFICO,2023-10-02,371,368,3,0.00808625336927224
NORTE-PACIFICO,2023-10-03,458,447,11,0.0240174672489083
NORTE-PACIFICO,2023-10-04,449,439,10,0.022271714922049
NORTE-PACIFICO,2023-10-05,462,456,6,0.012987012987013
NORTE-PACIFICO,2023-10-06,522,502,20,0.0383141762452107
NORTE-PACIFICO,2023-10-07,546,532,14,0.0256410256410256
NORTE-PACIFICO,2023-10-08,417,405,12,0.0287769784172662
NORTE-PACIFICO,2023-10-09,425,418,7,0.0164705882352941
NORTE-PACIFICO,2023-10-10,426,415,11,0.0258215962441315
NORTE-PACIFICO,2023-10-11,390,382,8,0.0205128205128205
NORTE-PACIFICO,2023-10-12,423,413,10,0.0236406619385343
NORTE-PACIFICO,2023-10-13,436,420,16,0.036697247706422
NORTE-PACIFICO,2023-10-14,502,490,12,0.0239043824701195
NORTE-PACIFICO,2023-10-15,417,411,6,0.0143884892086331
NORTE-PACIFICO,2023-10-16,437,425,12,0.0274599542334096
NORTE-PACIFICO,2023-10-17,429,422,7,0.0163170163170163
NORTE-PACIFICO,2023-10-18,389,377,12,0.0308483290488432
NORTE-PACIFICO,2023-10-19,431,423,8,0.0185614849187935
NORTE-PACIFICO,2023-10-20,455,446,9,0.0197802197802198
NORTE-PACIFICO,2023-10-21,553,543,10,0.0180831826401447
NORTE-PACIFICO,2023-10-22,350,340,10,0.0285714285714286
NORTE-PACIFICO,2023-10-23,369,359,10,0.02710027100271
NORTE-PACIFICO,2023-10-24,435,424,11,0.0252873563218391
NORTE-PACIFICO,2023-10-25,424,406,18,0.0424528301886792
OCCIDENTE-BAJIO,2023-01-01,NA,NA,45,NA
OCCIDENTE-BAJIO,2023-01-02,459,288,171,0.372549019607843
OCCIDENTE-BAJIO,2023-01-03,599,383,216,0.360601001669449
OCCIDENTE-BAJIO,2023-01-04,559,352,207,0.370304114490161
OCCIDENTE-BAJIO,2023-01-05,551,353,198,0.35934664246824
OCCIDENTE-BAJIO,2023-01-06,581,384,197,0.339070567986231
OCCIDENTE-BAJIO,2023-01-07,664,436,228,0.343373493975904
OCCIDENTE-BAJIO,2023-01-08,375,258,117,0.312
OCCIDENTE-BAJIO,2023-01-09,580,379,201,0.346551724137931
OCCIDENTE-BAJIO,2023-01-10,635,427,208,0.32755905511811
OCCIDENTE-BAJIO,2023-01-11,638,418,220,0.344827586206897
OCCIDENTE-BAJIO,2023-01-12,594,390,204,0.343434343434343
OCCIDENTE-BAJIO,2023-01-13,603,383,220,0.364842454394693
OCCIDENTE-BAJIO,2023-01-14,685,475,210,0.306569343065693
OCCIDENTE-BAJIO,2023-01-15,453,318,135,0.298013245033113
OCCIDENTE-BAJIO,2023-01-16,588,389,199,0.33843537414966
OCCIDENTE-BAJIO,2023-01-17,624,430,194,0.310897435897436
OCCIDENTE-BAJIO,2023-01-18,527,362,165,0.313092979127135
OCCIDENTE-BAJIO,2023-01-19,560,384,176,0.314285714285714
OCCIDENTE-BAJIO,2023-01-20,562,347,215,0.382562277580071
OCCIDENTE-BAJIO,2023-01-21,638,266,372,0.58307210031348
OCCIDENTE-BAJIO,2023-01-22,402,179,223,0.554726368159204
OCCIDENTE-BAJIO,2023-01-23,520,232,288,0.553846153846154
OCCIDENTE-BAJIO,2023-01-24,583,241,342,0.586620926243568
OCCIDENTE-BAJIO,2023-01-25,583,270,313,0.536878216123499
OCCIDENTE-BAJIO,2023-01-26,601,248,353,0.587354409317804
OCCIDENTE-BAJIO,2023-01-27,609,281,328,0.538587848932677
OCCIDENTE-BAJIO,2023-01-28,701,321,380,0.542082738944365
OCCIDENTE-BAJIO,2023-01-29,416,187,229,0.550480769230769
OCCIDENTE-BAJIO,2023-01-30,622,266,356,0.572347266881029
OCCIDENTE-BAJIO,2023-01-31,717,328,389,0.542538354253835
OCCIDENTE-BAJIO,2023-02-01,580,262,318,0.548275862068966
OCCIDENTE-BAJIO,2023-02-02,632,235,397,0.628164556962025
OCCIDENTE-BAJIO,2023-02-03,621,285,336,0.541062801932367
OCCIDENTE-BAJIO,2023-02-04,676,302,374,0.553254437869823
OCCIDENTE-BAJIO,2023-02-05,411,186,225,0.547445255474453
OCCIDENTE-BAJIO,2023-02-06,577,258,319,0.552859618717504
OCCIDENTE-BAJIO,2023-02-07,647,289,358,0.553323029366306
OCCIDENTE-BAJIO,2023-02-08,581,245,336,0.578313253012048
OCCIDENTE-BAJIO,2023-02-09,561,267,294,0.524064171122995
OCCIDENTE-BAJIO,2023-02-10,573,270,303,0.528795811518325
OCCIDENTE-BAJIO,2023-02-11,657,320,337,0.512937595129376
OCCIDENTE-BAJIO,2023-02-12,364,166,198,0.543956043956044
OCCIDENTE-BAJIO,2023-02-13,502,225,277,0.551792828685259
OCCIDENTE-BAJIO,2023-02-14,516,216,300,0.581395348837209
OCCIDENTE-BAJIO,2023-02-15,525,242,283,0.539047619047619
OCCIDENTE-BAJIO,2023-02-16,613,242,371,0.605220228384992
OCCIDENTE-BAJIO,2023-02-17,572,200,372,0.65034965034965
OCCIDENTE-BAJIO,2023-02-18,717,325,392,0.546722454672245
OCCIDENTE-BAJIO,2023-02-19,386,168,218,0.564766839378238
OCCIDENTE-BAJIO,2023-02-20,502,226,276,0.549800796812749
OCCIDENTE-BAJIO,2023-02-21,609,296,313,0.513957307060755
OCCIDENTE-BAJIO,2023-02-22,558,320,238,0.426523297491039
OCCIDENTE-BAJIO,2023-02-23,506,307,199,0.393280632411067
OCCIDENTE-BAJIO,2023-02-24,537,344,193,0.359404096834264
OCCIDENTE-BAJIO,2023-02-25,677,459,218,0.322008862629247
OCCIDENTE-BAJIO,2023-02-26,339,203,136,0.40117994100295
OCCIDENTE-BAJIO,2023-02-27,530,358,172,0.324528301886792
OCCIDENTE-BAJIO,2023-02-28,640,431,209,0.3265625
OCCIDENTE-BAJIO,2023-03-01,564,365,199,0.352836879432624
OCCIDENTE-BAJIO,2023-03-02,583,380,203,0.34819897084048
OCCIDENTE-BAJIO,2023-03-03,566,383,183,0.323321554770318
OCCIDENTE-BAJIO,2023-03-04,659,439,220,0.333839150227618
OCCIDENTE-BAJIO,2023-03-05,343,224,119,0.346938775510204
OCCIDENTE-BAJIO,2023-03-06,480,331,149,0.310416666666667
OCCIDENTE-BAJIO,2023-03-07,571,407,164,0.287215411558669
OCCIDENTE-BAJIO,2023-03-08,567,434,133,0.234567901234568
OCCIDENTE-BAJIO,2023-03-09,513,457,56,0.10916179337232
OCCIDENTE-BAJIO,2023-03-10,508,446,62,0.122047244094488
OCCIDENTE-BAJIO,2023-03-11,617,523,94,0.152350081037277
OCCIDENTE-BAJIO,2023-03-12,401,352,49,0.122194513715711
OCCIDENTE-BAJIO,2023-03-13,475,417,58,0.122105263157895
OCCIDENTE-BAJIO,2023-03-14,558,485,73,0.130824372759857
OCCIDENTE-BAJIO,2023-03-15,574,520,54,0.0940766550522648
OCCIDENTE-BAJIO,2023-03-16,612,568,44,0.0718954248366013
OCCIDENTE-BAJIO,2023-03-17,734,659,75,0.102179836512262
OCCIDENTE-BAJIO,2023-03-18,883,781,102,0.115515288788222
OCCIDENTE-BAJIO,2023-03-19,532,488,44,0.0827067669172932
OCCIDENTE-BAJIO,2023-03-20,699,635,64,0.0915593705293276
OCCIDENTE-BAJIO,2023-03-21,654,605,49,0.0749235474006116
OCCIDENTE-BAJIO,2023-03-22,593,555,38,0.0640809443507589
OCCIDENTE-BAJIO,2023-03-23,554,521,33,0.0595667870036101
OCCIDENTE-BAJIO,2023-03-24,597,559,38,0.0636515912897822
OCCIDENTE-BAJIO,2023-03-25,734,694,40,0.0544959128065395
OCCIDENTE-BAJIO,2023-03-26,483,456,27,0.0559006211180124
OCCIDENTE-BAJIO,2023-03-27,498,473,25,0.0502008032128514
OCCIDENTE-BAJIO,2023-03-28,503,480,23,0.0457256461232604
OCCIDENTE-BAJIO,2023-03-29,587,549,38,0.0647359454855196
OCCIDENTE-BAJIO,2023-03-30,656,606,50,0.0762195121951219
OCCIDENTE-BAJIO,2023-03-31,893,823,70,0.0783874580067189
OCCIDENTE-BAJIO,2023-04-01,727,692,35,0.0481430536451169
OCCIDENTE-BAJIO,2023-04-02,372,352,20,0.0537634408602151
OCCIDENTE-BAJIO,2023-04-03,599,577,22,0.0367278797996661
OCCIDENTE-BAJIO,2023-04-04,684,637,47,0.0687134502923977
OCCIDENTE-BAJIO,2023-04-05,554,503,51,0.092057761732852
OCCIDENTE-BAJIO,2023-04-06,554,521,33,0.0595667870036101
OCCIDENTE-BAJIO,2023-04-07,418,391,27,0.0645933014354067
OCCIDENTE-BAJIO,2023-04-08,330,316,14,0.0424242424242424
OCCIDENTE-BAJIO,2023-04-09,238,228,10,0.0420168067226891
OCCIDENTE-BAJIO,2023-04-10,476,446,30,0.0630252100840336
OCCIDENTE-BAJIO,2023-04-11,547,502,45,0.0822669104204753
OCCIDENTE-BAJIO,2023-04-12,551,504,47,0.0852994555353902
OCCIDENTE-BAJIO,2023-04-13,478,441,37,0.0774058577405858
OCCIDENTE-BAJIO,2023-04-14,582,544,38,0.0652920962199313
OCCIDENTE-BAJIO,2023-04-15,830,767,63,0.0759036144578313
OCCIDENTE-BAJIO,2023-04-16,490,464,26,0.0530612244897959
OCCIDENTE-BAJIO,2023-04-17,542,512,30,0.0553505535055351
OCCIDENTE-BAJIO,2023-04-18,585,514,71,0.121367521367521
OCCIDENTE-BAJIO,2023-04-19,562,507,55,0.097864768683274
OCCIDENTE-BAJIO,2023-04-20,539,504,35,0.0649350649350649
OCCIDENTE-BAJIO,2023-04-21,525,478,47,0.0895238095238095
OCCIDENTE-BAJIO,2023-04-22,646,595,51,0.0789473684210526
OCCIDENTE-BAJIO,2023-04-23,397,365,32,0.0806045340050378
OCCIDENTE-BAJIO,2023-04-24,586,544,42,0.0716723549488055
OCCIDENTE-BAJIO,2023-04-25,709,653,56,0.078984485190409
OCCIDENTE-BAJIO,2023-04-26,628,580,48,0.0764331210191083
OCCIDENTE-BAJIO,2023-04-27,513,477,36,0.0701754385964912
OCCIDENTE-BAJIO,2023-04-28,642,584,58,0.0903426791277259
OCCIDENTE-BAJIO,2023-04-29,789,715,74,0.0937896070975919
OCCIDENTE-BAJIO,2023-04-30,484,444,40,0.0826446280991736
OCCIDENTE-BAJIO,2023-05-01,508,461,47,0.0925196850393701
OCCIDENTE-BAJIO,2023-05-02,568,529,39,0.0686619718309859
OCCIDENTE-BAJIO,2023-05-03,519,476,43,0.0828516377649326
OCCIDENTE-BAJIO,2023-05-04,521,465,56,0.107485604606526
OCCIDENTE-BAJIO,2023-05-05,566,518,48,0.0848056537102474
OCCIDENTE-BAJIO,2023-05-06,600,549,51,0.085
OCCIDENTE-BAJIO,2023-05-07,360,340,20,0.0555555555555556
OCCIDENTE-BAJIO,2023-05-08,493,450,43,0.0872210953346856
OCCIDENTE-BAJIO,2023-05-09,537,499,38,0.0707635009310987
OCCIDENTE-BAJIO,2023-05-10,458,415,43,0.0938864628820961
OCCIDENTE-BAJIO,2023-05-11,478,444,34,0.0711297071129707
OCCIDENTE-BAJIO,2023-05-12,471,435,36,0.0764331210191083
OCCIDENTE-BAJIO,2023-05-13,716,651,65,0.0907821229050279
OCCIDENTE-BAJIO,2023-05-14,583,542,41,0.0703259005145798
OCCIDENTE-BAJIO,2023-05-15,740,677,63,0.0851351351351351
OCCIDENTE-BAJIO,2023-05-16,854,743,111,0.129976580796253
OCCIDENTE-BAJIO,2023-05-17,676,613,63,0.0931952662721894
OCCIDENTE-BAJIO,2023-05-18,588,541,47,0.0799319727891157
OCCIDENTE-BAJIO,2023-05-19,543,482,61,0.112338858195212
OCCIDENTE-BAJIO,2023-05-20,741,666,75,0.101214574898785
OCCIDENTE-BAJIO,2023-05-21,511,462,49,0.0958904109589041
OCCIDENTE-BAJIO,2023-05-22,575,513,62,0.107826086956522
OCCIDENTE-BAJIO,2023-05-23,582,530,52,0.0893470790378007
OCCIDENTE-BAJIO,2023-05-24,572,503,69,0.120629370629371
OCCIDENTE-BAJIO,2023-05-25,596,523,73,0.12248322147651
OCCIDENTE-BAJIO,2023-05-26,626,560,66,0.105431309904153
OCCIDENTE-BAJIO,2023-05-27,739,658,81,0.109607577807848
OCCIDENTE-BAJIO,2023-05-28,504,434,70,0.138888888888889
OCCIDENTE-BAJIO,2023-05-29,575,489,86,0.149565217391304
OCCIDENTE-BAJIO,2023-05-30,711,604,107,0.150492264416315
OCCIDENTE-BAJIO,2023-05-31,829,727,102,0.123039806996381
OCCIDENTE-BAJIO,2023-06-01,654,570,84,0.128440366972477
OCCIDENTE-BAJIO,2023-06-02,572,503,69,0.120629370629371
OCCIDENTE-BAJIO,2023-06-03,709,636,73,0.10296191819464
OCCIDENTE-BAJIO,2023-06-04,513,458,55,0.107212475633528
OCCIDENTE-BAJIO,2023-06-05,587,515,72,0.122657580919932
OCCIDENTE-BAJIO,2023-06-06,614,563,51,0.0830618892508143
OCCIDENTE-BAJIO,2023-06-07,570,508,62,0.108771929824561
OCCIDENTE-BAJIO,2023-06-08,594,536,58,0.0976430976430976
OCCIDENTE-BAJIO,2023-06-09,596,547,49,0.0822147651006711
OCCIDENTE-BAJIO,2023-06-10,714,651,63,0.0882352941176471
OCCIDENTE-BAJIO,2023-06-11,477,437,40,0.0838574423480084
OCCIDENTE-BAJIO,2023-06-12,577,514,63,0.109185441941075
OCCIDENTE-BAJIO,2023-06-13,604,537,67,0.110927152317881
OCCIDENTE-BAJIO,2023-06-14,637,585,52,0.0816326530612245
OCCIDENTE-BAJIO,2023-06-15,624,576,48,0.0769230769230769
OCCIDENTE-BAJIO,2023-06-16,623,574,49,0.0786516853932584
OCCIDENTE-BAJIO,2023-06-17,675,613,62,0.0918518518518519
OCCIDENTE-BAJIO,2023-06-18,453,416,37,0.0816777041942605
OCCIDENTE-BAJIO,2023-06-19,564,512,52,0.0921985815602837
OCCIDENTE-BAJIO,2023-06-20,580,532,48,0.0827586206896552
OCCIDENTE-BAJIO,2023-06-21,607,558,49,0.0807248764415156
OCCIDENTE-BAJIO,2023-06-22,566,524,42,0.0742049469964664
OCCIDENTE-BAJIO,2023-06-23,490,456,34,0.0693877551020408
OCCIDENTE-BAJIO,2023-06-24,613,568,45,0.0734094616639478
OCCIDENTE-BAJIO,2023-06-25,431,408,23,0.0533642691415313
OCCIDENTE-BAJIO,2023-06-26,557,522,35,0.0628366247755835
OCCIDENTE-BAJIO,2023-06-27,611,582,29,0.0474631751227496
OCCIDENTE-BAJIO,2023-06-28,582,545,37,0.063573883161512
OCCIDENTE-BAJIO,2023-06-29,578,535,43,0.0743944636678201
OCCIDENTE-BAJIO,2023-06-30,381,283,98,0.257217847769029
OCCIDENTE-BAJIO,2023-07-01,694,646,48,0.069164265129683
OCCIDENTE-BAJIO,2023-07-02,466,441,25,0.0536480686695279
OCCIDENTE-BAJIO,2023-07-03,577,556,21,0.0363951473136915
OCCIDENTE-BAJIO,2023-07-04,606,572,34,0.0561056105610561
OCCIDENTE-BAJIO,2023-07-05,423,390,33,0.0780141843971631
OCCIDENTE-BAJIO,2023-07-06,310,287,23,0.0741935483870968
OCCIDENTE-BAJIO,2023-07-07,585,562,23,0.0393162393162393
OCCIDENTE-BAJIO,2023-07-08,924,886,38,0.0411255411255411
OCCIDENTE-BAJIO,2023-07-09,492,469,23,0.0467479674796748
OCCIDENTE-BAJIO,2023-07-10,558,528,30,0.0537634408602151
OCCIDENTE-BAJIO,2023-07-11,604,564,40,0.0662251655629139
OCCIDENTE-BAJIO,2023-07-12,604,566,38,0.0629139072847682
OCCIDENTE-BAJIO,2023-07-13,552,514,38,0.0688405797101449
OCCIDENTE-BAJIO,2023-07-14,511,485,26,0.050880626223092
OCCIDENTE-BAJIO,2023-07-15,878,836,42,0.0478359908883827
OCCIDENTE-BAJIO,2023-07-16,400,382,18,0.045
OCCIDENTE-BAJIO,2023-07-17,561,529,32,0.0570409982174688
OCCIDENTE-BAJIO,2023-07-18,545,520,25,0.0458715596330275
OCCIDENTE-BAJIO,2023-07-19,571,545,26,0.0455341506129597
OCCIDENTE-BAJIO,2023-07-20,701,668,33,0.0470756062767475
OCCIDENTE-BAJIO,2023-07-21,618,592,26,0.0420711974110032
OCCIDENTE-BAJIO,2023-07-22,837,796,41,0.0489844683393071
OCCIDENTE-BAJIO,2023-07-23,423,407,16,0.0378250591016548
OCCIDENTE-BAJIO,2023-07-24,500,481,19,0.038
OCCIDENTE-BAJIO,2023-07-25,645,604,41,0.0635658914728682
OCCIDENTE-BAJIO,2023-07-26,664,615,49,0.0737951807228916
OCCIDENTE-BAJIO,2023-07-27,603,585,18,0.0298507462686567
OCCIDENTE-BAJIO,2023-07-28,681,640,41,0.0602055800293686
OCCIDENTE-BAJIO,2023-07-29,808,767,41,0.0507425742574257
OCCIDENTE-BAJIO,2023-07-30,492,455,37,0.0752032520325203
OCCIDENTE-BAJIO,2023-07-31,690,659,31,0.0449275362318841
OCCIDENTE-BAJIO,2023-08-01,674,627,47,0.0697329376854599
OCCIDENTE-BAJIO,2023-08-02,672,632,40,0.0595238095238095
OCCIDENTE-BAJIO,2023-08-03,607,479,128,0.210873146622735
OCCIDENTE-BAJIO,2023-08-04,585,539,46,0.0786324786324786
OCCIDENTE-BAJIO,2023-08-05,705,669,36,0.051063829787234
OCCIDENTE-BAJIO,2023-08-06,480,457,23,0.0479166666666667
OCCIDENTE-BAJIO,2023-08-07,560,542,18,0.0321428571428571
OCCIDENTE-BAJIO,2023-08-08,631,616,15,0.0237717908082409
OCCIDENTE-BAJIO,2023-08-09,616,582,34,0.0551948051948052
OCCIDENTE-BAJIO,2023-08-10,660,625,35,0.053030303030303
OCCIDENTE-BAJIO,2023-08-11,697,663,34,0.0487804878048781
OCCIDENTE-BAJIO,2023-08-12,765,725,40,0.0522875816993464
OCCIDENTE-BAJIO,2023-08-13,497,466,31,0.062374245472837
OCCIDENTE-BAJIO,2023-08-14,583,554,29,0.0497427101200686
OCCIDENTE-BAJIO,2023-08-15,733,692,41,0.0559345156889495
OCCIDENTE-BAJIO,2023-08-16,684,655,29,0.0423976608187134
OCCIDENTE-BAJIO,2023-08-17,640,602,38,0.059375
OCCIDENTE-BAJIO,2023-08-18,689,660,29,0.0420899854862119
OCCIDENTE-BAJIO,2023-08-19,775,733,42,0.0541935483870968
OCCIDENTE-BAJIO,2023-08-20,489,465,24,0.049079754601227
OCCIDENTE-BAJIO,2023-08-21,601,581,20,0.0332778702163062
OCCIDENTE-BAJIO,2023-08-22,623,605,18,0.028892455858748
OCCIDENTE-BAJIO,2023-08-23,613,587,26,0.0424143556280587
OCCIDENTE-BAJIO,2023-08-24,637,614,23,0.0361067503924647
OCCIDENTE-BAJIO,2023-08-25,693,679,14,0.0202020202020202
OCCIDENTE-BAJIO,2023-08-26,813,788,25,0.030750307503075
OCCIDENTE-BAJIO,2023-08-27,529,512,17,0.0321361058601134
OCCIDENTE-BAJIO,2023-08-28,588,570,18,0.0306122448979592
OCCIDENTE-BAJIO,2023-08-29,700,680,20,0.0285714285714286
OCCIDENTE-BAJIO,2023-08-30,612,601,11,0.0179738562091503
OCCIDENTE-BAJIO,2023-08-31,644,624,20,0.031055900621118
OCCIDENTE-BAJIO,2023-09-01,592,575,17,0.0287162162162162
OCCIDENTE-BAJIO,2023-09-02,650,640,10,0.0153846153846154
OCCIDENTE-BAJIO,2023-09-03,462,454,8,0.0173160173160173
OCCIDENTE-BAJIO,2023-09-04,521,511,10,0.0191938579654511
OCCIDENTE-BAJIO,2023-09-05,649,640,9,0.0138674884437596
OCCIDENTE-BAJIO,2023-09-06,595,579,16,0.026890756302521
OCCIDENTE-BAJIO,2023-09-07,617,600,17,0.0275526742301459
OCCIDENTE-BAJIO,2023-09-08,583,575,8,0.0137221269296741
OCCIDENTE-BAJIO,2023-09-09,653,641,12,0.0183767228177642
OCCIDENTE-BAJIO,2023-09-10,434,426,8,0.0184331797235023
OCCIDENTE-BAJIO,2023-09-11,557,544,13,0.0233393177737881
OCCIDENTE-BAJIO,2023-09-12,595,587,8,0.0134453781512605
OCCIDENTE-BAJIO,2023-09-13,580,569,11,0.0189655172413793
OCCIDENTE-BAJIO,2023-09-14,591,575,16,0.027072758037225
OCCIDENTE-BAJIO,2023-09-15,672,660,12,0.0178571428571429
OCCIDENTE-BAJIO,2023-09-16,584,574,10,0.0171232876712329
OCCIDENTE-BAJIO,2023-09-17,451,444,7,0.0155210643015521
OCCIDENTE-BAJIO,2023-09-18,567,557,10,0.017636684303351
OCCIDENTE-BAJIO,2023-09-19,600,581,19,0.0316666666666667
OCCIDENTE-BAJIO,2023-09-20,479,470,9,0.0187891440501044
OCCIDENTE-BAJIO,2023-09-21,533,520,13,0.024390243902439
OCCIDENTE-BAJIO,2023-09-22,591,573,18,0.0304568527918782
OCCIDENTE-BAJIO,2023-09-23,690,673,17,0.0246376811594203
OCCIDENTE-BAJIO,2023-09-24,425,418,7,0.0164705882352941
OCCIDENTE-BAJIO,2023-09-25,514,502,12,0.0233463035019455
OCCIDENTE-BAJIO,2023-09-26,578,564,14,0.0242214532871972
OCCIDENTE-BAJIO,2023-09-27,564,552,12,0.0212765957446809
OCCIDENTE-BAJIO,2023-09-28,610,591,19,0.0311475409836066
OCCIDENTE-BAJIO,2023-09-29,667,647,20,0.0299850074962519
OCCIDENTE-BAJIO,2023-09-30,804,776,28,0.0348258706467662
OCCIDENTE-BAJIO,2023-10-01,462,449,13,0.0281385281385281
OCCIDENTE-BAJIO,2023-10-02,544,530,14,0.0257352941176471
OCCIDENTE-BAJIO,2023-10-03,540,519,21,0.0388888888888889
OCCIDENTE-BAJIO,2023-10-04,514,490,24,0.0466926070038911
OCCIDENTE-BAJIO,2023-10-05,520,494,26,0.05
OCCIDENTE-BAJIO,2023-10-06,543,515,28,0.0515653775322284
OCCIDENTE-BAJIO,2023-10-07,670,645,25,0.0373134328358209
OCCIDENTE-BAJIO,2023-10-08,428,410,18,0.0420560747663551
OCCIDENTE-BAJIO,2023-10-09,561,535,26,0.0463458110516934
OCCIDENTE-BAJIO,2023-10-10,475,451,24,0.0505263157894737
OCCIDENTE-BAJIO,2023-10-11,458,429,29,0.0633187772925764
OCCIDENTE-BAJIO,2023-10-12,489,465,24,0.049079754601227
OCCIDENTE-BAJIO,2023-10-13,449,422,27,0.0601336302895323
OCCIDENTE-BAJIO,2023-10-14,585,560,25,0.0427350427350427
OCCIDENTE-BAJIO,2023-10-15,453,433,20,0.0441501103752759
OCCIDENTE-BAJIO,2023-10-16,575,551,24,0.0417391304347826
OCCIDENTE-BAJIO,2023-10-17,513,503,10,0.0194931773879142
OCCIDENTE-BAJIO,2023-10-18,531,507,24,0.0451977401129944
OCCIDENTE-BAJIO,2023-10-19,504,484,20,0.0396825396825397
OCCIDENTE-BAJIO,2023-10-20,589,567,22,0.0373514431239389
OCCIDENTE-BAJIO,2023-10-21,672,652,20,0.0297619047619048
OCCIDENTE-BAJIO,2023-10-22,451,443,8,0.0177383592017738
OCCIDENTE-BAJIO,2023-10-23,517,503,14,0.0270793036750484
OCCIDENTE-BAJIO,2023-10-24,545,528,17,0.0311926605504587
OCCIDENTE-BAJIO,2023-10-25,558,543,15,0.0268817204301075
ORIENTE-SUR,2023-01-01,NA,NA,19,NA
ORIENTE-SUR,2023-01-02,338,246,92,0.272189349112426
ORIENTE-SUR,2023-01-03,501,326,175,0.349301397205589
ORIENTE-SUR,2023-01-04,580,374,206,0.355172413793103
ORIENTE-SUR,2023-01-05,553,368,185,0.334538878842676
ORIENTE-SUR,2023-01-06,531,364,167,0.314500941619586
ORIENTE-SUR,2023-01-07,522,378,144,0.275862068965517
ORIENTE-SUR,2023-01-08,430,293,137,0.318604651162791
ORIENTE-SUR,2023-01-09,501,346,155,0.30938123752495
ORIENTE-SUR,2023-01-10,572,361,211,0.368881118881119
ORIENTE-SUR,2023-01-11,576,373,203,0.352430555555556
ORIENTE-SUR,2023-01-12,520,340,180,0.346153846153846
ORIENTE-SUR,2023-01-13,466,314,152,0.32618025751073
ORIENTE-SUR,2023-01-14,567,378,189,0.333333333333333
ORIENTE-SUR,2023-01-15,463,304,159,0.34341252699784
ORIENTE-SUR,2023-01-16,523,242,281,0.537284894837476
ORIENTE-SUR,2023-01-17,530,254,276,0.520754716981132
ORIENTE-SUR,2023-01-18,493,247,246,0.498985801217039
ORIENTE-SUR,2023-01-19,482,280,202,0.419087136929461
ORIENTE-SUR,2023-01-20,498,268,230,0.461847389558233
ORIENTE-SUR,2023-01-21,552,297,255,0.46195652173913
ORIENTE-SUR,2023-01-22,449,245,204,0.4543429844098
ORIENTE-SUR,2023-01-23,520,261,259,0.498076923076923
ORIENTE-SUR,2023-01-24,489,235,254,0.519427402862986
ORIENTE-SUR,2023-01-25,527,276,251,0.476280834914611
ORIENTE-SUR,2023-01-26,475,228,247,0.52
ORIENTE-SUR,2023-01-27,460,226,234,0.508695652173913
ORIENTE-SUR,2023-01-28,522,252,270,0.517241379310345
ORIENTE-SUR,2023-01-29,449,197,252,0.561247216035635
ORIENTE-SUR,2023-01-30,490,229,261,0.53265306122449
ORIENTE-SUR,2023-01-31,581,297,284,0.48881239242685
ORIENTE-SUR,2023-02-01,552,265,287,0.519927536231884
ORIENTE-SUR,2023-02-02,561,276,285,0.508021390374332
ORIENTE-SUR,2023-02-03,532,246,286,0.537593984962406
ORIENTE-SUR,2023-02-04,611,287,324,0.530278232405892
ORIENTE-SUR,2023-02-05,468,213,255,0.544871794871795
ORIENTE-SUR,2023-02-06,538,244,294,0.546468401486989
ORIENTE-SUR,2023-02-07,492,238,254,0.516260162601626
ORIENTE-SUR,2023-02-08,528,264,264,0.5
ORIENTE-SUR,2023-02-09,484,235,249,0.514462809917355
ORIENTE-SUR,2023-02-10,506,241,265,0.523715415019763
ORIENTE-SUR,2023-02-11,566,283,283,0.5
ORIENTE-SUR,2023-02-12,444,200,244,0.54954954954955
ORIENTE-SUR,2023-02-13,465,220,245,0.526881720430108
ORIENTE-SUR,2023-02-14,482,218,264,0.547717842323652
ORIENTE-SUR,2023-02-15,543,249,294,0.541436464088398
ORIENTE-SUR,2023-02-16,551,263,288,0.522686025408348
ORIENTE-SUR,2023-02-17,472,228,244,0.516949152542373
ORIENTE-SUR,2023-02-18,547,285,262,0.478976234003656
ORIENTE-SUR,2023-02-19,442,199,243,0.549773755656109
ORIENTE-SUR,2023-02-20,479,265,214,0.446764091858038
ORIENTE-SUR,2023-02-21,529,299,230,0.434782608695652
ORIENTE-SUR,2023-02-22,479,250,229,0.478079331941545
ORIENTE-SUR,2023-02-23,499,279,220,0.440881763527054
ORIENTE-SUR,2023-02-24,537,323,214,0.398510242085661
ORIENTE-SUR,2023-02-25,570,349,221,0.387719298245614
ORIENTE-SUR,2023-02-26,447,260,187,0.41834451901566
ORIENTE-SUR,2023-02-27,571,322,249,0.436077057793345
ORIENTE-SUR,2023-02-28,594,337,257,0.432659932659933
ORIENTE-SUR,2023-03-01,507,270,237,0.467455621301775
ORIENTE-SUR,2023-03-02,469,274,195,0.415778251599147
ORIENTE-SUR,2023-03-03,498,321,177,0.355421686746988
ORIENTE-SUR,2023-03-04,578,341,237,0.410034602076125
ORIENTE-SUR,2023-03-05,398,237,161,0.404522613065327
ORIENTE-SUR,2023-03-06,505,341,164,0.324752475247525
ORIENTE-SUR,2023-03-07,512,357,155,0.302734375
ORIENTE-SUR,2023-03-08,522,404,118,0.226053639846743
ORIENTE-SUR,2023-03-09,492,411,81,0.164634146341463
ORIENTE-SUR,2023-03-10,473,420,53,0.112050739957717
ORIENTE-SUR,2023-03-11,528,455,73,0.138257575757576
ORIENTE-SUR,2023-03-12,423,361,62,0.146572104018913
ORIENTE-SUR,2023-03-13,479,414,65,0.135699373695198
ORIENTE-SUR,2023-03-14,496,444,52,0.104838709677419
ORIENTE-SUR,2023-03-15,533,480,53,0.099437148217636
ORIENTE-SUR,2023-03-16,610,571,39,0.0639344262295082
ORIENTE-SUR,2023-03-17,683,611,72,0.105417276720351
ORIENTE-SUR,2023-03-18,785,725,60,0.0764331210191083
ORIENTE-SUR,2023-03-19,539,491,48,0.0890538033395176
ORIENTE-SUR,2023-03-20,655,601,54,0.0824427480916031
ORIENTE-SUR,2023-03-21,625,582,43,0.0688
ORIENTE-SUR,2023-03-22,551,514,37,0.0671506352087114
ORIENTE-SUR,2023-03-23,556,527,29,0.052158273381295
ORIENTE-SUR,2023-03-24,574,548,26,0.0452961672473868
ORIENTE-SUR,2023-03-25,613,585,28,0.0456769983686786
ORIENTE-SUR,2023-03-26,507,479,28,0.0552268244575937
ORIENTE-SUR,2023-03-27,458,432,26,0.0567685589519651
ORIENTE-SUR,2023-03-28,487,459,28,0.0574948665297741
ORIENTE-SUR,2023-03-29,527,511,16,0.0303605313092979
ORIENTE-SUR,2023-03-30,635,603,32,0.0503937007874016
ORIENTE-SUR,2023-03-31,824,772,52,0.0631067961165049
ORIENTE-SUR,2023-04-01,673,638,35,0.0520059435364042
ORIENTE-SUR,2023-04-02,412,393,19,0.0461165048543689
ORIENTE-SUR,2023-04-03,596,577,19,0.0318791946308725
ORIENTE-SUR,2023-04-04,569,530,39,0.0685413005272408
ORIENTE-SUR,2023-04-05,486,432,54,0.111111111111111
ORIENTE-SUR,2023-04-06,531,503,28,0.0527306967984934
ORIENTE-SUR,2023-04-07,429,411,18,0.041958041958042
ORIENTE-SUR,2023-04-08,394,374,20,0.050761421319797
ORIENTE-SUR,2023-04-09,272,261,11,0.0404411764705882
ORIENTE-SUR,2023-04-10,427,396,31,0.0725995316159251
ORIENTE-SUR,2023-04-11,484,453,31,0.0640495867768595
ORIENTE-SUR,2023-04-12,509,470,39,0.0766208251473477
ORIENTE-SUR,2023-04-13,449,430,19,0.0423162583518931
ORIENTE-SUR,2023-04-14,592,563,29,0.0489864864864865
ORIENTE-SUR,2023-04-15,794,748,46,0.0579345088161209
ORIENTE-SUR,2023-04-16,672,653,19,0.0282738095238095
ORIENTE-SUR,2023-04-17,584,563,21,0.035958904109589
ORIENTE-SUR,2023-04-18,490,468,22,0.0448979591836735
ORIENTE-SUR,2023-04-19,498,475,23,0.0461847389558233
ORIENTE-SUR,2023-04-20,528,500,28,0.053030303030303
ORIENTE-SUR,2023-04-21,526,507,19,0.0361216730038023
ORIENTE-SUR,2023-04-22,616,588,28,0.0454545454545455
ORIENTE-SUR,2023-04-23,484,459,25,0.0516528925619835
ORIENTE-SUR,2023-04-24,594,577,17,0.0286195286195286
ORIENTE-SUR,2023-04-25,744,704,40,0.0537634408602151
ORIENTE-SUR,2023-04-26,627,603,24,0.0382775119617225
ORIENTE-SUR,2023-04-27,517,487,30,0.058027079303675
ORIENTE-SUR,2023-04-28,630,592,38,0.0603174603174603
ORIENTE-SUR,2023-04-29,774,742,32,0.041343669250646
ORIENTE-SUR,2023-04-30,611,584,27,0.044189852700491
ORIENTE-SUR,2023-05-01,545,523,22,0.0403669724770642
ORIENTE-SUR,2023-05-02,520,501,19,0.0365384615384615
ORIENTE-SUR,2023-05-03,495,478,17,0.0343434343434343
ORIENTE-SUR,2023-05-04,441,419,22,0.0498866213151927
ORIENTE-SUR,2023-05-05,530,511,19,0.0358490566037736
ORIENTE-SUR,2023-05-06,575,558,17,0.0295652173913043
ORIENTE-SUR,2023-05-07,368,351,17,0.046195652173913
ORIENTE-SUR,2023-05-08,429,409,20,0.0466200466200466
ORIENTE-SUR,2023-05-09,527,507,20,0.0379506641366224
ORIENTE-SUR,2023-05-10,439,414,25,0.0569476082004556
ORIENTE-SUR,2023-05-11,448,419,29,0.0647321428571429
ORIENTE-SUR,2023-05-12,481,468,13,0.027027027027027
ORIENTE-SUR,2023-05-13,729,697,32,0.0438957475994513
ORIENTE-SUR,2023-05-14,653,627,26,0.0398162327718224
ORIENTE-SUR,2023-05-15,753,725,28,0.0371845949535193
ORIENTE-SUR,2023-05-16,832,794,38,0.0456730769230769
ORIENTE-SUR,2023-05-17,648,611,37,0.0570987654320988
ORIENTE-SUR,2023-05-18,490,467,23,0.0469387755102041
ORIENTE-SUR,2023-05-19,503,478,25,0.0497017892644135
ORIENTE-SUR,2023-05-20,691,662,29,0.0419681620839363
ORIENTE-SUR,2023-05-21,597,573,24,0.0402010050251256
ORIENTE-SUR,2023-05-22,552,520,32,0.0579710144927536
ORIENTE-SUR,2023-05-23,556,531,25,0.0449640287769784
ORIENTE-SUR,2023-05-24,543,523,20,0.0368324125230203
ORIENTE-SUR,2023-05-25,558,532,26,0.046594982078853
ORIENTE-SUR,2023-05-26,590,559,31,0.0525423728813559
ORIENTE-SUR,2023-05-27,670,634,36,0.0537313432835821
ORIENTE-SUR,2023-05-28,418,393,25,0.0598086124401914
ORIENTE-SUR,2023-05-29,549,522,27,0.0491803278688525
ORIENTE-SUR,2023-05-30,641,612,29,0.0452418096723869
ORIENTE-SUR,2023-05-31,699,668,31,0.0443490701001431
ORIENTE-SUR,2023-06-01,574,542,32,0.0557491289198606
ORIENTE-SUR,2023-06-02,506,486,20,0.0395256916996047
ORIENTE-SUR,2023-06-03,555,535,20,0.036036036036036
ORIENTE-SUR,2023-06-04,559,526,33,0.0590339892665474
ORIENTE-SUR,2023-06-05,519,506,13,0.0250481695568401
ORIENTE-SUR,2023-06-06,480,460,20,0.0416666666666667
ORIENTE-SUR,2023-06-07,458,429,29,0.0633187772925764
ORIENTE-SUR,2023-06-08,494,477,17,0.034412955465587
ORIENTE-SUR,2023-06-09,503,483,20,0.0397614314115308
ORIENTE-SUR,2023-06-10,624,597,27,0.0432692307692308
ORIENTE-SUR,2023-06-11,555,535,20,0.036036036036036
ORIENTE-SUR,2023-06-12,473,456,17,0.0359408033826638
ORIENTE-SUR,2023-06-13,465,451,14,0.0301075268817204
ORIENTE-SUR,2023-06-14,533,511,22,0.0412757973733583
ORIENTE-SUR,2023-06-15,590,571,19,0.0322033898305085
ORIENTE-SUR,2023-06-16,528,510,18,0.0340909090909091
ORIENTE-SUR,2023-06-17,636,612,24,0.0377358490566038
ORIENTE-SUR,2023-06-18,551,534,17,0.0308529945553539
ORIENTE-SUR,2023-06-19,577,564,13,0.0225303292894281
ORIENTE-SUR,2023-06-20,609,590,19,0.0311986863711002
ORIENTE-SUR,2023-06-21,566,541,25,0.0441696113074205
ORIENTE-SUR,2023-06-22,492,465,27,0.0548780487804878
ORIENTE-SUR,2023-06-23,471,451,20,0.0424628450106157
ORIENTE-SUR,2023-06-24,518,507,11,0.0212355212355212
ORIENTE-SUR,2023-06-25,523,507,16,0.0305927342256214
ORIENTE-SUR,2023-06-26,525,508,17,0.0323809523809524
ORIENTE-SUR,2023-06-27,582,565,17,0.0292096219931271
ORIENTE-SUR,2023-06-28,525,506,19,0.0361904761904762
ORIENTE-SUR,2023-06-29,589,571,18,0.0305602716468591
ORIENTE-SUR,2023-06-30,427,387,40,0.0936768149882904
ORIENTE-SUR,2023-07-01,672,649,23,0.0342261904761905
ORIENTE-SUR,2023-07-02,450,440,10,0.0222222222222222
ORIENTE-SUR,2023-07-03,565,552,13,0.0230088495575221
ORIENTE-SUR,2023-07-04,518,502,16,0.0308880308880309
ORIENTE-SUR,2023-07-05,522,503,19,0.0363984674329502
ORIENTE-SUR,2023-07-06,491,470,21,0.0427698574338086
ORIENTE-SUR,2023-07-07,594,570,24,0.0404040404040404
ORIENTE-SUR,2023-07-08,659,644,15,0.0227617602427921
ORIENTE-SUR,2023-07-09,511,499,12,0.0234833659491194
ORIENTE-SUR,2023-07-10,588,571,17,0.0289115646258503
ORIENTE-SUR,2023-07-11,581,565,16,0.0275387263339071
ORIENTE-SUR,2023-07-12,547,534,13,0.0237659963436929
ORIENTE-SUR,2023-07-13,505,485,20,0.0396039603960396
ORIENTE-SUR,2023-07-14,538,524,14,0.0260223048327138
ORIENTE-SUR,2023-07-15,635,623,12,0.0188976377952756
ORIENTE-SUR,2023-07-16,525,516,9,0.0171428571428571
ORIENTE-SUR,2023-07-17,539,521,18,0.0333951762523191
ORIENTE-SUR,2023-07-18,499,486,13,0.0260521042084168
ORIENTE-SUR,2023-07-19,491,480,11,0.0224032586558045
ORIENTE-SUR,2023-07-20,605,588,17,0.028099173553719
ORIENTE-SUR,2023-07-21,521,509,12,0.0230326295585413
ORIENTE-SUR,2023-07-22,567,557,10,0.017636684303351
ORIENTE-SUR,2023-07-23,489,479,10,0.0204498977505112
ORIENTE-SUR,2023-07-24,553,543,10,0.0180831826401447
ORIENTE-SUR,2023-07-25,576,561,15,0.0260416666666667
ORIENTE-SUR,2023-07-26,558,540,18,0.032258064516129
ORIENTE-SUR,2023-07-27,538,522,16,0.0297397769516729
ORIENTE-SUR,2023-07-28,572,559,13,0.0227272727272727
ORIENTE-SUR,2023-07-29,721,705,16,0.0221914008321775
ORIENTE-SUR,2023-07-30,566,559,7,0.0123674911660777
ORIENTE-SUR,2023-07-31,736,725,11,0.014945652173913
ORIENTE-SUR,2023-08-01,602,574,28,0.0465116279069767
ORIENTE-SUR,2023-08-02,570,555,15,0.0263157894736842
ORIENTE-SUR,2023-08-03,545,477,68,0.124770642201835
ORIENTE-SUR,2023-08-04,493,477,16,0.0324543610547667
ORIENTE-SUR,2023-08-05,565,548,17,0.0300884955752212
ORIENTE-SUR,2023-08-06,488,479,9,0.0184426229508197
ORIENTE-SUR,2023-08-07,555,541,14,0.0252252252252252
ORIENTE-SUR,2023-08-08,534,517,17,0.0318352059925094
ORIENTE-SUR,2023-08-09,595,580,15,0.0252100840336134
ORIENTE-SUR,2023-08-10,606,597,9,0.0148514851485149
ORIENTE-SUR,2023-08-11,563,545,18,0.0319715808170515
ORIENTE-SUR,2023-08-12,588,567,21,0.0357142857142857
ORIENTE-SUR,2023-08-13,524,506,18,0.0343511450381679
ORIENTE-SUR,2023-08-14,561,547,14,0.0249554367201426
ORIENTE-SUR,2023-08-15,574,566,8,0.0139372822299652
ORIENTE-SUR,2023-08-16,614,597,17,0.0276872964169381
ORIENTE-SUR,2023-08-17,588,557,31,0.0527210884353742
ORIENTE-SUR,2023-08-18,650,631,19,0.0292307692307692
ORIENTE-SUR,2023-08-19,645,628,17,0.0263565891472868
ORIENTE-SUR,2023-08-20,509,492,17,0.0333988212180747
ORIENTE-SUR,2023-08-21,522,518,4,0.00766283524904215
ORIENTE-SUR,2023-08-22,517,513,4,0.00773694390715667
ORIENTE-SUR,2023-08-23,508,504,4,0.0078740157480315
ORIENTE-SUR,2023-08-24,590,584,6,0.0101694915254237
ORIENTE-SUR,2023-08-25,621,612,9,0.0144927536231884
ORIENTE-SUR,2023-08-26,653,646,7,0.0107197549770291
ORIENTE-SUR,2023-08-27,502,498,4,0.00796812749003984
ORIENTE-SUR,2023-08-28,565,558,7,0.0123893805309735
ORIENTE-SUR,2023-08-29,571,568,3,0.00525394045534151
ORIENTE-SUR,2023-08-30,557,554,3,0.00538599640933573
ORIENTE-SUR,2023-08-31,565,563,2,0.00353982300884956
ORIENTE-SUR,2023-09-01,499,492,7,0.0140280561122244
ORIENTE-SUR,2023-09-02,524,522,2,0.00381679389312977
ORIENTE-SUR,2023-09-03,440,438,2,0.00454545454545455
ORIENTE-SUR,2023-09-04,496,494,2,0.00403225806451613
ORIENTE-SUR,2023-09-05,603,601,2,0.0033167495854063
ORIENTE-SUR,2023-09-06,543,541,2,0.00368324125230203
ORIENTE-SUR,2023-09-07,539,535,4,0.00742115027829314
ORIENTE-SUR,2023-09-08,537,534,3,0.00558659217877095
ORIENTE-SUR,2023-09-09,596,593,3,0.00503355704697987
ORIENTE-SUR,2023-09-10,442,441,1,0.00226244343891403
ORIENTE-SUR,2023-09-11,501,497,4,0.00798403193612774
ORIENTE-SUR,2023-09-12,604,599,5,0.00827814569536424
ORIENTE-SUR,2023-09-13,517,511,6,0.011605415860735
ORIENTE-SUR,2023-09-14,570,566,4,0.00701754385964912
ORIENTE-SUR,2023-09-15,644,638,6,0.0093167701863354
ORIENTE-SUR,2023-09-16,520,516,4,0.00769230769230769
ORIENTE-SUR,2023-09-17,427,425,2,0.00468384074941452
ORIENTE-SUR,2023-09-18,527,527,0,0
ORIENTE-SUR,2023-09-19,530,527,3,0.00566037735849057
ORIENTE-SUR,2023-09-20,469,465,4,0.00852878464818763
ORIENTE-SUR,2023-09-21,496,492,4,0.00806451612903226
ORIENTE-SUR,2023-09-22,510,508,2,0.00392156862745098
ORIENTE-SUR,2023-09-23,598,594,4,0.00668896321070234
ORIENTE-SUR,2023-09-24,484,480,4,0.00826446280991736
ORIENTE-SUR,2023-09-25,538,534,4,0.00743494423791822
ORIENTE-SUR,2023-09-26,580,576,4,0.00689655172413793
ORIENTE-SUR,2023-09-27,527,526,1,0.00189753320683112
ORIENTE-SUR,2023-09-28,518,515,3,0.00579150579150579
ORIENTE-SUR,2023-09-29,653,649,4,0.00612557427258806
ORIENTE-SUR,2023-09-30,755,751,4,0.00529801324503311
ORIENTE-SUR,2023-10-01,505,504,1,0.00198019801980198
ORIENTE-SUR,2023-10-02,497,494,3,0.00603621730382294
ORIENTE-SUR,2023-10-03,496,487,9,0.0181451612903226
ORIENTE-SUR,2023-10-04,473,465,8,0.0169133192389006
ORIENTE-SUR,2023-10-05,476,468,8,0.0168067226890756
ORIENTE-SUR,2023-10-06,543,527,16,0.0294659300184162
ORIENTE-SUR,2023-10-07,550,540,10,0.0181818181818182
ORIENTE-SUR,2023-10-08,392,381,11,0.0280612244897959
ORIENTE-SUR,2023-10-09,428,417,11,0.0257009345794393
ORIENTE-SUR,2023-10-10,411,398,13,0.0316301703163017
ORIENTE-SUR,2023-10-11,476,461,15,0.0315126050420168
ORIENTE-SUR,2023-10-12,416,411,5,0.0120192307692308
ORIENTE-SUR,2023-10-13,503,493,10,0.0198807157057654
ORIENTE-SUR,2023-10-14,564,554,10,0.0177304964539007
ORIENTE-SUR,2023-10-15,460,453,7,0.0152173913043478
ORIENTE-SUR,2023-10-16,520,514,6,0.0115384615384615
ORIENTE-SUR,2023-10-17,485,470,15,0.0309278350515464
ORIENTE-SUR,2023-10-18,523,506,17,0.0325047801147228
ORIENTE-SUR,2023-10-19,511,500,11,0.0215264187866928
ORIENTE-SUR,2023-10-20,503,487,16,0.0318091451292246
ORIENTE-SUR,2023-10-21,628,614,14,0.0222929936305732
ORIENTE-SUR,2023-10-22,469,454,15,0.0319829424307036
ORIENTE-SUR,2023-10-23,488,476,12,0.0245901639344262
ORIENTE-SUR,2023-10-24,496,483,13,0.0262096774193548
ORIENTE-SUR,2023-10-25,452,441,11,0.0243362831858407