DIRECCION,Fecha,Soportes,ADDON,CDD
CENTRO,2022-03-01,23,268,330
CENTRO,2022-03-02,18,244,292
CENTRO,2022-03-03,17,232,243
CENTRO,2022-03-04,23,275,277
CENTRO,2022-03-05,25,264,275
CENTRO,2022-03-06,22,244,234
CENTRO,2022-03-07,29,213,211
CENTRO,2022-03-08,18,155,181
CENTRO,2022-03-09,4,121,148
CENTRO,2022-03-10,23,117,134
CENTRO,2022-03-11,29,114,153
CENTRO,2022-03-12,29,117,154
CENTRO,2022-03-13,29,118,133
CENTRO,2022-03-14,28,119,127
CENTRO,2022-03-15,28,105,113
CENTRO,2022-03-16,27,92,97
CENTRO,2022-03-17,25,88,65
CENTRO,2022-03-18,26,124,125
CENTRO,2022-03-19,34,158,170
CENTRO,2022-03-20,39,191,148
CENTRO,2022-03-21,75,199,150
CENTRO,2022-03-22,74,208,152
CENTRO,2022-03-23,60,160,121
CENTRO,2022-03-24,47,141,94
CENTRO,2022-03-25,37,151,113
CENTRO,2022-03-26,24,171,133
CENTRO,2022-03-27,30,179,139
CENTRO,2022-03-28,24,166,157
CENTRO,2022-03-29,25,134,153
CENTRO,2022-03-30,27,86,140
CENTRO,2022-03-31,25,72,139
CENTRO,2022-04-01,22,97,201
CENTRO,2022-04-02,25,102,238
CENTRO,2022-04-03,28,127,186
CENTRO,2022-04-04,39,137,198
CENTRO,2022-04-05,37,100,140
CENTRO,2022-04-06,30,75,104
CENTRO,2022-04-07,25,66,84
CENTRO,2022-04-08,27,79,116
CENTRO,2022-04-09,22,87,124
CENTRO,2022-04-10,25,84,123
CENTRO,2022-04-11,28,109,144
CENTRO,2022-04-12,26,121,131
CENTRO,2022-04-13,21,128,117
CENTRO,2022-04-14,25,116,95
CENTRO,2022-04-15,21,151,115
CENTRO,2022-04-16,16,177,123
CENTRO,2022-04-17,21,220,123
CENTRO,2022-04-18,34,272,145
CENTRO,2022-04-19,20,135,104
CENTRO,2022-04-20,17,99,89
CENTRO,2022-04-21,13,77,74
CENTRO,2022-04-22,13,101,125
CENTRO,2022-04-23,13,144,105
CENTRO,2022-04-24,15,153,110
CENTRO,2022-04-25,16,301,141
CENTRO,2022-04-26,23,229,123
CENTRO,2022-04-27,25,139,107
CENTRO,2022-04-28,16,108,97
CENTRO,2022-04-29,17,130,153
CENTRO,2022-04-30,21,197,192
CENTRO,2022-05-01,18,229,202
CENTRO,2022-05-02,17,289,216
CENTRO,2022-05-03,26,279,201
CENTRO,2022-05-04,22,238,178
CENTRO,2022-05-05,18,178,134
CENTRO,2022-05-06,24,155,137
CENTRO,2022-05-07,26,170,165
CENTRO,2022-05-08,33,194,151
CENTRO,2022-05-09,29,207,140
CENTRO,2022-05-10,31,215,145
CENTRO,2022-05-11,32,244,125
CENTRO,2022-05-12,29,156,112
CENTRO,2022-05-13,34,131,144
CENTRO,2022-05-14,32,133,144
CENTRO,2022-05-15,21,141,120
CENTRO,2022-05-16,22,147,125
CENTRO,2022-05-17,25,115,108
CENTRO,2022-05-18,21,95,91
CENTRO,2022-05-19,23,79,94
CENTRO,2022-05-20,21,79,101
CENTRO,2022-05-21,22,81,122
CENTRO,2022-05-22,22,81,99
CENTRO,2022-05-23,25,91,105
CENTRO,2022-05-24,24,72,95
CENTRO,2022-05-25,21,65,95
CENTRO,2022-05-26,20,58,81
CENTRO,2022-05-27,21,62,121
CENTRO,2022-05-28,28,63,158
CENTRO,2022-05-29,26,73,156
CENTRO,2022-05-30,28,102,169
CENTRO,2022-05-31,22,109,164
CENTRO,2022-06-01,21,120,189
CENTRO,2022-06-02,18,115,155
CENTRO,2022-06-03,24,133,177
CENTRO,2022-06-04,37,143,186
CENTRO,2022-06-05,44,151,187
CENTRO,2022-06-06,48,136,182
CENTRO,2022-06-07,44,132,139
CENTRO,2022-06-08,40,100,126
CENTRO,2022-06-09,48,86,115
CENTRO,2022-06-10,51,80,135
CENTRO,2022-06-11,66,75,158
CENTRO,2022-06-12,79,80,131
CENTRO,2022-06-13,100,94,144
CENTRO,2022-06-14,112,80,145
CENTRO,2022-06-15,109,52,123
CENTRO,2022-06-16,114,62,116
CENTRO,2022-06-17,126,78,138
CENTRO,2022-06-18,64,100,169
CENTRO,2022-06-19,40,146,173
CENTRO,2022-06-20,38,193,177
CENTRO,2022-06-21,41,191,146
CENTRO,2022-06-22,30,151,126
CENTRO,2022-06-23,20,134,94
CENTRO,2022-06-24,22,147,121
CENTRO,2022-06-25,24,129,118
CENTRO,2022-06-26,23,100,117
CENTRO,2022-06-27,22,110,135
CENTRO,2022-06-28,18,88,143
CENTRO,2022-06-29,20,83,142
CENTRO,2022-06-30,17,70,122
CENTRO,2022-07-01,19,99,161
CENTRO,2022-07-02,26,134,231
CENTRO,2022-07-03,24,180,244
CENTRO,2022-07-04,35,209,254
CENTRO,2022-07-05,55,197,217
CENTRO,2022-07-06,61,137,157
CENTRO,2022-07-07,58,94,119
CENTRO,2022-07-08,71,93,143
CENTRO,2022-07-09,72,118,176
CENTRO,2022-07-10,70,99,166
CENTRO,2022-07-11,93,115,165
CENTRO,2022-07-12,71,132,168
CENTRO,2022-07-13,72,104,157
CENTRO,2022-07-14,63,74,133
CENTRO,2022-07-15,71,93,172
CENTRO,2022-07-16,74,130,189
CENTRO,2022-07-17,75,131,190
CENTRO,2022-07-18,79,178,199
CENTRO,2022-07-19,77,166,200
CENTRO,2022-07-20,86,149,190
CENTRO,2022-07-21,104,117,157
CENTRO,2022-07-22,115,124,183
CENTRO,2022-07-23,129,160,228
CENTRO,2022-07-24,158,217,245
CENTRO,2022-07-25,175,322,263
CENTRO,2022-07-26,186,295,258
CENTRO,2022-07-27,190,260,232
CENTRO,2022-07-28,194,233,233
CENTRO,2022-07-29,197,227,289
CENTRO,2022-07-30,207,257,374
CENTRO,2022-07-31,229,280,411
CENTRO,2022-08-01,238,389,411
CENTRO,2022-08-02,245,404,373
CENTRO,2022-08-03,230,346,340
CENTRO,2022-08-04,152,263,280
CENTRO,2022-08-05,145,311,267
CENTRO,2022-08-06,123,366,273
CENTRO,2022-08-07,105,539,269
CENTRO,2022-08-08,104,590,283
CENTRO,2022-08-09,85,507,254
CENTRO,2022-08-10,45,432,219
CENTRO,2022-08-11,31,375,195
CENTRO,2022-08-12,34,352,223
CENTRO,2022-08-13,32,345,228
CENTRO,2022-08-14,33,504,228
CENTRO,2022-08-15,34,604,224
CENTRO,2022-08-16,34,504,231
CENTRO,2022-08-17,29,428,195
CENTRO,2022-08-18,27,322,165
CENTRO,2022-08-19,27,316,178
CENTRO,2022-08-20,31,327,198
CENTRO,2022-08-21,34,323,196
CENTRO,2022-08-22,31,298,197
CENTRO,2022-08-23,26,237,161
CENTRO,2022-08-24,22,194,133
CENTRO,2022-08-25,23,153,112
CENTRO,2022-08-26,20,176,134
CENTRO,2022-08-27,26,189,150
CENTRO,2022-08-28,30,210,151
CENTRO,2022-08-29,26,222,162
CENTRO,2022-08-30,35,169,163
CENTRO,2022-08-31,29,167,164
CENTRO,2022-09-01,28,138,141
CENTRO,2022-09-02,30,164,173
CENTRO,2022-09-03,29,207,203
CENTRO,2022-09-04,28,211,250
CENTRO,2022-09-05,29,282,218
CENTRO,2022-09-06,31,277,182
CENTRO,2022-09-07,35,289,178
CENTRO,2022-09-08,31,229,169
CENTRO,2022-09-09,40,201,196
CENTRO,2022-09-10,48,344,321
CENTRO,2022-09-11,83,207,227
CENTRO,2022-09-12,111,272,213
CENTRO,2022-09-13,99,248,213
CENTRO,2022-09-14,89,215,192
CENTRO,2022-09-15,85,184,190
CENTRO,2022-09-16,78,201,209
CENTRO,2022-09-17,93,252,231
CENTRO,2022-09-18,98,266,232
CENTRO,2022-09-19,104,332,266
CENTRO,2022-09-20,79,223,207
CENTRO,2022-09-21,72,178,182
CENTRO,2022-09-22,68,166,167
CENTRO,2022-09-23,61,167,168
CENTRO,2022-09-24,53,211,213
CENTRO,2022-09-25,50,252,227
CENTRO,2022-09-26,59,386,264
CENTRO,2022-09-27,47,410,267
CENTRO,2022-09-28,49,445,250
CENTRO,2022-09-29,48,329,253
CENTRO,2022-09-30,49,295,279
CENTRO,2022-10-01,56,395,363
CENTRO,2022-10-02,57,518,396
CENTRO,2022-10-03,61,597,415
CENTRO,2022-10-04,64,556,402
CENTRO,2022-10-05,54,587,361
CENTRO,2022-10-06,47,435,294
CENTRO,2022-10-07,43,394,260
CENTRO,2022-10-08,49,396,262
CENTRO,2022-10-09,45,340,237
CENTRO,2022-10-10,45,425,241
CENTRO,2022-10-11,41,420,207
CENTRO,2022-10-12,45,313,174
CENTRO,2022-10-13,39,241,154
CENTRO,2022-10-14,32,228,179
CENTRO,2022-10-15,38,284,191
CENTRO,2022-10-16,40,315,205
CENTRO,2022-10-17,41,477,214
CENTRO,2022-10-18,41,550,211
CENTRO,2022-10-19,41,576,191
CENTRO,2022-10-20,37,435,161
CENTRO,2022-10-21,45,554,180
CENTRO,2022-10-22,38,562,186
CENTRO,2022-10-23,35,515,193
CENTRO,2022-10-24,39,487,189
CENTRO,2022-10-25,45,343,183
CENTRO,2022-10-26,38,235,172
CENTRO,2022-10-27,37,186,164
CENTRO,2022-10-28,37,182,184
CENTRO,2022-10-29,41,221,220
CENTRO,2022-10-30,41,223,191
CENTRO,2022-10-31,41,269,192
CENTRO,2022-11-01,43,321,205
CENTRO,2022-11-02,38,387,196
CENTRO,2022-11-03,37,288,148
CENTRO,2022-11-04,37,214,163
CENTRO,2022-11-05,38,195,180
CENTRO,2022-11-06,42,165,163
CENTRO,2022-11-07,43,192,159
CENTRO,2022-11-08,38,195,154
CENTRO,2022-11-09,36,174,158
CENTRO,2022-11-10,34,162,139
CENTRO,2022-11-11,35,176,185
CENTRO,2022-11-12,35,198,202
CENTRO,2022-11-13,45,237,205
CENTRO,2022-11-14,52,315,213
CENTRO,2022-11-15,56,519,217
CENTRO,2022-11-16,59,533,227
CENTRO,2022-11-17,51,482,216
CENTRO,2022-11-18,49,840,270
CENTRO,2022-11-19,73,953,283
CENTRO,2022-11-20,80,1080,299
CENTRO,2022-11-21,68,1119,282
CENTRO,2022-11-22,70,1236,303
CENTRO,2022-11-23,52,1208,290
CENTRO,2022-11-24,44,1007,261
CENTRO,2022-11-25,42,935,259
CENTRO,2022-11-26,45,862,296
CENTRO,2022-11-27,39,829,286
CENTRO,2022-11-28,37,1008,259
CENTRO,2022-11-29,42,981,232
CENTRO,2022-11-30,41,790,217
CENTRO,2022-12-01,44,623,223
CENTRO,2022-12-02,47,586,258
CENTRO,2022-12-03,49,617,299
CENTRO,2022-12-04,54,560,303
CENTRO,2022-12-05,66,556,294
CENTRO,2022-12-06,57,522,278
CENTRO,2022-12-07,54,534,236
CENTRO,2022-12-08,47,455,188
CENTRO,2022-12-09,52,489,217
CENTRO,2022-12-10,53,554,248
CENTRO,2022-12-11,56,486,218
CENTRO,2022-12-12,61,434,196
CENTRO,2022-12-13,58,361,176
CENTRO,2022-12-14,49,297,156
CENTRO,2022-12-15,38,231,138
CENTRO,2022-12-16,42,251,169
CENTRO,2022-12-17,39,290,189
CENTRO,2022-12-18,36,307,231
CENTRO,2022-12-19,38,349,232
CENTRO,2022-12-20,44,298,226
CENTRO,2022-12-21,34,274,202
CENTRO,2022-12-22,45,218,154
CENTRO,2022-12-23,39,217,159
CENTRO,2022-12-24,38,199,167
CENTRO,2022-12-25,37,222,151
CENTRO,2022-12-26,44,292,192
CENTRO,2022-12-27,40,293,171
CENTRO,2022-12-28,36,230,144
CENTRO,2022-12-29,38,177,119
CENTRO,2022-12-30,38,185,153
CENTRO,2022-12-31,39,198,170
CENTRO,2023-01-01,34,208,196
CENTRO,2023-01-02,44,351,277
CENTRO,2023-01-03,46,429,253
CENTRO,2023-01-04,39,338,201
CENTRO,2023-01-05,34,227,136
CENTRO,2023-01-06,37,222,161
CENTRO,2023-01-07,39,241,184
CENTRO,2023-01-08,41,236,183
CENTRO,2023-01-09,41,243,174
CENTRO,2023-01-10,42,287,177
CENTRO,2023-01-11,35,271,168
CENTRO,2023-01-12,34,247,143
CENTRO,2023-01-13,34,255,157
CENTRO,2023-01-14,42,313,198
CENTRO,2023-01-15,38,321,236
CENTRO,2023-01-16,42,426,280
CENTRO,2023-01-17,46,523,325
CENTRO,2023-01-18,42,558,366
CENTRO,2023-01-19,41,620,377
CENTRO,2023-01-20,50,805,445
CENTRO,2023-01-21,55,1012,516
CENTRO,2023-01-22,56,1158,568
CENTRO,2023-01-23,66,1295,572
CENTRO,2023-01-24,70,1253,568
CENTRO,2023-01-25,60,1167,550
CENTRO,2023-01-26,59,1090,511
CENTRO,2023-01-27,60,1049,543
CENTRO,2023-01-28,66,998,560
CENTRO,2023-01-29,62,1052,568
CENTRO,2023-01-30,74,1069,596
CENTRO,2023-01-31,71,1017,618
CENTRO,2023-02-01,58,994,630
CENTRO,2023-02-02,58,977,564
CENTRO,2023-02-03,59,1023,616
CENTRO,2023-02-04,73,1019,633
CENTRO,2023-02-05,76,1034,649
CENTRO,2023-02-06,76,1029,653
CENTRO,2023-02-07,84,1023,681
CENTRO,2023-02-08,78,936,630
CENTRO,2023-02-09,65,867,539
CENTRO,2023-02-10,62,814,487
CENTRO,2023-02-11,68,821,498
CENTRO,2023-02-12,62,801,481
CENTRO,2023-02-13,70,842,474
CENTRO,2023-02-14,73,783,453
CENTRO,2023-02-15,66,727,426
CENTRO,2023-02-16,101,763,425
CENTRO,2023-02-17,106,774,477
CENTRO,2023-02-18,121,843,488
CENTRO,2023-02-19,139,807,468
CENTRO,2023-02-20,143,821,450
CENTRO,2023-02-21,85,603,349
CENTRO,2023-02-22,83,520,347
CENTRO,2023-02-23,75,473,310
CENTRO,2023-02-24,64,455,352
CENTRO,2023-02-25,70,461,411
CENTRO,2023-02-26,69,505,440
CENTRO,2023-02-27,98,488,467
CENTRO,2023-02-28,98,464,464
CENTRO,2023-03-01,76,462,461
CENTRO,2023-03-02,73,435,457
CENTRO,2023-03-03,77,475,516
CENTRO,2023-03-04,90,536,597
CENTRO,2023-03-05,97,552,637
CENTRO,2023-03-06,105,597,666
CENTRO,2023-03-07,104,609,635
CENTRO,2023-03-08,103,616,569
CENTRO,2023-03-09,107,511,475
CENTRO,2023-03-10,111,449,484
CENTRO,2023-03-11,118,444,451
CENTRO,2023-03-12,123,417,410
CENTRO,2023-03-13,129,449,414
CENTRO,2023-03-14,140,401,363
CENTRO,2023-03-15,135,332,365
CENTRO,2023-03-16,91,298,331
CENTRO,2023-03-17,85,359,368
CENTRO,2023-03-18,92,459,401
CENTRO,2023-03-19,86,517,430
CENTRO,2023-03-20,98,624,497
CENTRO,2023-03-21,121,739,582
CENTRO,2023-03-22,93,709,517
CENTRO,2023-03-23,75,614,434
CENTRO,2023-03-24,78,612,423
CENTRO,2023-03-25,87,595,446
CENTRO,2023-03-26,89,653,449
CENTRO,2023-03-27,97,655,472
CENTRO,2023-03-28,96,696,438
CENTRO,2023-03-29,92,576,354
CENTRO,2023-03-30,68,457,288
CENTRO,2023-03-31,65,469,333
CENTRO,2023-04-01,81,575,421
CENTRO,2023-04-02,88,669,469
CENTRO,2023-04-03,103,713,510
CENTRO,2023-04-04,90,757,523
CENTRO,2023-04-05,116,820,550
CENTRO,2023-04-06,127,806,521
CENTRO,2023-04-07,153,842,528
CENTRO,2023-04-08,194,779,553
CENTRO,2023-04-09,240,738,579
CENTRO,2023-04-10,281,703,557
CENTRO,2023-04-11,292,584,472
CENTRO,2023-04-12,173,513,374
CENTRO,2023-04-13,145,477,334
CENTRO,2023-04-14,141,513,340
CENTRO,2023-04-15,132,488,329
CENTRO,2023-04-16,117,552,359
CENTRO,2023-04-17,131,615,410
CENTRO,2023-04-18,143,709,428
CENTRO,2023-04-19,119,645,410
CENTRO,2023-04-20,111,605,376
CENTRO,2023-04-21,117,610,416
CENTRO,2023-04-22,127,576,417
CENTRO,2023-04-23,144,599,400
CENTRO,2023-04-24,185,723,412
CENTRO,2023-04-25,203,687,406
CENTRO,2023-04-26,207,626,375
CENTRO,2023-04-27,204,593,367
CENTRO,2023-04-28,67,429,328
CENTRO,2023-04-29,95,462,387
CENTRO,2023-04-30,106,562,409
CENTRO,2023-05-01,142,693,444
CENTRO,2023-05-02,165,912,550
CENTRO,2023-05-03,147,920,542
CENTRO,2023-05-04,139,835,480
CENTRO,2023-05-05,126,807,448
CENTRO,2023-05-06,111,794,458
CENTRO,2023-05-07,131,739,436
CENTRO,2023-05-08,146,706,439
CENTRO,2023-05-09,143,644,416
CENTRO,2023-05-10,115,599,377
CENTRO,2023-05-11,99,534,314
CENTRO,2023-05-12,54,426,294
CENTRO,2023-05-13,52,462,294
CENTRO,2023-05-14,55,513,249
CENTRO,2023-05-15,75,599,275
CENTRO,2023-05-16,77,676,294
CENTRO,2023-05-17,71,781,305
CENTRO,2023-05-18,49,629,267
CENTRO,2023-05-19,45,724,309
CENTRO,2023-05-20,58,693,326
CENTRO,2023-05-21,66,785,344
CENTRO,2023-05-22,88,842,355
CENTRO,2023-05-23,99,806,385
CENTRO,2023-05-24,76,783,342
CENTRO,2023-05-25,78,734,311
CENTRO,2023-05-26,84,783,374
CENTRO,2023-05-27,98,810,413
CENTRO,2023-05-28,121,886,420
CENTRO,2023-05-29,133,943,414
CENTRO,2023-05-30,131,1001,432
CENTRO,2023-05-31,67,887,396
CENTRO,2023-06-01,72,908,394
CENTRO,2023-06-02,95,1024,496
CENTRO,2023-06-03,103,1153,573
CENTRO,2023-06-04,118,1224,624
CENTRO,2023-06-05,165,1328,678
CENTRO,2023-06-06,211,1304,684
CENTRO,2023-06-07,205,1305,676
CENTRO,2023-06-08,169,1242,647
CENTRO,2023-06-09,177,1351,685
CENTRO,2023-06-10,188,1419,707
CENTRO,2023-06-11,193,1413,706
CENTRO,2023-06-12,223,1493,682
CENTRO,2023-06-13,205,1482,641
CENTRO,2023-06-14,194,1485,654
CENTRO,2023-06-15,190,1427,592
CENTRO,2023-06-16,206,1478,674
CENTRO,2023-06-17,224,1591,710
CENTRO,2023-06-18,243,1702,776
CENTRO,2023-06-19,276,1776,819
CENTRO,2023-06-20,281,1798,852
CENTRO,2023-06-21,272,1776,841
CENTRO,2023-06-22,259,1629,737
CENTRO,2023-06-23,275,1726,744
CENTRO,2023-06-24,185,1170,633
CENTRO,2023-06-25,182,1179,639
CENTRO,2023-06-26,191,1240,672
CENTRO,2023-06-27,224,1272,682
CENTRO,2023-06-28,224,1288,648
CENTRO,2023-06-29,213,1283,631
CENTRO,2023-06-30,226,1329,676
CENTRO,2023-07-01,307,1617,838
CENTRO,2023-07-02,345,1788,936
CENTRO,2023-07-03,445,1923,1032
CENTRO,2023-07-04,407,1831,930
CENTRO,2023-07-05,412,1850,918
CENTRO,2023-07-06,252,1875,916
CENTRO,2023-07-07,216,1962,946
CENTRO,2023-07-08,242,1831,871
CENTRO,2023-07-09,239,1872,822
CENTRO,2023-07-10,234,1967,834
CENTRO,2023-07-11,197,1894,811
CENTRO,2023-07-12,154,1817,769
CENTRO,2023-07-13,152,1714,721
CENTRO,2023-07-14,172,1727,767
CENTRO,2023-07-15,240,1741,824
CENTRO,2023-07-16,306,1735,824
CENTRO,2023-07-17,401,1804,841
CENTRO,2023-07-18,408,1791,830
CENTRO,2023-07-19,371,1696,780
CENTRO,2023-07-20,343,1616,741
CENTRO,2023-07-21,319,1650,801
CENTRO,2023-07-22,291,1678,853
CENTRO,2023-07-23,285,1694,819
CENTRO,2023-07-24,191,1666,811
CENTRO,2023-07-25,161,1637,765
CENTRO,2023-07-26,142,1500,709
CENTRO,2023-07-27,102,1159,631
NORESTE-FRONTERA,2022-03-01,39,48,66
NORESTE-FRONTERA,2022-03-02,40,45,63
NORESTE-FRONTERA,2022-03-03,33,42,61
NORESTE-FRONTERA,2022-03-04,29,31,60
NORESTE-FRONTERA,2022-03-05,29,27,68
NORESTE-FRONTERA,2022-03-06,23,31,75
NORESTE-FRONTERA,2022-03-07,31,36,83
NORESTE-FRONTERA,2022-03-08,32,52,84
NORESTE-FRONTERA,2022-03-09,7,47,73
NORESTE-FRONTERA,2022-03-10,28,31,52
NORESTE-FRONTERA,2022-03-11,22,24,56
NORESTE-FRONTERA,2022-03-12,19,13,46
NORESTE-FRONTERA,2022-03-13,17,14,33
NORESTE-FRONTERA,2022-03-14,20,12,22
NORESTE-FRONTERA,2022-03-15,15,6,18
NORESTE-FRONTERA,2022-03-16,17,5,21
NORESTE-FRONTERA,2022-03-17,16,3,15
NORESTE-FRONTERA,2022-03-18,15,3,25
NORESTE-FRONTERA,2022-03-19,15,9,31
NORESTE-FRONTERA,2022-03-20,17,13,32
NORESTE-FRONTERA,2022-03-21,18,15,33
NORESTE-FRONTERA,2022-03-22,17,16,25
NORESTE-FRONTERA,2022-03-23,16,8,19
NORESTE-FRONTERA,2022-03-24,14,3,16
NORESTE-FRONTERA,2022-03-25,16,6,15
NORESTE-FRONTERA,2022-03-26,18,10,24
NORESTE-FRONTERA,2022-03-27,15,13,28
NORESTE-FRONTERA,2022-03-28,16,14,33
NORESTE-FRONTERA,2022-03-29,17,9,26
NORESTE-FRONTERA,2022-03-30,16,10,21
NORESTE-FRONTERA,2022-03-31,16,8,18
NORESTE-FRONTERA,2022-04-01,17,14,27
NORESTE-FRONTERA,2022-04-02,17,21,31
NORESTE-FRONTERA,2022-04-03,17,26,32
NORESTE-FRONTERA,2022-04-04,17,30,40
NORESTE-FRONTERA,2022-04-05,17,31,38
NORESTE-FRONTERA,2022-04-06,16,39,31
NORESTE-FRONTERA,2022-04-07,18,37,26
NORESTE-FRONTERA,2022-04-08,17,36,38
NORESTE-FRONTERA,2022-04-09,16,45,38
NORESTE-FRONTERA,2022-04-10,22,35,30
NORESTE-FRONTERA,2022-04-11,20,30,33
NORESTE-FRONTERA,2022-04-12,25,27,40
NORESTE-FRONTERA,2022-04-13,17,33,35
NORESTE-FRONTERA,2022-04-14,18,34,28
NORESTE-FRONTERA,2022-04-15,19,36,31
NORESTE-FRONTERA,2022-04-16,17,48,36
NORESTE-FRONTERA,2022-04-17,20,49,38
NORESTE-FRONTERA,2022-04-18,24,52,31
NORESTE-FRONTERA,2022-04-19,18,45,25
NORESTE-FRONTERA,2022-04-20,19,40,25
NORESTE-FRONTERA,2022-04-21,18,27,15
NORESTE-FRONTERA,2022-04-22,21,37,15
NORESTE-FRONTERA,2022-04-23,22,41,29
NORESTE-FRONTERA,2022-04-24,20,35,18
NORESTE-FRONTERA,2022-04-25,24,29,23
NORESTE-FRONTERA,2022-04-26,22,23,15
NORESTE-FRONTERA,2022-04-27,21,19,13
NORESTE-FRONTERA,2022-04-28,22,20,13
NORESTE-FRONTERA,2022-04-29,20,23,19
NORESTE-FRONTERA,2022-04-30,28,27,29
NORESTE-FRONTERA,2022-05-01,26,27,28
NORESTE-FRONTERA,2022-05-02,27,47,31
NORESTE-FRONTERA,2022-05-03,30,61,36
NORESTE-FRONTERA,2022-05-04,36,72,38
NORESTE-FRONTERA,2022-05-05,26,55,32
NORESTE-FRONTERA,2022-05-06,24,51,32
NORESTE-FRONTERA,2022-05-07,25,37,32
NORESTE-FRONTERA,2022-05-08,23,30,29
NORESTE-FRONTERA,2022-05-09,31,40,25
NORESTE-FRONTERA,2022-05-10,25,44,25
NORESTE-FRONTERA,2022-05-11,27,55,25
NORESTE-FRONTERA,2022-05-12,29,49,21
NORESTE-FRONTERA,2022-05-13,35,47,22
NORESTE-FRONTERA,2022-05-14,33,62,23
NORESTE-FRONTERA,2022-05-15,38,76,40
NORESTE-FRONTERA,2022-05-16,51,103,56
NORESTE-FRONTERA,2022-05-17,51,93,71
NORESTE-FRONTERA,2022-05-18,54,91,66
NORESTE-FRONTERA,2022-05-19,42,73,58
NORESTE-FRONTERA,2022-05-20,41,71,64
NORESTE-FRONTERA,2022-05-21,50,75,66
NORESTE-FRONTERA,2022-05-22,48,63,63
NORESTE-FRONTERA,2022-05-23,56,67,64
NORESTE-FRONTERA,2022-05-24,56,89,70
NORESTE-FRONTERA,2022-05-25,52,88,73
NORESTE-FRONTERA,2022-05-26,37,101,67
NORESTE-FRONTERA,2022-05-27,32,138,73
NORESTE-FRONTERA,2022-05-28,30,164,92
NORESTE-FRONTERA,2022-05-29,27,178,115
NORESTE-FRONTERA,2022-05-30,37,222,142
NORESTE-FRONTERA,2022-05-31,37,198,176
NORESTE-FRONTERA,2022-06-01,40,206,172
NORESTE-FRONTERA,2022-06-02,45,166,153
NORESTE-FRONTERA,2022-06-03,51,139,141
NORESTE-FRONTERA,2022-06-04,33,116,131
NORESTE-FRONTERA,2022-06-05,48,88,133
NORESTE-FRONTERA,2022-06-06,57,88,135
NORESTE-FRONTERA,2022-06-07,51,90,109
NORESTE-FRONTERA,2022-06-08,57,73,100
NORESTE-FRONTERA,2022-06-09,43,74,87
NORESTE-FRONTERA,2022-06-10,40,77,100
NORESTE-FRONTERA,2022-06-11,43,85,115
NORESTE-FRONTERA,2022-06-12,31,81,105
NORESTE-FRONTERA,2022-06-13,37,101,105
NORESTE-FRONTERA,2022-06-14,36,65,90
NORESTE-FRONTERA,2022-06-15,38,56,74
NORESTE-FRONTERA,2022-06-16,36,57,63
NORESTE-FRONTERA,2022-06-17,29,47,66
NORESTE-FRONTERA,2022-06-18,30,57,71
NORESTE-FRONTERA,2022-06-19,31,50,70
NORESTE-FRONTERA,2022-06-20,38,45,70
NORESTE-FRONTERA,2022-06-21,34,58,58
NORESTE-FRONTERA,2022-06-22,27,57,51
NORESTE-FRONTERA,2022-06-23,25,59,41
NORESTE-FRONTERA,2022-06-24,23,58,43
NORESTE-FRONTERA,2022-06-25,22,48,47
NORESTE-FRONTERA,2022-06-26,23,25,45
NORESTE-FRONTERA,2022-06-27,26,23,38
NORESTE-FRONTERA,2022-06-28,31,13,34
NORESTE-FRONTERA,2022-06-29,28,10,30
NORESTE-FRONTERA,2022-06-30,21,11,20
NORESTE-FRONTERA,2022-07-01,24,14,27
NORESTE-FRONTERA,2022-07-02,27,15,27
NORESTE-FRONTERA,2022-07-03,26,16,35
NORESTE-FRONTERA,2022-07-04,35,42,45
NORESTE-FRONTERA,2022-07-05,28,87,38
NORESTE-FRONTERA,2022-07-06,23,56,35
NORESTE-FRONTERA,2022-07-07,26,51,28
NORESTE-FRONTERA,2022-07-08,26,46,32
NORESTE-FRONTERA,2022-07-09,23,38,34
NORESTE-FRONTERA,2022-07-10,21,35,41
NORESTE-FRONTERA,2022-07-11,23,35,44
NORESTE-FRONTERA,2022-07-12,23,28,42
NORESTE-FRONTERA,2022-07-13,29,34,40
NORESTE-FRONTERA,2022-07-14,22,30,35
NORESTE-FRONTERA,2022-07-15,24,28,42
NORESTE-FRONTERA,2022-07-16,30,30,41
NORESTE-FRONTERA,2022-07-17,28,30,49
NORESTE-FRONTERA,2022-07-18,32,36,53
NORESTE-FRONTERA,2022-07-19,34,31,47
NORESTE-FRONTERA,2022-07-20,22,22,42
NORESTE-FRONTERA,2022-07-21,21,22,30
NORESTE-FRONTERA,2022-07-22,18,16,33
NORESTE-FRONTERA,2022-07-23,22,21,38
NORESTE-FRONTERA,2022-07-24,26,20,42
NORESTE-FRONTERA,2022-07-25,33,23,46
NORESTE-FRONTERA,2022-07-26,31,37,42
NORESTE-FRONTERA,2022-07-27,28,27,45
NORESTE-FRONTERA,2022-07-28,24,22,37
NORESTE-FRONTERA,2022-07-29,29,22,53
NORESTE-FRONTERA,2022-07-30,31,23,58
NORESTE-FRONTERA,2022-07-31,29,19,60
NORESTE-FRONTERA,2022-08-01,31,49,51
NORESTE-FRONTERA,2022-08-02,28,44,38
NORESTE-FRONTERA,2022-08-03,31,41,42
NORESTE-FRONTERA,2022-08-04,29,30,42
NORESTE-FRONTERA,2022-08-05,33,43,41
NORESTE-FRONTERA,2022-08-06,32,40,43
NORESTE-FRONTERA,2022-08-07,30,27,37
NORESTE-FRONTERA,2022-08-08,29,32,38
NORESTE-FRONTERA,2022-08-09,31,24,40
NORESTE-FRONTERA,2022-08-10,33,20,46
NORESTE-FRONTERA,2022-08-11,31,21,35
NORESTE-FRONTERA,2022-08-12,33,18,37
NORESTE-FRONTERA,2022-08-13,28,26,38
NORESTE-FRONTERA,2022-08-14,32,56,36
NORESTE-FRONTERA,2022-08-15,34,72,43
NORESTE-FRONTERA,2022-08-16,30,58,49
NORESTE-FRONTERA,2022-08-17,33,47,41
NORESTE-FRONTERA,2022-08-18,29,34,30
NORESTE-FRONTERA,2022-08-19,26,37,37
NORESTE-FRONTERA,2022-08-20,29,46,38
NORESTE-FRONTERA,2022-08-21,28,40,38
NORESTE-FRONTERA,2022-08-22,32,38,33
NORESTE-FRONTERA,2022-08-23,33,32,31
NORESTE-FRONTERA,2022-08-24,34,28,26
NORESTE-FRONTERA,2022-08-25,30,26,18
NORESTE-FRONTERA,2022-08-26,33,28,26
NORESTE-FRONTERA,2022-08-27,32,28,26
NORESTE-FRONTERA,2022-08-28,36,47,42
NORESTE-FRONTERA,2022-08-29,45,67,49
NORESTE-FRONTERA,2022-08-30,47,58,40
NORESTE-FRONTERA,2022-08-31,44,49,47
NORESTE-FRONTERA,2022-09-01,38,51,42
NORESTE-FRONTERA,2022-09-02,32,67,55
NORESTE-FRONTERA,2022-09-03,32,93,72
NORESTE-FRONTERA,2022-09-04,40,111,86
NORESTE-FRONTERA,2022-09-05,45,127,102
NORESTE-FRONTERA,2022-09-06,44,154,99
NORESTE-FRONTERA,2022-09-07,47,197,106
NORESTE-FRONTERA,2022-09-08,52,180,92
NORESTE-FRONTERA,2022-09-09,67,201,129
NORESTE-FRONTERA,2022-09-10,75,312,184
NORESTE-FRONTERA,2022-09-11,105,265,166
NORESTE-FRONTERA,2022-09-12,131,356,205
NORESTE-FRONTERA,2022-09-13,143,383,192
NORESTE-FRONTERA,2022-09-14,107,402,200
NORESTE-FRONTERA,2022-09-15,100,391,205
NORESTE-FRONTERA,2022-09-16,103,430,223
NORESTE-FRONTERA,2022-09-17,117,433,250
NORESTE-FRONTERA,2022-09-18,124,453,257
NORESTE-FRONTERA,2022-09-19,141,501,284
NORESTE-FRONTERA,2022-09-20,125,463,281
NORESTE-FRONTERA,2022-09-21,110,481,301
NORESTE-FRONTERA,2022-09-22,95,464,280
NORESTE-FRONTERA,2022-09-23,70,515,306
NORESTE-FRONTERA,2022-09-24,51,570,339
NORESTE-FRONTERA,2022-09-25,58,619,351
NORESTE-FRONTERA,2022-09-26,66,671,368
NORESTE-FRONTERA,2022-09-27,59,671,340
NORESTE-FRONTERA,2022-09-28,56,673,267
NORESTE-FRONTERA,2022-09-29,53,608,221
NORESTE-FRONTERA,2022-09-30,61,614,193
NORESTE-FRONTERA,2022-10-01,68,624,222
NORESTE-FRONTERA,2022-10-02,66,662,247
NORESTE-FRONTERA,2022-10-03,82,673,241
NORESTE-FRONTERA,2022-10-04,61,684,250
NORESTE-FRONTERA,2022-10-05,47,587,232
NORESTE-FRONTERA,2022-10-06,36,468,178
NORESTE-FRONTERA,2022-10-07,33,347,147
NORESTE-FRONTERA,2022-10-08,33,294,138
NORESTE-FRONTERA,2022-10-09,29,253,131
NORESTE-FRONTERA,2022-10-10,31,243,129
NORESTE-FRONTERA,2022-10-11,27,187,116
NORESTE-FRONTERA,2022-10-12,27,105,86
NORESTE-FRONTERA,2022-10-13,21,62,78
NORESTE-FRONTERA,2022-10-14,22,60,79
NORESTE-FRONTERA,2022-10-15,25,66,79
NORESTE-FRONTERA,2022-10-16,32,83,97
NORESTE-FRONTERA,2022-10-17,37,165,119
NORESTE-FRONTERA,2022-10-18,40,296,133
NORESTE-FRONTERA,2022-10-19,44,546,126
NORESTE-FRONTERA,2022-10-20,46,331,127
NORESTE-FRONTERA,2022-10-21,50,424,151
NORESTE-FRONTERA,2022-10-22,54,424,173
NORESTE-FRONTERA,2022-10-23,48,470,161
NORESTE-FRONTERA,2022-10-24,49,452,166
NORESTE-FRONTERA,2022-10-25,38,343,155
NORESTE-FRONTERA,2022-10-26,37,257,144
NORESTE-FRONTERA,2022-10-27,36,206,140
NORESTE-FRONTERA,2022-10-28,43,188,129
NORESTE-FRONTERA,2022-10-29,49,187,137
NORESTE-FRONTERA,2022-10-30,45,180,136
NORESTE-FRONTERA,2022-10-31,41,202,134
NORESTE-FRONTERA,2022-11-01,38,273,133
NORESTE-FRONTERA,2022-11-02,35,287,143
NORESTE-FRONTERA,2022-11-03,34,250,130
NORESTE-FRONTERA,2022-11-04,36,200,114
NORESTE-FRONTERA,2022-11-05,36,155,123
NORESTE-FRONTERA,2022-11-06,36,138,116
NORESTE-FRONTERA,2022-11-07,52,138,113
NORESTE-FRONTERA,2022-11-08,51,99,102
NORESTE-FRONTERA,2022-11-09,46,105,86
NORESTE-FRONTERA,2022-11-10,46,88,87
NORESTE-FRONTERA,2022-11-11,57,80,93
NORESTE-FRONTERA,2022-11-12,81,81,98
NORESTE-FRONTERA,2022-11-13,116,88,96
NORESTE-FRONTERA,2022-11-14,161,99,92
NORESTE-FRONTERA,2022-11-15,207,110,79
NORESTE-FRONTERA,2022-11-16,244,150,75
NORESTE-FRONTERA,2022-11-17,271,174,83
NORESTE-FRONTERA,2022-11-18,296,231,95
NORESTE-FRONTERA,2022-11-19,304,257,118
NORESTE-FRONTERA,2022-11-20,160,298,132
NORESTE-FRONTERA,2022-11-21,137,351,141
NORESTE-FRONTERA,2022-11-22,108,423,148
NORESTE-FRONTERA,2022-11-23,60,430,150
NORESTE-FRONTERA,2022-11-24,53,401,140
NORESTE-FRONTERA,2022-11-25,47,371,140
NORESTE-FRONTERA,2022-11-26,39,302,133
NORESTE-FRONTERA,2022-11-27,37,266,124
NORESTE-FRONTERA,2022-11-28,37,247,125
NORESTE-FRONTERA,2022-11-29,34,241,126
NORESTE-FRONTERA,2022-11-30,31,198,115
NORESTE-FRONTERA,2022-12-01,31,165,107
NORESTE-FRONTERA,2022-12-02,33,162,126
NORESTE-FRONTERA,2022-12-03,40,206,140
NORESTE-FRONTERA,2022-12-04,34,186,121
NORESTE-FRONTERA,2022-12-05,41,178,132
NORESTE-FRONTERA,2022-12-06,37,158,120
NORESTE-FRONTERA,2022-12-07,41,157,116
NORESTE-FRONTERA,2022-12-08,36,104,93
NORESTE-FRONTERA,2022-12-09,34,81,95
NORESTE-FRONTERA,2022-12-10,32,67,77
NORESTE-FRONTERA,2022-12-11,29,55,66
NORESTE-FRONTERA,2022-12-12,28,50,67
NORESTE-FRONTERA,2022-12-13,27,45,60
NORESTE-FRONTERA,2022-12-14,27,28,45
NORESTE-FRONTERA,2022-12-15,29,23,32
NORESTE-FRONTERA,2022-12-16,24,22,38
NORESTE-FRONTERA,2022-12-17,22,22,39
NORESTE-FRONTERA,2022-12-18,21,26,40
NORESTE-FRONTERA,2022-12-19,21,29,47
NORESTE-FRONTERA,2022-12-20,23,27,29
NORESTE-FRONTERA,2022-12-21,22,16,23
NORESTE-FRONTERA,2022-12-22,19,14,21
NORESTE-FRONTERA,2022-12-23,18,11,23
NORESTE-FRONTERA,2022-12-24,20,15,16
NORESTE-FRONTERA,2022-12-25,19,14,23
NORESTE-FRONTERA,2022-12-26,22,26,33
NORESTE-FRONTERA,2022-12-27,26,35,26
NORESTE-FRONTERA,2022-12-28,20,27,26
NORESTE-FRONTERA,2022-12-29,11,30,27
NORESTE-FRONTERA,2022-12-30,12,50,39
NORESTE-FRONTERA,2022-12-31,14,76,67
NORESTE-FRONTERA,2023-01-01,14,159,95
NORESTE-FRONTERA,2023-01-02,17,241,128
NORESTE-FRONTERA,2023-01-03,26,253,130
NORESTE-FRONTERA,2023-01-04,20,235,128
NORESTE-FRONTERA,2023-01-05,17,211,119
NORESTE-FRONTERA,2023-01-06,20,244,140
NORESTE-FRONTERA,2023-01-07,21,314,179
NORESTE-FRONTERA,2023-01-08,27,387,203
NORESTE-FRONTERA,2023-01-09,19,441,200
NORESTE-FRONTERA,2023-01-10,21,384,195
NORESTE-FRONTERA,2023-01-11,19,298,167
NORESTE-FRONTERA,2023-01-12,17,240,156
NORESTE-FRONTERA,2023-01-13,16,225,152
NORESTE-FRONTERA,2023-01-14,19,261,148
NORESTE-FRONTERA,2023-01-15,16,295,166
NORESTE-FRONTERA,2023-01-16,21,328,186
NORESTE-FRONTERA,2023-01-17,22,329,189
NORESTE-FRONTERA,2023-01-18,20,311,185
NORESTE-FRONTERA,2023-01-19,20,298,173
NORESTE-FRONTERA,2023-01-20,21,292,179
NORESTE-FRONTERA,2023-01-21,30,274,176
NORESTE-FRONTERA,2023-01-22,35,299,174
NORESTE-FRONTERA,2023-01-23,28,349,192
NORESTE-FRONTERA,2023-01-24,28,300,168
NORESTE-FRONTERA,2023-01-25,20,175,161
NORESTE-FRONTERA,2023-01-26,19,106,120
NORESTE-FRONTERA,2023-01-27,17,110,137
NORESTE-FRONTERA,2023-01-28,20,105,137
NORESTE-FRONTERA,2023-01-29,14,130,138
NORESTE-FRONTERA,2023-01-30,20,152,150
NORESTE-FRONTERA,2023-01-31,18,151,139
NORESTE-FRONTERA,2023-02-01,18,122,129
NORESTE-FRONTERA,2023-02-02,22,90,131
NORESTE-FRONTERA,2023-02-03,19,84,152
NORESTE-FRONTERA,2023-02-04,21,75,150
NORESTE-FRONTERA,2023-02-05,21,80,162
NORESTE-FRONTERA,2023-02-06,19,96,171
NORESTE-FRONTERA,2023-02-07,24,114,174
NORESTE-FRONTERA,2023-02-08,20,132,153
NORESTE-FRONTERA,2023-02-09,20,116,138
NORESTE-FRONTERA,2023-02-10,30,111,128
NORESTE-FRONTERA,2023-02-11,29,120,137
NORESTE-FRONTERA,2023-02-12,31,161,158
NORESTE-FRONTERA,2023-02-13,37,188,197
NORESTE-FRONTERA,2023-02-14,33,203,192
NORESTE-FRONTERA,2023-02-15,38,204,181
NORESTE-FRONTERA,2023-02-16,38,260,187
NORESTE-FRONTERA,2023-02-17,49,333,217
NORESTE-FRONTERA,2023-02-18,88,450,288
NORESTE-FRONTERA,2023-02-19,192,553,332
NORESTE-FRONTERA,2023-02-20,271,651,372
NORESTE-FRONTERA,2023-02-21,161,537,309
NORESTE-FRONTERA,2023-02-22,159,521,298
NORESTE-FRONTERA,2023-02-23,154,547,318
NORESTE-FRONTERA,2023-02-24,180,613,348
NORESTE-FRONTERA,2023-02-25,182,665,379
NORESTE-FRONTERA,2023-02-26,240,744,419
NORESTE-FRONTERA,2023-02-27,272,814,455
NORESTE-FRONTERA,2023-02-28,264,882,479
NORESTE-FRONTERA,2023-03-01,235,914,498
NORESTE-FRONTERA,2023-03-02,195,904,494
NORESTE-FRONTERA,2023-03-03,180,974,526
NORESTE-FRONTERA,2023-03-04,205,1043,553
NORESTE-FRONTERA,2023-03-05,195,1120,576
NORESTE-FRONTERA,2023-03-06,160,1138,605
NORESTE-FRONTERA,2023-03-07,106,1120,562
NORESTE-FRONTERA,2023-03-08,78,1135,530
NORESTE-FRONTERA,2023-03-09,73,1096,482
NORESTE-FRONTERA,2023-03-10,52,1128,525
NORESTE-FRONTERA,2023-03-11,51,1143,538
NORESTE-FRONTERA,2023-03-12,54,1109,535
NORESTE-FRONTERA,2023-03-13,55,1167,548
NORESTE-FRONTERA,2023-03-14,47,1193,538
NORESTE-FRONTERA,2023-03-15,47,1225,551
NORESTE-FRONTERA,2023-03-16,39,1245,539
NORESTE-FRONTERA,2023-03-17,40,1292,535
NORESTE-FRONTERA,2023-03-18,39,1374,550
NORESTE-FRONTERA,2023-03-19,35,1454,549
NORESTE-FRONTERA,2023-03-20,31,1514,585
NORESTE-FRONTERA,2023-03-21,37,1527,547
NORESTE-FRONTERA,2023-03-22,40,1498,520
NORESTE-FRONTERA,2023-03-23,37,1415,460
NORESTE-FRONTERA,2023-03-24,41,1328,387
NORESTE-FRONTERA,2023-03-25,49,1285,364
NORESTE-FRONTERA,2023-03-26,54,1287,270
NORESTE-FRONTERA,2023-03-27,64,1270,242
NORESTE-FRONTERA,2023-03-28,59,1168,219
NORESTE-FRONTERA,2023-03-29,62,1032,190
NORESTE-FRONTERA,2023-03-30,58,958,172
NORESTE-FRONTERA,2023-03-31,63,923,175
NORESTE-FRONTERA,2023-04-01,71,947,197
NORESTE-FRONTERA,2023-04-02,82,987,214
NORESTE-FRONTERA,2023-04-03,78,1047,247
NORESTE-FRONTERA,2023-04-04,76,1002,233
NORESTE-FRONTERA,2023-04-05,85,1010,232
NORESTE-FRONTERA,2023-04-06,86,991,244
NORESTE-FRONTERA,2023-04-07,125,988,262
NORESTE-FRONTERA,2023-04-08,149,959,280
NORESTE-FRONTERA,2023-04-09,124,906,267
NORESTE-FRONTERA,2023-04-10,153,884,282
NORESTE-FRONTERA,2023-04-11,182,799,282
NORESTE-FRONTERA,2023-04-12,100,773,255
NORESTE-FRONTERA,2023-04-13,103,592,220
NORESTE-FRONTERA,2023-04-14,103,494,207
NORESTE-FRONTERA,2023-04-15,144,453,219
NORESTE-FRONTERA,2023-04-16,82,459,247
NORESTE-FRONTERA,2023-04-17,75,499,281
NORESTE-FRONTERA,2023-04-18,84,483,293
NORESTE-FRONTERA,2023-04-19,87,475,270
NORESTE-FRONTERA,2023-04-20,89,437,232
NORESTE-FRONTERA,2023-04-21,102,450,245
NORESTE-FRONTERA,2023-04-22,115,445,260
NORESTE-FRONTERA,2023-04-23,138,426,250
NORESTE-FRONTERA,2023-04-24,171,414,263
NORESTE-FRONTERA,2023-04-25,211,348,249
NORESTE-FRONTERA,2023-04-26,236,337,230
NORESTE-FRONTERA,2023-04-27,86,302,199
NORESTE-FRONTERA,2023-04-28,79,229,139
NORESTE-FRONTERA,2023-04-29,76,277,159
NORESTE-FRONTERA,2023-04-30,100,361,202
NORESTE-FRONTERA,2023-05-01,133,420,231
NORESTE-FRONTERA,2023-05-02,162,513,270
NORESTE-FRONTERA,2023-05-03,105,558,278
NORESTE-FRONTERA,2023-05-04,96,528,261
NORESTE-FRONTERA,2023-05-05,109,493,265
NORESTE-FRONTERA,2023-05-06,130,498,257
NORESTE-FRONTERA,2023-05-07,146,505,263
NORESTE-FRONTERA,2023-05-08,171,514,282
NORESTE-FRONTERA,2023-05-09,159,457,266
NORESTE-FRONTERA,2023-05-10,119,413,241
NORESTE-FRONTERA,2023-05-11,95,353,200
NORESTE-FRONTERA,2023-05-12,52,260,162
NORESTE-FRONTERA,2023-05-13,63,267,170
NORESTE-FRONTERA,2023-05-14,74,290,183
NORESTE-FRONTERA,2023-05-15,87,359,203
NORESTE-FRONTERA,2023-05-16,93,403,224
NORESTE-FRONTERA,2023-05-17,111,477,241
NORESTE-FRONTERA,2023-05-18,119,474,226
NORESTE-FRONTERA,2023-05-19,118,600,284
NORESTE-FRONTERA,2023-05-20,78,714,310
NORESTE-FRONTERA,2023-05-21,90,783,345
NORESTE-FRONTERA,2023-05-22,85,871,397
NORESTE-FRONTERA,2023-05-23,93,940,418
NORESTE-FRONTERA,2023-05-24,97,942,425
NORESTE-FRONTERA,2023-05-25,104,946,406
NORESTE-FRONTERA,2023-05-26,107,977,405
NORESTE-FRONTERA,2023-05-27,80,964,442
NORESTE-FRONTERA,2023-05-28,66,1029,461
NORESTE-FRONTERA,2023-05-29,62,1093,494
NORESTE-FRONTERA,2023-05-30,67,1171,521
NORESTE-FRONTERA,2023-05-31,78,831,365
NORESTE-FRONTERA,2023-06-01,86,834,361
NORESTE-FRONTERA,2023-06-02,200,913,400
NORESTE-FRONTERA,2023-06-03,175,1005,450
NORESTE-FRONTERA,2023-06-04,149,1087,483
NORESTE-FRONTERA,2023-06-05,146,1158,524
NORESTE-FRONTERA,2023-06-06,129,1178,528
NORESTE-FRONTERA,2023-06-07,97,1205,536
NORESTE-FRONTERA,2023-06-08,101,1193,516
NORESTE-FRONTERA,2023-06-09,72,1248,529
NORESTE-FRONTERA,2023-06-10,67,1309,546
NORESTE-FRONTERA,2023-06-11,66,1340,562
NORESTE-FRONTERA,2023-06-12,75,1372,591
NORESTE-FRONTERA,2023-06-13,65,1321,596
NORESTE-FRONTERA,2023-06-14,65,1291,577
NORESTE-FRONTERA,2023-06-15,60,1295,572
NORESTE-FRONTERA,2023-06-16,68,1375,607
NORESTE-FRONTERA,2023-06-17,75,1448,635
NORESTE-FRONTERA,2023-06-18,91,1517,665
NORESTE-FRONTERA,2023-06-19,148,1600,701
NORESTE-FRONTERA,2023-06-20,169,1694,736
NORESTE-FRONTERA,2023-06-21,151,1771,753
NORESTE-FRONTERA,2023-06-22,153,1753,750
NORESTE-FRONTERA,2023-06-23,148,1830,789
NORESTE-FRONTERA,2023-06-24,180,1051,534
NORESTE-FRONTERA,2023-06-25,222,1125,567
NORESTE-FRONTERA,2023-06-26,251,1164,587
NORESTE-FRONTERA,2023-06-27,278,1187,577
NORESTE-FRONTERA,2023-06-28,336,1248,568
NORESTE-FRONTERA,2023-06-29,348,1263,567
NORESTE-FRONTERA,2023-06-30,374,1333,612
NORESTE-FRONTERA,2023-07-01,443,1435,695
NORESTE-FRONTERA,2023-07-02,520,1502,754
NORESTE-FRONTERA,2023-07-03,606,1570,819
NORESTE-FRONTERA,2023-07-04,516,1576,819
NORESTE-FRONTERA,2023-07-05,493,1623,845
NORESTE-FRONTERA,2023-07-06,333,1629,874
NORESTE-FRONTERA,2023-07-07,301,1691,934
NORESTE-FRONTERA,2023-07-08,191,1765,1000
NORESTE-FRONTERA,2023-07-09,154,1855,1030
NORESTE-FRONTERA,2023-07-10,83,1927,1076
NORESTE-FRONTERA,2023-07-11,57,1998,1088
NORESTE-FRONTERA,2023-07-12,50,2038,1052
NORESTE-FRONTERA,2023-07-13,39,2039,1015
NORESTE-FRONTERA,2023-07-14,55,2114,1024
NORESTE-FRONTERA,2023-07-15,68,2136,1034
NORESTE-FRONTERA,2023-07-16,83,2194,1052
NORESTE-FRONTERA,2023-07-17,126,2199,1071
NORESTE-FRONTERA,2023-07-18,76,2137,1082
NORESTE-FRONTERA,2023-07-19,51,2136,1064
NORESTE-FRONTERA,2023-07-20,55,2117,1033
NORESTE-FRONTERA,2023-07-21,52,2154,1050
NORESTE-FRONTERA,2023-07-22,54,2237,1090
NORESTE-FRONTERA,2023-07-23,57,2286,1099
NORESTE-FRONTERA,2023-07-24,38,2347,1107
NORESTE-FRONTERA,2023-07-25,36,2396,1101
NORESTE-FRONTERA,2023-07-26,55,2407,1085
NORESTE-FRONTERA,2023-07-27,37,2075,918
NORTE-PACIFICO,2022-03-01,38,480,314
NORTE-PACIFICO,2022-03-02,42,462,302
NORTE-PACIFICO,2022-03-03,41,412,254
NORTE-PACIFICO,2022-03-04,59,428,231
NORTE-PACIFICO,2022-03-05,68,439,198
NORTE-PACIFICO,2022-03-06,47,473,171
NORTE-PACIFICO,2022-03-07,66,500,181
NORTE-PACIFICO,2022-03-08,69,503,126
NORTE-PACIFICO,2022-03-09,55,519,105
NORTE-PACIFICO,2022-03-10,74,504,73
NORTE-PACIFICO,2022-03-11,88,494,69
NORTE-PACIFICO,2022-03-12,101,462,64
NORTE-PACIFICO,2022-03-13,111,472,74
NORTE-PACIFICO,2022-03-14,110,495,87
NORTE-PACIFICO,2022-03-15,109,492,82
NORTE-PACIFICO,2022-03-16,102,478,79
NORTE-PACIFICO,2022-03-17,91,459,69
NORTE-PACIFICO,2022-03-18,110,481,89
NORTE-PACIFICO,2022-03-19,116,498,102
NORTE-PACIFICO,2022-03-20,110,523,102
NORTE-PACIFICO,2022-03-21,116,538,102
NORTE-PACIFICO,2022-03-22,117,549,106
NORTE-PACIFICO,2022-03-23,120,548,111
NORTE-PACIFICO,2022-03-24,125,540,104
NORTE-PACIFICO,2022-03-25,110,567,129
NORTE-PACIFICO,2022-03-26,99,587,148
NORTE-PACIFICO,2022-03-27,122,618,153
NORTE-PACIFICO,2022-03-28,126,635,168
NORTE-PACIFICO,2022-03-29,120,623,170
NORTE-PACIFICO,2022-03-30,103,623,181
NORTE-PACIFICO,2022-03-31,92,454,177
NORTE-PACIFICO,2022-04-01,89,453,200
NORTE-PACIFICO,2022-04-02,99,476,206
NORTE-PACIFICO,2022-04-03,106,513,208
NORTE-PACIFICO,2022-04-04,123,550,211
NORTE-PACIFICO,2022-04-05,117,556,200
NORTE-PACIFICO,2022-04-06,100,543,200
NORTE-PACIFICO,2022-04-07,76,525,194
NORTE-PACIFICO,2022-04-08,65,533,188
NORTE-PACIFICO,2022-04-09,35,555,196
NORTE-PACIFICO,2022-04-10,48,583,184
NORTE-PACIFICO,2022-04-11,76,610,196
NORTE-PACIFICO,2022-04-12,86,587,196
NORTE-PACIFICO,2022-04-13,63,619,190
NORTE-PACIFICO,2022-04-14,69,630,177
NORTE-PACIFICO,2022-04-15,54,693,201
NORTE-PACIFICO,2022-04-16,44,726,196
NORTE-PACIFICO,2022-04-17,45,762,237
NORTE-PACIFICO,2022-04-18,51,803,251
NORTE-PACIFICO,2022-04-19,43,780,182
NORTE-PACIFICO,2022-04-20,39,762,147
NORTE-PACIFICO,2022-04-21,33,728,132
NORTE-PACIFICO,2022-04-22,35,775,132
NORTE-PACIFICO,2022-04-23,41,842,133
NORTE-PACIFICO,2022-04-24,49,830,147
NORTE-PACIFICO,2022-04-25,52,977,149
NORTE-PACIFICO,2022-04-26,33,875,142
NORTE-PACIFICO,2022-04-27,32,750,129
NORTE-PACIFICO,2022-04-28,30,655,121
NORTE-PACIFICO,2022-04-29,26,643,124
NORTE-PACIFICO,2022-04-30,35,741,123
NORTE-PACIFICO,2022-05-01,34,759,136
NORTE-PACIFICO,2022-05-02,40,821,159
NORTE-PACIFICO,2022-05-03,49,679,171
NORTE-PACIFICO,2022-05-04,45,464,118
NORTE-PACIFICO,2022-05-05,39,348,100
NORTE-PACIFICO,2022-05-06,40,273,103
NORTE-PACIFICO,2022-05-07,27,226,87
NORTE-PACIFICO,2022-05-08,30,323,94
NORTE-PACIFICO,2022-05-09,27,351,103
NORTE-PACIFICO,2022-05-10,29,254,88
NORTE-PACIFICO,2022-05-11,33,245,82
NORTE-PACIFICO,2022-05-12,33,221,76
NORTE-PACIFICO,2022-05-13,31,215,79
NORTE-PACIFICO,2022-05-14,39,233,77
NORTE-PACIFICO,2022-05-15,41,297,79
NORTE-PACIFICO,2022-05-16,42,299,101
NORTE-PACIFICO,2022-05-17,50,296,106
NORTE-PACIFICO,2022-05-18,63,291,98
NORTE-PACIFICO,2022-05-19,70,271,93
NORTE-PACIFICO,2022-05-20,44,257,90
NORTE-PACIFICO,2022-05-21,42,229,108
NORTE-PACIFICO,2022-05-22,45,231,117
NORTE-PACIFICO,2022-05-23,52,228,113
NORTE-PACIFICO,2022-05-24,52,187,114
NORTE-PACIFICO,2022-05-25,62,127,110
NORTE-PACIFICO,2022-05-26,43,101,105
NORTE-PACIFICO,2022-05-27,59,82,97
NORTE-PACIFICO,2022-05-28,63,70,82
NORTE-PACIFICO,2022-05-29,61,78,84
NORTE-PACIFICO,2022-05-30,70,107,95
NORTE-PACIFICO,2022-05-31,69,111,89
NORTE-PACIFICO,2022-06-01,56,112,98
NORTE-PACIFICO,2022-06-02,54,97,93
NORTE-PACIFICO,2022-06-03,54,110,95
NORTE-PACIFICO,2022-06-04,64,101,88
NORTE-PACIFICO,2022-06-05,58,119,109
NORTE-PACIFICO,2022-06-06,75,123,106
NORTE-PACIFICO,2022-06-07,89,111,96
NORTE-PACIFICO,2022-06-08,95,99,88
NORTE-PACIFICO,2022-06-09,102,95,81
NORTE-PACIFICO,2022-06-10,76,111,96
NORTE-PACIFICO,2022-06-11,49,122,97
NORTE-PACIFICO,2022-06-12,51,134,100
NORTE-PACIFICO,2022-06-13,80,177,121
NORTE-PACIFICO,2022-06-14,88,193,118
NORTE-PACIFICO,2022-06-15,97,189,112
NORTE-PACIFICO,2022-06-16,62,180,108
NORTE-PACIFICO,2022-06-17,64,190,122
NORTE-PACIFICO,2022-06-18,53,227,127
NORTE-PACIFICO,2022-06-19,60,239,115
NORTE-PACIFICO,2022-06-20,80,245,121
NORTE-PACIFICO,2022-06-21,83,254,135
NORTE-PACIFICO,2022-06-22,83,249,146
NORTE-PACIFICO,2022-06-23,86,233,130
NORTE-PACIFICO,2022-06-24,132,258,140
NORTE-PACIFICO,2022-06-25,129,296,156
NORTE-PACIFICO,2022-06-26,129,311,163
NORTE-PACIFICO,2022-06-27,156,337,176
NORTE-PACIFICO,2022-06-28,164,331,173
NORTE-PACIFICO,2022-06-29,175,305,171
NORTE-PACIFICO,2022-06-30,111,291,148
NORTE-PACIFICO,2022-07-01,99,280,158
NORTE-PACIFICO,2022-07-02,72,289,173
NORTE-PACIFICO,2022-07-03,60,295,181
NORTE-PACIFICO,2022-07-04,74,374,202
NORTE-PACIFICO,2022-07-05,53,382,211
NORTE-PACIFICO,2022-07-06,39,338,195
NORTE-PACIFICO,2022-07-07,37,296,170
NORTE-PACIFICO,2022-07-08,27,239,176
NORTE-PACIFICO,2022-07-09,28,215,154
NORTE-PACIFICO,2022-07-10,30,217,137
NORTE-PACIFICO,2022-07-11,31,222,114
NORTE-PACIFICO,2022-07-12,23,164,88
NORTE-PACIFICO,2022-07-13,26,145,78
NORTE-PACIFICO,2022-07-14,25,130,58
NORTE-PACIFICO,2022-07-15,33,131,59
NORTE-PACIFICO,2022-07-16,36,140,63
NORTE-PACIFICO,2022-07-17,59,178,76
NORTE-PACIFICO,2022-07-18,70,203,98
NORTE-PACIFICO,2022-07-19,66,208,106
NORTE-PACIFICO,2022-07-20,67,200,89
NORTE-PACIFICO,2022-07-21,72,181,91
NORTE-PACIFICO,2022-07-22,89,214,107
NORTE-PACIFICO,2022-07-23,85,268,113
NORTE-PACIFICO,2022-07-24,110,305,122
NORTE-PACIFICO,2022-07-25,92,326,145
NORTE-PACIFICO,2022-07-26,58,298,128
NORTE-PACIFICO,2022-07-27,52,261,128
NORTE-PACIFICO,2022-07-28,43,257,111
NORTE-PACIFICO,2022-07-29,58,257,125
NORTE-PACIFICO,2022-07-30,65,289,143
NORTE-PACIFICO,2022-07-31,65,333,161
NORTE-PACIFICO,2022-08-01,78,431,169
NORTE-PACIFICO,2022-08-02,94,450,168
NORTE-PACIFICO,2022-08-03,90,415,162
NORTE-PACIFICO,2022-08-04,73,391,156
NORTE-PACIFICO,2022-08-05,50,429,166
NORTE-PACIFICO,2022-08-06,37,453,163
NORTE-PACIFICO,2022-08-07,38,519,151
NORTE-PACIFICO,2022-08-08,41,500,145
NORTE-PACIFICO,2022-08-09,42,507,141
NORTE-PACIFICO,2022-08-10,38,505,141
NORTE-PACIFICO,2022-08-11,50,495,140
NORTE-PACIFICO,2022-08-12,51,521,144
NORTE-PACIFICO,2022-08-13,60,534,127
NORTE-PACIFICO,2022-08-14,60,688,138
NORTE-PACIFICO,2022-08-15,69,712,159
NORTE-PACIFICO,2022-08-16,69,659,159
NORTE-PACIFICO,2022-08-17,48,592,137
NORTE-PACIFICO,2022-08-18,68,501,116
NORTE-PACIFICO,2022-08-19,97,493,123
NORTE-PACIFICO,2022-08-20,104,523,126
NORTE-PACIFICO,2022-08-21,118,588,144
NORTE-PACIFICO,2022-08-22,139,604,147
NORTE-PACIFICO,2022-08-23,118,626,151
NORTE-PACIFICO,2022-08-24,100,631,137
NORTE-PACIFICO,2022-08-25,94,629,129
NORTE-PACIFICO,2022-08-26,89,614,139
NORTE-PACIFICO,2022-08-27,66,616,147
NORTE-PACIFICO,2022-08-28,57,653,176
NORTE-PACIFICO,2022-08-29,83,704,200
NORTE-PACIFICO,2022-08-30,62,632,186
NORTE-PACIFICO,2022-08-31,54,580,174
NORTE-PACIFICO,2022-09-01,42,582,167
NORTE-PACIFICO,2022-09-02,47,616,189
NORTE-PACIFICO,2022-09-03,45,656,213
NORTE-PACIFICO,2022-09-04,52,675,222
NORTE-PACIFICO,2022-09-05,66,692,230
NORTE-PACIFICO,2022-09-06,78,665,241
NORTE-PACIFICO,2022-09-07,85,671,235
NORTE-PACIFICO,2022-09-08,62,546,226
NORTE-PACIFICO,2022-09-09,92,496,262
NORTE-PACIFICO,2022-09-10,132,617,336
NORTE-PACIFICO,2022-09-11,165,578,290
NORTE-PACIFICO,2022-09-12,216,716,333
NORTE-PACIFICO,2022-09-13,221,810,360
NORTE-PACIFICO,2022-09-14,271,744,367
NORTE-PACIFICO,2022-09-15,266,730,346
NORTE-PACIFICO,2022-09-16,256,796,381
NORTE-PACIFICO,2022-09-17,273,773,410
NORTE-PACIFICO,2022-09-18,310,798,439
NORTE-PACIFICO,2022-09-19,385,853,485
NORTE-PACIFICO,2022-09-20,346,867,492
NORTE-PACIFICO,2022-09-21,287,874,479
NORTE-PACIFICO,2022-09-22,245,794,428
NORTE-PACIFICO,2022-09-23,199,849,427
NORTE-PACIFICO,2022-09-24,194,902,421
NORTE-PACIFICO,2022-09-25,157,1002,426
NORTE-PACIFICO,2022-09-26,203,1125,454
NORTE-PACIFICO,2022-09-27,238,1137,453
NORTE-PACIFICO,2022-09-28,254,1160,439
NORTE-PACIFICO,2022-09-29,219,1126,429
NORTE-PACIFICO,2022-09-30,235,1169,462
NORTE-PACIFICO,2022-10-01,205,1258,516
NORTE-PACIFICO,2022-10-02,278,1292,490
NORTE-PACIFICO,2022-10-03,357,1323,554
NORTE-PACIFICO,2022-10-04,337,1326,549
NORTE-PACIFICO,2022-10-05,265,1294,523
NORTE-PACIFICO,2022-10-06,211,1168,511
NORTE-PACIFICO,2022-10-07,172,1146,513
NORTE-PACIFICO,2022-10-08,163,1135,546
NORTE-PACIFICO,2022-10-09,183,1156,555
NORTE-PACIFICO,2022-10-10,161,1233,577
NORTE-PACIFICO,2022-10-11,166,1298,554
NORTE-PACIFICO,2022-10-12,173,1184,500
NORTE-PACIFICO,2022-10-13,161,1051,428
NORTE-PACIFICO,2022-10-14,136,1055,462
NORTE-PACIFICO,2022-10-15,145,1105,481
NORTE-PACIFICO,2022-10-16,168,1190,521
NORTE-PACIFICO,2022-10-17,239,1357,573
NORTE-PACIFICO,2022-10-18,270,1632,568
NORTE-PACIFICO,2022-10-19,293,1811,576
NORTE-PACIFICO,2022-10-20,233,1531,561
NORTE-PACIFICO,2022-10-21,226,1652,609
NORTE-PACIFICO,2022-10-22,208,1641,625
NORTE-PACIFICO,2022-10-23,217,1717,658
NORTE-PACIFICO,2022-10-24,227,1706,685
NORTE-PACIFICO,2022-10-25,220,1545,621
NORTE-PACIFICO,2022-10-26,213,1383,547
NORTE-PACIFICO,2022-10-27,168,1222,505
NORTE-PACIFICO,2022-10-28,142,1162,529
NORTE-PACIFICO,2022-10-29,116,1121,517
NORTE-PACIFICO,2022-10-30,135,1103,445
NORTE-PACIFICO,2022-10-31,152,1090,441
NORTE-PACIFICO,2022-11-01,161,1035,416
NORTE-PACIFICO,2022-11-02,172,922,366
NORTE-PACIFICO,2022-11-03,153,746,340
NORTE-PACIFICO,2022-11-04,138,633,340
NORTE-PACIFICO,2022-11-05,134,570,350
NORTE-PACIFICO,2022-11-06,129,581,368
NORTE-PACIFICO,2022-11-07,127,590,389
NORTE-PACIFICO,2022-11-08,82,533,343
NORTE-PACIFICO,2022-11-09,95,489,338
NORTE-PACIFICO,2022-11-10,78,461,343
NORTE-PACIFICO,2022-11-11,88,466,377
NORTE-PACIFICO,2022-11-12,98,499,374
NORTE-PACIFICO,2022-11-13,120,545,408
NORTE-PACIFICO,2022-11-14,126,594,431
NORTE-PACIFICO,2022-11-15,121,607,431
NORTE-PACIFICO,2022-11-16,116,645,405
NORTE-PACIFICO,2022-11-17,117,623,405
NORTE-PACIFICO,2022-11-18,121,655,418
NORTE-PACIFICO,2022-11-19,121,656,426
NORTE-PACIFICO,2022-11-20,117,719,431
NORTE-PACIFICO,2022-11-21,115,804,444
NORTE-PACIFICO,2022-11-22,98,893,464
NORTE-PACIFICO,2022-11-23,74,842,453
NORTE-PACIFICO,2022-11-24,69,783,428
NORTE-PACIFICO,2022-11-25,70,772,456
NORTE-PACIFICO,2022-11-26,88,735,450
NORTE-PACIFICO,2022-11-27,102,722,456
NORTE-PACIFICO,2022-11-28,103,757,484
NORTE-PACIFICO,2022-11-29,114,726,427
NORTE-PACIFICO,2022-11-30,85,706,382
NORTE-PACIFICO,2022-12-01,70,686,351
NORTE-PACIFICO,2022-12-02,78,677,371
NORTE-PACIFICO,2022-12-03,82,698,397
NORTE-PACIFICO,2022-12-04,78,730,405
NORTE-PACIFICO,2022-12-05,76,726,417
NORTE-PACIFICO,2022-12-06,62,690,409
NORTE-PACIFICO,2022-12-07,82,631,398
NORTE-PACIFICO,2022-12-08,65,590,394
NORTE-PACIFICO,2022-12-09,56,605,407
NORTE-PACIFICO,2022-12-10,59,599,405
NORTE-PACIFICO,2022-12-11,65,558,406
NORTE-PACIFICO,2022-12-12,78,560,418
NORTE-PACIFICO,2022-12-13,92,502,425
NORTE-PACIFICO,2022-12-14,72,444,401
NORTE-PACIFICO,2022-12-15,45,419,383
NORTE-PACIFICO,2022-12-16,41,394,380
NORTE-PACIFICO,2022-12-17,41,327,379
NORTE-PACIFICO,2022-12-18,31,288,282
NORTE-PACIFICO,2022-12-19,32,351,293
NORTE-PACIFICO,2022-12-20,41,273,262
NORTE-PACIFICO,2022-12-21,45,223,205
NORTE-PACIFICO,2022-12-22,49,139,163
NORTE-PACIFICO,2022-12-23,38,135,152
NORTE-PACIFICO,2022-12-24,38,126,161
NORTE-PACIFICO,2022-12-25,51,156,182
NORTE-PACIFICO,2022-12-26,55,201,217
NORTE-PACIFICO,2022-12-27,51,194,170
NORTE-PACIFICO,2022-12-28,49,160,122
NORTE-PACIFICO,2022-12-29,36,141,110
NORTE-PACIFICO,2022-12-30,42,185,125
NORTE-PACIFICO,2022-12-31,43,211,155
NORTE-PACIFICO,2023-01-01,46,286,205
NORTE-PACIFICO,2023-01-02,53,392,261
NORTE-PACIFICO,2023-01-03,50,435,309
NORTE-PACIFICO,2023-01-04,56,404,302
NORTE-PACIFICO,2023-01-05,48,302,284
NORTE-PACIFICO,2023-01-06,71,336,301
NORTE-PACIFICO,2023-01-07,60,375,307
NORTE-PACIFICO,2023-01-08,70,434,320
NORTE-PACIFICO,2023-01-09,52,482,321
NORTE-PACIFICO,2023-01-10,45,432,333
NORTE-PACIFICO,2023-01-11,44,430,340
NORTE-PACIFICO,2023-01-12,35,420,317
NORTE-PACIFICO,2023-01-13,48,457,306
NORTE-PACIFICO,2023-01-14,39,453,296
NORTE-PACIFICO,2023-01-15,41,460,313
NORTE-PACIFICO,2023-01-16,38,500,336
NORTE-PACIFICO,2023-01-17,38,532,360
NORTE-PACIFICO,2023-01-18,50,565,377
NORTE-PACIFICO,2023-01-19,56,552,362
NORTE-PACIFICO,2023-01-20,59,603,407
NORTE-PACIFICO,2023-01-21,76,562,445
NORTE-PACIFICO,2023-01-22,78,540,426
NORTE-PACIFICO,2023-01-23,60,591,425
NORTE-PACIFICO,2023-01-24,62,561,348
NORTE-PACIFICO,2023-01-25,65,524,341
NORTE-PACIFICO,2023-01-26,58,386,293
NORTE-PACIFICO,2023-01-27,55,383,289
NORTE-PACIFICO,2023-01-28,57,377,301
NORTE-PACIFICO,2023-01-29,52,409,328
NORTE-PACIFICO,2023-01-30,52,395,337
NORTE-PACIFICO,2023-01-31,65,358,331
NORTE-PACIFICO,2023-02-01,65,333,326
NORTE-PACIFICO,2023-02-02,58,324,309
NORTE-PACIFICO,2023-02-03,60,361,344
NORTE-PACIFICO,2023-02-04,70,386,370
NORTE-PACIFICO,2023-02-05,68,427,400
NORTE-PACIFICO,2023-02-06,49,474,440
NORTE-PACIFICO,2023-02-07,56,503,473
NORTE-PACIFICO,2023-02-08,67,527,473
NORTE-PACIFICO,2023-02-09,61,499,432
NORTE-PACIFICO,2023-02-10,77,567,445
NORTE-PACIFICO,2023-02-11,89,636,503
NORTE-PACIFICO,2023-02-12,95,665,520
NORTE-PACIFICO,2023-02-13,95,719,529
NORTE-PACIFICO,2023-02-14,102,698,494
NORTE-PACIFICO,2023-02-15,82,716,491
NORTE-PACIFICO,2023-02-16,86,689,461
NORTE-PACIFICO,2023-02-17,83,668,441
NORTE-PACIFICO,2023-02-18,85,548,412
NORTE-PACIFICO,2023-02-19,93,494,393
NORTE-PACIFICO,2023-02-20,106,522,398
NORTE-PACIFICO,2023-02-21,94,509,361
NORTE-PACIFICO,2023-02-22,93,472,354
NORTE-PACIFICO,2023-02-23,110,474,342
NORTE-PACIFICO,2023-02-24,147,486,377
NORTE-PACIFICO,2023-02-25,185,488,368
NORTE-PACIFICO,2023-02-26,212,539,404
NORTE-PACIFICO,2023-02-27,221,602,434
NORTE-PACIFICO,2023-02-28,206,599,463
NORTE-PACIFICO,2023-03-01,178,594,492
NORTE-PACIFICO,2023-03-02,131,521,438
NORTE-PACIFICO,2023-03-03,185,576,470
NORTE-PACIFICO,2023-03-04,249,637,535
NORTE-PACIFICO,2023-03-05,377,685,579
NORTE-PACIFICO,2023-03-06,521,745,640
NORTE-PACIFICO,2023-03-07,503,779,631
NORTE-PACIFICO,2023-03-08,370,795,629
NORTE-PACIFICO,2023-03-09,307,761,588
NORTE-PACIFICO,2023-03-10,266,751,608
NORTE-PACIFICO,2023-03-11,245,738,633
NORTE-PACIFICO,2023-03-12,229,795,669
NORTE-PACIFICO,2023-03-13,185,843,686
NORTE-PACIFICO,2023-03-14,184,870,659
NORTE-PACIFICO,2023-03-15,147,823,640
NORTE-PACIFICO,2023-03-16,160,728,629
NORTE-PACIFICO,2023-03-17,163,730,643
NORTE-PACIFICO,2023-03-18,172,745,679
NORTE-PACIFICO,2023-03-19,193,761,717
NORTE-PACIFICO,2023-03-20,193,788,741
NORTE-PACIFICO,2023-03-21,201,810,748
NORTE-PACIFICO,2023-03-22,179,824,773
NORTE-PACIFICO,2023-03-23,128,811,720
NORTE-PACIFICO,2023-03-24,129,827,656
NORTE-PACIFICO,2023-03-25,156,810,634
NORTE-PACIFICO,2023-03-26,156,838,636
NORTE-PACIFICO,2023-03-27,178,838,654
NORTE-PACIFICO,2023-03-28,162,695,583
NORTE-PACIFICO,2023-03-29,143,585,550
NORTE-PACIFICO,2023-03-30,115,512,421
NORTE-PACIFICO,2023-03-31,112,414,421
NORTE-PACIFICO,2023-04-01,143,423,423
NORTE-PACIFICO,2023-04-02,163,476,436
NORTE-PACIFICO,2023-04-03,172,509,456
NORTE-PACIFICO,2023-04-04,184,493,356
NORTE-PACIFICO,2023-04-05,122,470,317
NORTE-PACIFICO,2023-04-06,110,406,273
NORTE-PACIFICO,2023-04-07,92,340,265
NORTE-PACIFICO,2023-04-08,81,288,224
NORTE-PACIFICO,2023-04-09,76,218,193
NORTE-PACIFICO,2023-04-10,78,187,187
NORTE-PACIFICO,2023-04-11,74,155,148
NORTE-PACIFICO,2023-04-12,77,146,133
NORTE-PACIFICO,2023-04-13,70,125,111
NORTE-PACIFICO,2023-04-14,71,154,105
NORTE-PACIFICO,2023-04-15,74,159,116
NORTE-PACIFICO,2023-04-16,82,173,140
NORTE-PACIFICO,2023-04-17,93,215,159
NORTE-PACIFICO,2023-04-18,99,227,176
NORTE-PACIFICO,2023-04-19,93,245,184
NORTE-PACIFICO,2023-04-20,79,201,147
NORTE-PACIFICO,2023-04-21,80,215,180
NORTE-PACIFICO,2023-04-22,93,217,184
NORTE-PACIFICO,2023-04-23,102,238,178
NORTE-PACIFICO,2023-04-24,103,272,186
NORTE-PACIFICO,2023-04-25,103,279,191
NORTE-PACIFICO,2023-04-26,92,279,183
NORTE-PACIFICO,2023-04-27,88,258,159
NORTE-PACIFICO,2023-04-28,40,226,130
NORTE-PACIFICO,2023-04-29,50,243,147
NORTE-PACIFICO,2023-04-30,60,330,153
NORTE-PACIFICO,2023-05-01,76,351,185
NORTE-PACIFICO,2023-05-02,99,407,241
NORTE-PACIFICO,2023-05-03,68,413,217
NORTE-PACIFICO,2023-05-04,66,380,179
NORTE-PACIFICO,2023-05-05,49,403,193
NORTE-PACIFICO,2023-05-06,46,433,223
NORTE-PACIFICO,2023-05-07,51,446,221
NORTE-PACIFICO,2023-05-08,53,418,237
NORTE-PACIFICO,2023-05-09,37,335,218
NORTE-PACIFICO,2023-05-10,29,281,188
NORTE-PACIFICO,2023-05-11,28,246,165
NORTE-PACIFICO,2023-05-12,28,209,151
NORTE-PACIFICO,2023-05-13,22,191,151
NORTE-PACIFICO,2023-05-14,32,214,161
NORTE-PACIFICO,2023-05-15,35,238,160
NORTE-PACIFICO,2023-05-16,41,264,162
NORTE-PACIFICO,2023-05-17,39,270,147
NORTE-PACIFICO,2023-05-18,31,236,127
NORTE-PACIFICO,2023-05-19,45,266,144
NORTE-PACIFICO,2023-05-20,52,341,155
NORTE-PACIFICO,2023-05-21,70,426,179
NORTE-PACIFICO,2023-05-22,80,487,179
NORTE-PACIFICO,2023-05-23,79,513,175
NORTE-PACIFICO,2023-05-24,51,469,186
NORTE-PACIFICO,2023-05-25,35,389,156
NORTE-PACIFICO,2023-05-26,41,404,147
NORTE-PACIFICO,2023-05-27,65,406,149
NORTE-PACIFICO,2023-05-28,67,438,170
NORTE-PACIFICO,2023-05-29,93,496,186
NORTE-PACIFICO,2023-05-30,79,527,184
NORTE-PACIFICO,2023-05-31,37,395,135
NORTE-PACIFICO,2023-06-01,42,383,126
NORTE-PACIFICO,2023-06-02,35,405,129
NORTE-PACIFICO,2023-06-03,51,444,143
NORTE-PACIFICO,2023-06-04,53,467,168
NORTE-PACIFICO,2023-06-05,59,495,172
NORTE-PACIFICO,2023-06-06,49,502,166
NORTE-PACIFICO,2023-06-07,52,498,189
NORTE-PACIFICO,2023-06-08,40,498,185
NORTE-PACIFICO,2023-06-09,63,546,205
NORTE-PACIFICO,2023-06-10,108,576,228
NORTE-PACIFICO,2023-06-11,159,655,277
NORTE-PACIFICO,2023-06-12,179,718,316
NORTE-PACIFICO,2023-06-13,163,734,308
NORTE-PACIFICO,2023-06-14,148,760,321
NORTE-PACIFICO,2023-06-15,141,772,304
NORTE-PACIFICO,2023-06-16,193,815,334
NORTE-PACIFICO,2023-06-17,206,824,338
NORTE-PACIFICO,2023-06-18,245,877,375
NORTE-PACIFICO,2023-06-19,316,962,415
NORTE-PACIFICO,2023-06-20,349,1032,429
NORTE-PACIFICO,2023-06-21,368,1104,432
NORTE-PACIFICO,2023-06-22,349,1084,411
NORTE-PACIFICO,2023-06-23,353,1090,443
NORTE-PACIFICO,2023-06-24,298,946,430
NORTE-PACIFICO,2023-06-25,273,1008,450
NORTE-PACIFICO,2023-06-26,265,1070,464
NORTE-PACIFICO,2023-06-27,269,1119,456
NORTE-PACIFICO,2023-06-28,252,1146,461
NORTE-PACIFICO,2023-06-29,251,1153,442
NORTE-PACIFICO,2023-06-30,203,1208,452
NORTE-PACIFICO,2023-07-01,280,1306,522
NORTE-PACIFICO,2023-07-02,309,1404,572
NORTE-PACIFICO,2023-07-03,303,1468,632
NORTE-PACIFICO,2023-07-04,292,1468,645
NORTE-PACIFICO,2023-07-05,344,1526,692
NORTE-PACIFICO,2023-07-06,299,1544,730
NORTE-PACIFICO,2023-07-07,266,1627,785
NORTE-PACIFICO,2023-07-08,279,1731,842
NORTE-PACIFICO,2023-07-09,244,1812,882
NORTE-PACIFICO,2023-07-10,224,1901,896
NORTE-PACIFICO,2023-07-11,207,1950,908
NORTE-PACIFICO,2023-07-12,155,1921,925
NORTE-PACIFICO,2023-07-13,138,1900,903
NORTE-PACIFICO,2023-07-14,167,1944,922
NORTE-PACIFICO,2023-07-15,229,1970,950
NORTE-PACIFICO,2023-07-16,282,2036,993
NORTE-PACIFICO,2023-07-17,379,2055,1010
NORTE-PACIFICO,2023-07-18,356,2090,1000
NORTE-PACIFICO,2023-07-19,333,2062,937
NORTE-PACIFICO,2023-07-20,305,2019,870
NORTE-PACIFICO,2023-07-21,304,2039,882
NORTE-PACIFICO,2023-07-22,324,2066,902
NORTE-PACIFICO,2023-07-23,357,2075,891
NORTE-PACIFICO,2023-07-24,307,2072,884
NORTE-PACIFICO,2023-07-25,333,2018,887
NORTE-PACIFICO,2023-07-26,318,1893,886
NORTE-PACIFICO,2023-07-27,328,1641,729
OCCIDENTE-BAJIO,2022-03-01,92,223,224
OCCIDENTE-BAJIO,2022-03-02,119,208,227
OCCIDENTE-BAJIO,2022-03-03,120,181,184
OCCIDENTE-BAJIO,2022-03-04,123,177,201
OCCIDENTE-BAJIO,2022-03-05,119,178,194
OCCIDENTE-BAJIO,2022-03-06,126,198,205
OCCIDENTE-BAJIO,2022-03-07,144,223,225
OCCIDENTE-BAJIO,2022-03-08,115,197,194
OCCIDENTE-BAJIO,2022-03-09,27,178,165
OCCIDENTE-BAJIO,2022-03-10,59,136,127
OCCIDENTE-BAJIO,2022-03-11,59,136,138
OCCIDENTE-BAJIO,2022-03-12,51,141,142
OCCIDENTE-BAJIO,2022-03-13,40,147,132
OCCIDENTE-BAJIO,2022-03-14,40,141,131
OCCIDENTE-BAJIO,2022-03-15,41,114,112
OCCIDENTE-BAJIO,2022-03-16,43,97,80
OCCIDENTE-BAJIO,2022-03-17,34,88,66
OCCIDENTE-BAJIO,2022-03-18,34,94,82
OCCIDENTE-BAJIO,2022-03-19,28,108,108
OCCIDENTE-BAJIO,2022-03-20,28,96,112
OCCIDENTE-BAJIO,2022-03-21,58,91,112
OCCIDENTE-BAJIO,2022-03-22,39,88,97
OCCIDENTE-BAJIO,2022-03-23,29,82,85
OCCIDENTE-BAJIO,2022-03-24,18,67,79
OCCIDENTE-BAJIO,2022-03-25,20,64,91
OCCIDENTE-BAJIO,2022-03-26,30,76,117
OCCIDENTE-BAJIO,2022-03-27,31,97,111
OCCIDENTE-BAJIO,2022-03-28,40,117,123
OCCIDENTE-BAJIO,2022-03-29,40,82,115
OCCIDENTE-BAJIO,2022-03-30,33,66,100
OCCIDENTE-BAJIO,2022-03-31,23,62,90
OCCIDENTE-BAJIO,2022-04-01,30,70,114
OCCIDENTE-BAJIO,2022-04-02,42,87,131
OCCIDENTE-BAJIO,2022-04-03,46,95,120
OCCIDENTE-BAJIO,2022-04-04,47,101,120
OCCIDENTE-BAJIO,2022-04-05,42,84,117
OCCIDENTE-BAJIO,2022-04-06,36,88,104
OCCIDENTE-BAJIO,2022-04-07,30,71,83
OCCIDENTE-BAJIO,2022-04-08,34,76,94
OCCIDENTE-BAJIO,2022-04-09,34,75,89
OCCIDENTE-BAJIO,2022-04-10,33,76,96
OCCIDENTE-BAJIO,2022-04-11,32,108,114
OCCIDENTE-BAJIO,2022-04-12,24,122,112
OCCIDENTE-BAJIO,2022-04-13,20,122,95
OCCIDENTE-BAJIO,2022-04-14,18,97,75
OCCIDENTE-BAJIO,2022-04-15,16,141,84
OCCIDENTE-BAJIO,2022-04-16,19,160,100
OCCIDENTE-BAJIO,2022-04-17,22,165,111
OCCIDENTE-BAJIO,2022-04-18,27,216,122
OCCIDENTE-BAJIO,2022-04-19,18,138,79
OCCIDENTE-BAJIO,2022-04-20,15,127,67
OCCIDENTE-BAJIO,2022-04-21,16,95,62
OCCIDENTE-BAJIO,2022-04-22,25,152,75
OCCIDENTE-BAJIO,2022-04-23,24,189,84
OCCIDENTE-BAJIO,2022-04-24,30,205,87
OCCIDENTE-BAJIO,2022-04-25,34,338,105
OCCIDENTE-BAJIO,2022-04-26,32,294,109
OCCIDENTE-BAJIO,2022-04-27,28,267,86
OCCIDENTE-BAJIO,2022-04-28,21,210,76
OCCIDENTE-BAJIO,2022-04-29,21,246,102
OCCIDENTE-BAJIO,2022-04-30,22,403,126
OCCIDENTE-BAJIO,2022-05-01,27,454,133
OCCIDENTE-BAJIO,2022-05-02,42,563,177
OCCIDENTE-BAJIO,2022-05-03,40,565,142
OCCIDENTE-BAJIO,2022-05-04,34,459,113
OCCIDENTE-BAJIO,2022-05-05,34,380,89
OCCIDENTE-BAJIO,2022-05-06,34,365,109
OCCIDENTE-BAJIO,2022-05-07,36,327,110
OCCIDENTE-BAJIO,2022-05-08,31,291,94
OCCIDENTE-BAJIO,2022-05-09,31,309,108
OCCIDENTE-BAJIO,2022-05-10,29,233,108
OCCIDENTE-BAJIO,2022-05-11,20,241,94
OCCIDENTE-BAJIO,2022-05-12,18,171,66
OCCIDENTE-BAJIO,2022-05-13,20,164,75
OCCIDENTE-BAJIO,2022-05-14,17,201,76
OCCIDENTE-BAJIO,2022-05-15,15,252,90
OCCIDENTE-BAJIO,2022-05-16,24,267,113
OCCIDENTE-BAJIO,2022-05-17,24,256,109
OCCIDENTE-BAJIO,2022-05-18,22,229,97
OCCIDENTE-BAJIO,2022-05-19,20,211,78
OCCIDENTE-BAJIO,2022-05-20,20,224,92
OCCIDENTE-BAJIO,2022-05-21,23,232,117
OCCIDENTE-BAJIO,2022-05-22,22,187,122
OCCIDENTE-BAJIO,2022-05-23,24,157,119
OCCIDENTE-BAJIO,2022-05-24,27,99,113
OCCIDENTE-BAJIO,2022-05-25,22,70,97
OCCIDENTE-BAJIO,2022-05-26,23,54,67
OCCIDENTE-BAJIO,2022-05-27,20,54,81
OCCIDENTE-BAJIO,2022-05-28,17,47,85
OCCIDENTE-BAJIO,2022-05-29,20,55,91
OCCIDENTE-BAJIO,2022-05-30,25,72,108
OCCIDENTE-BAJIO,2022-05-31,30,57,100
OCCIDENTE-BAJIO,2022-06-01,31,57,107
OCCIDENTE-BAJIO,2022-06-02,26,43,83
OCCIDENTE-BAJIO,2022-06-03,32,71,91
OCCIDENTE-BAJIO,2022-06-04,25,69,104
OCCIDENTE-BAJIO,2022-06-05,24,66,103
OCCIDENTE-BAJIO,2022-06-06,29,80,110
OCCIDENTE-BAJIO,2022-06-07,35,70,95
OCCIDENTE-BAJIO,2022-06-08,30,50,85
OCCIDENTE-BAJIO,2022-06-09,28,44,63
OCCIDENTE-BAJIO,2022-06-10,30,45,67
OCCIDENTE-BAJIO,2022-06-11,44,57,88
OCCIDENTE-BAJIO,2022-06-12,50,66,86
OCCIDENTE-BAJIO,2022-06-13,52,85,112
OCCIDENTE-BAJIO,2022-06-14,28,77,88
OCCIDENTE-BAJIO,2022-06-15,23,56,74
OCCIDENTE-BAJIO,2022-06-16,23,50,64
OCCIDENTE-BAJIO,2022-06-17,28,52,96
OCCIDENTE-BAJIO,2022-06-18,33,59,98
OCCIDENTE-BAJIO,2022-06-19,28,75,74
OCCIDENTE-BAJIO,2022-06-20,37,81,84
OCCIDENTE-BAJIO,2022-06-21,26,58,72
OCCIDENTE-BAJIO,2022-06-22,23,49,61
OCCIDENTE-BAJIO,2022-06-23,17,38,54
OCCIDENTE-BAJIO,2022-06-24,18,41,67
OCCIDENTE-BAJIO,2022-06-25,12,43,72
OCCIDENTE-BAJIO,2022-06-26,12,44,65
OCCIDENTE-BAJIO,2022-06-27,15,46,71
OCCIDENTE-BAJIO,2022-06-28,15,41,71
OCCIDENTE-BAJIO,2022-06-29,16,33,59
OCCIDENTE-BAJIO,2022-06-30,10,33,60
OCCIDENTE-BAJIO,2022-07-01,11,52,95
OCCIDENTE-BAJIO,2022-07-02,13,74,107
OCCIDENTE-BAJIO,2022-07-03,15,76,104
OCCIDENTE-BAJIO,2022-07-04,19,97,126
OCCIDENTE-BAJIO,2022-07-05,28,135,127
OCCIDENTE-BAJIO,2022-07-06,26,112,96
OCCIDENTE-BAJIO,2022-07-07,24,93,93
OCCIDENTE-BAJIO,2022-07-08,28,104,110
OCCIDENTE-BAJIO,2022-07-09,29,113,121
OCCIDENTE-BAJIO,2022-07-10,28,104,119
OCCIDENTE-BAJIO,2022-07-11,56,134,138
OCCIDENTE-BAJIO,2022-07-12,52,113,107
OCCIDENTE-BAJIO,2022-07-13,39,91,108
OCCIDENTE-BAJIO,2022-07-14,33,82,90
OCCIDENTE-BAJIO,2022-07-15,34,83,112
OCCIDENTE-BAJIO,2022-07-16,37,116,121
OCCIDENTE-BAJIO,2022-07-17,40,161,118
OCCIDENTE-BAJIO,2022-07-18,52,187,139
OCCIDENTE-BAJIO,2022-07-19,40,172,116
OCCIDENTE-BAJIO,2022-07-20,34,175,136
OCCIDENTE-BAJIO,2022-07-21,32,158,107
OCCIDENTE-BAJIO,2022-07-22,36,160,120
OCCIDENTE-BAJIO,2022-07-23,38,231,141
OCCIDENTE-BAJIO,2022-07-24,33,305,152
OCCIDENTE-BAJIO,2022-07-25,61,309,176
OCCIDENTE-BAJIO,2022-07-26,43,291,148
OCCIDENTE-BAJIO,2022-07-27,36,269,145
OCCIDENTE-BAJIO,2022-07-28,27,239,118
OCCIDENTE-BAJIO,2022-07-29,34,249,144
OCCIDENTE-BAJIO,2022-07-30,38,291,172
OCCIDENTE-BAJIO,2022-07-31,41,351,189
OCCIDENTE-BAJIO,2022-08-01,59,431,189
OCCIDENTE-BAJIO,2022-08-02,57,417,199
OCCIDENTE-BAJIO,2022-08-03,42,371,189
OCCIDENTE-BAJIO,2022-08-04,30,314,153
OCCIDENTE-BAJIO,2022-08-05,31,413,167
OCCIDENTE-BAJIO,2022-08-06,41,431,170
OCCIDENTE-BAJIO,2022-08-07,37,486,173
OCCIDENTE-BAJIO,2022-08-08,62,493,195
OCCIDENTE-BAJIO,2022-08-09,44,455,188
OCCIDENTE-BAJIO,2022-08-10,31,411,178
OCCIDENTE-BAJIO,2022-08-11,26,359,151
OCCIDENTE-BAJIO,2022-08-12,30,397,178
OCCIDENTE-BAJIO,2022-08-13,27,406,197
OCCIDENTE-BAJIO,2022-08-14,20,545,185
OCCIDENTE-BAJIO,2022-08-15,22,597,202
OCCIDENTE-BAJIO,2022-08-16,25,496,185
OCCIDENTE-BAJIO,2022-08-17,22,439,166
OCCIDENTE-BAJIO,2022-08-18,14,372,152
OCCIDENTE-BAJIO,2022-08-19,24,356,179
OCCIDENTE-BAJIO,2022-08-20,23,376,181
OCCIDENTE-BAJIO,2022-08-21,16,439,180
OCCIDENTE-BAJIO,2022-08-22,26,480,177
OCCIDENTE-BAJIO,2022-08-23,21,442,154
OCCIDENTE-BAJIO,2022-08-24,19,405,111
OCCIDENTE-BAJIO,2022-08-25,13,360,97
OCCIDENTE-BAJIO,2022-08-26,14,365,122
OCCIDENTE-BAJIO,2022-08-27,18,394,125
OCCIDENTE-BAJIO,2022-08-28,19,425,126
OCCIDENTE-BAJIO,2022-08-29,28,444,138
OCCIDENTE-BAJIO,2022-08-30,27,424,143
OCCIDENTE-BAJIO,2022-08-31,24,402,137
OCCIDENTE-BAJIO,2022-09-01,19,373,110
OCCIDENTE-BAJIO,2022-09-02,19,355,133
OCCIDENTE-BAJIO,2022-09-03,25,343,148
OCCIDENTE-BAJIO,2022-09-04,24,327,165
OCCIDENTE-BAJIO,2022-09-05,29,347,172
OCCIDENTE-BAJIO,2022-09-06,19,311,178
OCCIDENTE-BAJIO,2022-09-07,17,327,160
OCCIDENTE-BAJIO,2022-09-08,19,289,126
OCCIDENTE-BAJIO,2022-09-09,15,298,175
OCCIDENTE-BAJIO,2022-09-10,30,378,242
OCCIDENTE-BAJIO,2022-09-11,40,370,219
OCCIDENTE-BAJIO,2022-09-12,68,508,263
OCCIDENTE-BAJIO,2022-09-13,67,567,260
OCCIDENTE-BAJIO,2022-09-14,47,466,224
OCCIDENTE-BAJIO,2022-09-15,44,460,197
OCCIDENTE-BAJIO,2022-09-16,43,468,204
OCCIDENTE-BAJIO,2022-09-17,59,481,209
OCCIDENTE-BAJIO,2022-09-18,55,511,214
OCCIDENTE-BAJIO,2022-09-19,89,514,226
OCCIDENTE-BAJIO,2022-09-20,74,486,178
OCCIDENTE-BAJIO,2022-09-21,64,489,174
OCCIDENTE-BAJIO,2022-09-22,61,503,175
OCCIDENTE-BAJIO,2022-09-23,50,558,193
OCCIDENTE-BAJIO,2022-09-24,55,660,222
OCCIDENTE-BAJIO,2022-09-25,64,861,216
OCCIDENTE-BAJIO,2022-09-26,72,1042,242
OCCIDENTE-BAJIO,2022-09-27,74,1136,260
OCCIDENTE-BAJIO,2022-09-28,62,1182,259
OCCIDENTE-BAJIO,2022-09-29,47,1142,255
OCCIDENTE-BAJIO,2022-09-30,62,1091,304
OCCIDENTE-BAJIO,2022-10-01,73,1148,363
OCCIDENTE-BAJIO,2022-10-02,89,1230,390
OCCIDENTE-BAJIO,2022-10-03,103,1290,428
OCCIDENTE-BAJIO,2022-10-04,96,1310,436
OCCIDENTE-BAJIO,2022-10-05,117,1269,384
OCCIDENTE-BAJIO,2022-10-06,92,1234,355
OCCIDENTE-BAJIO,2022-10-07,90,1207,385
OCCIDENTE-BAJIO,2022-10-08,84,1017,390
OCCIDENTE-BAJIO,2022-10-09,106,1056,394
OCCIDENTE-BAJIO,2022-10-10,107,1090,403
OCCIDENTE-BAJIO,2022-10-11,87,1016,384
OCCIDENTE-BAJIO,2022-10-12,85,950,363
OCCIDENTE-BAJIO,2022-10-13,52,851,296
OCCIDENTE-BAJIO,2022-10-14,52,849,302
OCCIDENTE-BAJIO,2022-10-15,64,902,336
OCCIDENTE-BAJIO,2022-10-16,83,956,365
OCCIDENTE-BAJIO,2022-10-17,96,1157,385
OCCIDENTE-BAJIO,2022-10-18,85,1566,407
OCCIDENTE-BAJIO,2022-10-19,71,2322,401
OCCIDENTE-BAJIO,2022-10-20,68,1276,382
OCCIDENTE-BAJIO,2022-10-21,75,1388,424
OCCIDENTE-BAJIO,2022-10-22,76,1467,435
OCCIDENTE-BAJIO,2022-10-23,76,1569,422
OCCIDENTE-BAJIO,2022-10-24,91,1491,434
OCCIDENTE-BAJIO,2022-10-25,53,1343,386
OCCIDENTE-BAJIO,2022-10-26,45,1250,366
OCCIDENTE-BAJIO,2022-10-27,50,1179,343
OCCIDENTE-BAJIO,2022-10-28,67,1167,358
OCCIDENTE-BAJIO,2022-10-29,67,1195,383
OCCIDENTE-BAJIO,2022-10-30,52,1118,398
OCCIDENTE-BAJIO,2022-10-31,45,1128,390
OCCIDENTE-BAJIO,2022-11-01,37,1043,384
OCCIDENTE-BAJIO,2022-11-02,38,1046,348
OCCIDENTE-BAJIO,2022-11-03,32,943,303
OCCIDENTE-BAJIO,2022-11-04,29,865,342
OCCIDENTE-BAJIO,2022-11-05,28,778,330
OCCIDENTE-BAJIO,2022-11-06,30,666,333
OCCIDENTE-BAJIO,2022-11-07,31,623,328
OCCIDENTE-BAJIO,2022-11-08,32,576,299
OCCIDENTE-BAJIO,2022-11-09,35,526,278
OCCIDENTE-BAJIO,2022-11-10,28,387,242
OCCIDENTE-BAJIO,2022-11-11,36,360,258
OCCIDENTE-BAJIO,2022-11-12,36,324,257
OCCIDENTE-BAJIO,2022-11-13,32,328,252
OCCIDENTE-BAJIO,2022-11-14,36,313,256
OCCIDENTE-BAJIO,2022-11-15,34,311,250
OCCIDENTE-BAJIO,2022-11-16,34,330,229
OCCIDENTE-BAJIO,2022-11-17,28,283,209
OCCIDENTE-BAJIO,2022-11-18,31,265,198
OCCIDENTE-BAJIO,2022-11-19,42,290,188
OCCIDENTE-BAJIO,2022-11-20,36,324,185
OCCIDENTE-BAJIO,2022-11-21,48,478,200
OCCIDENTE-BAJIO,2022-11-22,49,501,202
OCCIDENTE-BAJIO,2022-11-23,42,440,170
OCCIDENTE-BAJIO,2022-11-24,27,374,149
OCCIDENTE-BAJIO,2022-11-25,28,349,147
OCCIDENTE-BAJIO,2022-11-26,28,317,167
OCCIDENTE-BAJIO,2022-11-27,39,346,159
OCCIDENTE-BAJIO,2022-11-28,41,359,173
OCCIDENTE-BAJIO,2022-11-29,36,297,181
OCCIDENTE-BAJIO,2022-11-30,26,224,169
OCCIDENTE-BAJIO,2022-12-01,22,195,157
OCCIDENTE-BAJIO,2022-12-02,28,177,191
OCCIDENTE-BAJIO,2022-12-03,36,284,226
OCCIDENTE-BAJIO,2022-12-04,31,240,224
OCCIDENTE-BAJIO,2022-12-05,43,252,213
OCCIDENTE-BAJIO,2022-12-06,28,171,191
OCCIDENTE-BAJIO,2022-12-07,28,145,167
OCCIDENTE-BAJIO,2022-12-08,25,107,142
OCCIDENTE-BAJIO,2022-12-09,24,104,157
OCCIDENTE-BAJIO,2022-12-10,18,124,177
OCCIDENTE-BAJIO,2022-12-11,22,95,163
OCCIDENTE-BAJIO,2022-12-12,27,96,169
OCCIDENTE-BAJIO,2022-12-13,31,91,151
OCCIDENTE-BAJIO,2022-12-14,24,80,149
OCCIDENTE-BAJIO,2022-12-15,28,68,130
OCCIDENTE-BAJIO,2022-12-16,32,79,149
OCCIDENTE-BAJIO,2022-12-17,30,100,175
OCCIDENTE-BAJIO,2022-12-18,29,98,171
OCCIDENTE-BAJIO,2022-12-19,28,121,169
OCCIDENTE-BAJIO,2022-12-20,24,115,155
OCCIDENTE-BAJIO,2022-12-21,27,94,146
OCCIDENTE-BAJIO,2022-12-22,23,67,121
OCCIDENTE-BAJIO,2022-12-23,22,63,121
OCCIDENTE-BAJIO,2022-12-24,19,63,119
OCCIDENTE-BAJIO,2022-12-25,18,67,126
OCCIDENTE-BAJIO,2022-12-26,29,97,149
OCCIDENTE-BAJIO,2022-12-27,27,101,142
OCCIDENTE-BAJIO,2022-12-28,28,86,128
OCCIDENTE-BAJIO,2022-12-29,20,79,102
OCCIDENTE-BAJIO,2022-12-30,21,97,122
OCCIDENTE-BAJIO,2022-12-31,23,119,134
OCCIDENTE-BAJIO,2023-01-01,24,127,144
OCCIDENTE-BAJIO,2023-01-02,33,195,179
OCCIDENTE-BAJIO,2023-01-03,25,246,179
OCCIDENTE-BAJIO,2023-01-04,24,211,157
OCCIDENTE-BAJIO,2023-01-05,26,170,133
OCCIDENTE-BAJIO,2023-01-06,24,183,142
OCCIDENTE-BAJIO,2023-01-07,31,199,166
OCCIDENTE-BAJIO,2023-01-08,21,198,154
OCCIDENTE-BAJIO,2023-01-09,27,213,156
OCCIDENTE-BAJIO,2023-01-10,27,209,146
OCCIDENTE-BAJIO,2023-01-11,24,208,147
OCCIDENTE-BAJIO,2023-01-12,24,189,139
OCCIDENTE-BAJIO,2023-01-13,23,206,168
OCCIDENTE-BAJIO,2023-01-14,25,223,190
OCCIDENTE-BAJIO,2023-01-15,27,235,189
OCCIDENTE-BAJIO,2023-01-16,25,263,199
OCCIDENTE-BAJIO,2023-01-17,29,278,203
OCCIDENTE-BAJIO,2023-01-18,27,295,191
OCCIDENTE-BAJIO,2023-01-19,25,279,176
OCCIDENTE-BAJIO,2023-01-20,26,261,195
OCCIDENTE-BAJIO,2023-01-21,36,271,221
OCCIDENTE-BAJIO,2023-01-22,27,298,230
OCCIDENTE-BAJIO,2023-01-23,23,301,224
OCCIDENTE-BAJIO,2023-01-24,28,270,206
OCCIDENTE-BAJIO,2023-01-25,22,272,202
OCCIDENTE-BAJIO,2023-01-26,29,247,190
OCCIDENTE-BAJIO,2023-01-27,28,256,228
OCCIDENTE-BAJIO,2023-01-28,35,276,244
OCCIDENTE-BAJIO,2023-01-29,35,299,240
OCCIDENTE-BAJIO,2023-01-30,37,333,262
OCCIDENTE-BAJIO,2023-01-31,38,310,260
OCCIDENTE-BAJIO,2023-02-01,31,260,251
OCCIDENTE-BAJIO,2023-02-02,34,231,219
OCCIDENTE-BAJIO,2023-02-03,30,231,264
OCCIDENTE-BAJIO,2023-02-04,34,249,243
OCCIDENTE-BAJIO,2023-02-05,36,228,218
OCCIDENTE-BAJIO,2023-02-06,41,284,230
OCCIDENTE-BAJIO,2023-02-07,38,247,198
OCCIDENTE-BAJIO,2023-02-08,37,198,170
OCCIDENTE-BAJIO,2023-02-09,31,164,140
OCCIDENTE-BAJIO,2023-02-10,33,158,132
OCCIDENTE-BAJIO,2023-02-11,38,159,146
OCCIDENTE-BAJIO,2023-02-12,35,151,135
OCCIDENTE-BAJIO,2023-02-13,34,132,147
OCCIDENTE-BAJIO,2023-02-14,27,118,128
OCCIDENTE-BAJIO,2023-02-15,27,111,136
OCCIDENTE-BAJIO,2023-02-16,33,120,132
OCCIDENTE-BAJIO,2023-02-17,44,132,153
OCCIDENTE-BAJIO,2023-02-18,54,156,168
OCCIDENTE-BAJIO,2023-02-19,47,163,165
OCCIDENTE-BAJIO,2023-02-20,42,170,180
OCCIDENTE-BAJIO,2023-02-21,41,144,147
OCCIDENTE-BAJIO,2023-02-22,36,150,147
OCCIDENTE-BAJIO,2023-02-23,36,152,140
OCCIDENTE-BAJIO,2023-02-24,36,161,161
OCCIDENTE-BAJIO,2023-02-25,42,176,176
OCCIDENTE-BAJIO,2023-02-26,38,192,172
OCCIDENTE-BAJIO,2023-02-27,38,222,199
OCCIDENTE-BAJIO,2023-02-28,38,230,213
OCCIDENTE-BAJIO,2023-03-01,36,239,185
OCCIDENTE-BAJIO,2023-03-02,40,237,174
OCCIDENTE-BAJIO,2023-03-03,30,272,214
OCCIDENTE-BAJIO,2023-03-04,43,309,249
OCCIDENTE-BAJIO,2023-03-05,34,310,230
OCCIDENTE-BAJIO,2023-03-06,37,288,228
OCCIDENTE-BAJIO,2023-03-07,38,281,194
OCCIDENTE-BAJIO,2023-03-08,36,289,179
OCCIDENTE-BAJIO,2023-03-09,30,244,175
OCCIDENTE-BAJIO,2023-03-10,32,248,196
OCCIDENTE-BAJIO,2023-03-11,40,258,222
OCCIDENTE-BAJIO,2023-03-12,40,238,192
OCCIDENTE-BAJIO,2023-03-13,45,249,192
OCCIDENTE-BAJIO,2023-03-14,42,186,171
OCCIDENTE-BAJIO,2023-03-15,42,169,180
OCCIDENTE-BAJIO,2023-03-16,41,158,165
OCCIDENTE-BAJIO,2023-03-17,45,161,181
OCCIDENTE-BAJIO,2023-03-18,42,167,190
OCCIDENTE-BAJIO,2023-03-19,32,164,176
OCCIDENTE-BAJIO,2023-03-20,38,177,174
OCCIDENTE-BAJIO,2023-03-21,41,193,167
OCCIDENTE-BAJIO,2023-03-22,32,214,146
OCCIDENTE-BAJIO,2023-03-23,31,167,126
OCCIDENTE-BAJIO,2023-03-24,36,146,128
OCCIDENTE-BAJIO,2023-03-25,32,143,116
OCCIDENTE-BAJIO,2023-03-26,31,131,97
OCCIDENTE-BAJIO,2023-03-27,42,97,105
OCCIDENTE-BAJIO,2023-03-28,35,67,104
OCCIDENTE-BAJIO,2023-03-29,32,92,91
OCCIDENTE-BAJIO,2023-03-30,37,65,84
OCCIDENTE-BAJIO,2023-03-31,40,67,104
OCCIDENTE-BAJIO,2023-04-01,43,87,128
OCCIDENTE-BAJIO,2023-04-02,42,91,132
OCCIDENTE-BAJIO,2023-04-03,48,104,153
OCCIDENTE-BAJIO,2023-04-04,51,120,142
OCCIDENTE-BAJIO,2023-04-05,47,110,133
OCCIDENTE-BAJIO,2023-04-06,44,103,112
OCCIDENTE-BAJIO,2023-04-07,48,97,132
OCCIDENTE-BAJIO,2023-04-08,48,89,133
OCCIDENTE-BAJIO,2023-04-09,59,76,121
OCCIDENTE-BAJIO,2023-04-10,63,87,122
OCCIDENTE-BAJIO,2023-04-11,58,70,100
OCCIDENTE-BAJIO,2023-04-12,35,61,92
OCCIDENTE-BAJIO,2023-04-13,38,60,74
OCCIDENTE-BAJIO,2023-04-14,30,79,95
OCCIDENTE-BAJIO,2023-04-15,26,104,104
OCCIDENTE-BAJIO,2023-04-16,35,99,103
OCCIDENTE-BAJIO,2023-04-17,43,125,114
OCCIDENTE-BAJIO,2023-04-18,44,149,108
OCCIDENTE-BAJIO,2023-04-19,35,152,98
OCCIDENTE-BAJIO,2023-04-20,39,130,91
OCCIDENTE-BAJIO,2023-04-21,38,148,103
OCCIDENTE-BAJIO,2023-04-22,41,151,112
OCCIDENTE-BAJIO,2023-04-23,39,127,108
OCCIDENTE-BAJIO,2023-04-24,50,160,128
OCCIDENTE-BAJIO,2023-04-25,57,155,141
OCCIDENTE-BAJIO,2023-04-26,54,157,128
OCCIDENTE-BAJIO,2023-04-27,49,126,111
OCCIDENTE-BAJIO,2023-04-28,30,90,116
OCCIDENTE-BAJIO,2023-04-29,33,120,129
OCCIDENTE-BAJIO,2023-04-30,44,147,117
OCCIDENTE-BAJIO,2023-05-01,56,185,134
OCCIDENTE-BAJIO,2023-05-02,66,263,163
OCCIDENTE-BAJIO,2023-05-03,61,281,148
OCCIDENTE-BAJIO,2023-05-04,34,211,126
OCCIDENTE-BAJIO,2023-05-05,30,204,138
OCCIDENTE-BAJIO,2023-05-06,39,218,155
OCCIDENTE-BAJIO,2023-05-07,39,192,143
OCCIDENTE-BAJIO,2023-05-08,41,166,141
OCCIDENTE-BAJIO,2023-05-09,35,146,132
OCCIDENTE-BAJIO,2023-05-10,24,144,111
OCCIDENTE-BAJIO,2023-05-11,13,126,100
OCCIDENTE-BAJIO,2023-05-12,12,127,120
OCCIDENTE-BAJIO,2023-05-13,15,133,127
OCCIDENTE-BAJIO,2023-05-14,10,144,88
OCCIDENTE-BAJIO,2023-05-15,17,157,104
OCCIDENTE-BAJIO,2023-05-16,18,167,104
OCCIDENTE-BAJIO,2023-05-17,16,210,112
OCCIDENTE-BAJIO,2023-05-18,19,203,104
OCCIDENTE-BAJIO,2023-05-19,29,302,135
OCCIDENTE-BAJIO,2023-05-20,33,386,143
OCCIDENTE-BAJIO,2023-05-21,65,459,140
OCCIDENTE-BAJIO,2023-05-22,65,489,141
OCCIDENTE-BAJIO,2023-05-23,34,488,141
OCCIDENTE-BAJIO,2023-05-24,24,481,131
OCCIDENTE-BAJIO,2023-05-25,34,416,126
OCCIDENTE-BAJIO,2023-05-26,47,459,153
OCCIDENTE-BAJIO,2023-05-27,52,462,174
OCCIDENTE-BAJIO,2023-05-28,86,486,188
OCCIDENTE-BAJIO,2023-05-29,102,495,174
OCCIDENTE-BAJIO,2023-05-30,84,510,171
OCCIDENTE-BAJIO,2023-05-31,59,536,167
OCCIDENTE-BAJIO,2023-06-01,67,528,164
OCCIDENTE-BAJIO,2023-06-02,136,573,209
OCCIDENTE-BAJIO,2023-06-03,156,597,224
OCCIDENTE-BAJIO,2023-06-04,118,564,234
OCCIDENTE-BAJIO,2023-06-05,129,523,256
OCCIDENTE-BAJIO,2023-06-06,119,446,253
OCCIDENTE-BAJIO,2023-06-07,120,430,235
OCCIDENTE-BAJIO,2023-06-08,80,394,212
OCCIDENTE-BAJIO,2023-06-09,66,381,245
OCCIDENTE-BAJIO,2023-06-10,66,413,280
OCCIDENTE-BAJIO,2023-06-11,59,429,266
OCCIDENTE-BAJIO,2023-06-12,85,416,266
OCCIDENTE-BAJIO,2023-06-13,72,383,239
OCCIDENTE-BAJIO,2023-06-14,90,396,232
OCCIDENTE-BAJIO,2023-06-15,70,404,233
OCCIDENTE-BAJIO,2023-06-16,88,434,256
OCCIDENTE-BAJIO,2023-06-17,111,452,286
OCCIDENTE-BAJIO,2023-06-18,107,504,301
OCCIDENTE-BAJIO,2023-06-19,141,524,350
OCCIDENTE-BAJIO,2023-06-20,115,580,343
OCCIDENTE-BAJIO,2023-06-21,140,570,328
OCCIDENTE-BAJIO,2023-06-22,119,532,292
OCCIDENTE-BAJIO,2023-06-23,114,555,300
OCCIDENTE-BAJIO,2023-06-24,137,621,327
OCCIDENTE-BAJIO,2023-06-25,127,631,344
OCCIDENTE-BAJIO,2023-06-26,124,670,358
OCCIDENTE-BAJIO,2023-06-27,129,691,367
OCCIDENTE-BAJIO,2023-06-28,108,674,339
OCCIDENTE-BAJIO,2023-06-29,97,663,325
OCCIDENTE-BAJIO,2023-06-30,103,706,384
OCCIDENTE-BAJIO,2023-07-01,175,829,493
OCCIDENTE-BAJIO,2023-07-02,232,942,557
OCCIDENTE-BAJIO,2023-07-03,289,1081,612
OCCIDENTE-BAJIO,2023-07-04,225,1043,577
OCCIDENTE-BAJIO,2023-07-05,225,1067,586
OCCIDENTE-BAJIO,2023-07-06,206,1118,577
OCCIDENTE-BAJIO,2023-07-07,154,1272,688
OCCIDENTE-BAJIO,2023-07-08,176,1410,770
OCCIDENTE-BAJIO,2023-07-09,195,1583,803
OCCIDENTE-BAJIO,2023-07-10,196,1661,818
OCCIDENTE-BAJIO,2023-07-11,146,1710,752
OCCIDENTE-BAJIO,2023-07-12,124,1527,707
OCCIDENTE-BAJIO,2023-07-13,109,1297,615
OCCIDENTE-BAJIO,2023-07-14,137,1361,635
OCCIDENTE-BAJIO,2023-07-15,178,1260,649
OCCIDENTE-BAJIO,2023-07-16,239,1373,631
OCCIDENTE-BAJIO,2023-07-17,345,1486,631
OCCIDENTE-BAJIO,2023-07-18,359,1516,576
OCCIDENTE-BAJIO,2023-07-19,335,1489,531
OCCIDENTE-BAJIO,2023-07-20,284,1434,491
OCCIDENTE-BAJIO,2023-07-21,275,1520,527
OCCIDENTE-BAJIO,2023-07-22,291,1605,493
OCCIDENTE-BAJIO,2023-07-23,321,1680,521
OCCIDENTE-BAJIO,2023-07-24,203,1743,477
OCCIDENTE-BAJIO,2023-07-25,235,1689,444
OCCIDENTE-BAJIO,2023-07-26,247,1711,455
OCCIDENTE-BAJIO,2023-07-27,246,1683,457
ORIENTE-SUR,2022-03-01,11,42,61
ORIENTE-SUR,2022-03-02,9,35,51
ORIENTE-SUR,2022-03-03,9,33,44
ORIENTE-SUR,2022-03-04,8,36,60
ORIENTE-SUR,2022-03-05,4,44,62
ORIENTE-SUR,2022-03-06,5,54,66
ORIENTE-SUR,2022-03-07,4,57,62
ORIENTE-SUR,2022-03-08,3,39,50
ORIENTE-SUR,2022-03-10,7,25,31
ORIENTE-SUR,2022-03-11,7,24,45
ORIENTE-SUR,2022-03-12,9,23,29
ORIENTE-SUR,2022-03-13,9,34,32
ORIENTE-SUR,2022-03-14,8,40,31
ORIENTE-SUR,2022-03-15,8,37,33
ORIENTE-SUR,2022-03-16,9,24,29
ORIENTE-SUR,2022-03-17,10,23,21
ORIENTE-SUR,2022-03-18,11,32,31
ORIENTE-SUR,2022-03-19,11,37,45
ORIENTE-SUR,2022-03-20,10,52,57
ORIENTE-SUR,2022-03-21,13,67,57
ORIENTE-SUR,2022-03-22,16,50,57
ORIENTE-SUR,2022-03-23,12,42,52
ORIENTE-SUR,2022-03-24,10,31,37
ORIENTE-SUR,2022-03-25,11,42,42
ORIENTE-SUR,2022-03-26,10,53,42
ORIENTE-SUR,2022-03-27,10,60,50
ORIENTE-SUR,2022-03-28,13,68,51
ORIENTE-SUR,2022-03-29,16,63,44
ORIENTE-SUR,2022-03-30,14,52,42
ORIENTE-SUR,2022-03-31,14,52,37
ORIENTE-SUR,2022-04-01,13,62,53
ORIENTE-SUR,2022-04-02,14,58,63
ORIENTE-SUR,2022-04-03,18,61,64
ORIENTE-SUR,2022-04-04,18,58,58
ORIENTE-SUR,2022-04-05,19,53,47
ORIENTE-SUR,2022-04-06,17,43,42
ORIENTE-SUR,2022-04-07,20,28,32
ORIENTE-SUR,2022-04-08,22,34,35
ORIENTE-SUR,2022-04-09,22,34,47
ORIENTE-SUR,2022-04-10,18,34,44
ORIENTE-SUR,2022-04-11,25,61,54
ORIENTE-SUR,2022-04-12,24,38,48
ORIENTE-SUR,2022-04-13,25,55,36
ORIENTE-SUR,2022-04-14,22,49,35
ORIENTE-SUR,2022-04-15,22,55,43
ORIENTE-SUR,2022-04-16,18,71,45
ORIENTE-SUR,2022-04-17,16,117,54
ORIENTE-SUR,2022-04-18,21,168,57
ORIENTE-SUR,2022-04-19,20,87,42
ORIENTE-SUR,2022-04-20,20,75,30
ORIENTE-SUR,2022-04-21,20,61,21
ORIENTE-SUR,2022-04-22,20,99,25
ORIENTE-SUR,2022-04-23,19,117,36
ORIENTE-SUR,2022-04-24,22,110,41
ORIENTE-SUR,2022-04-25,27,125,55
ORIENTE-SUR,2022-04-26,24,78,45
ORIENTE-SUR,2022-04-27,21,59,40
ORIENTE-SUR,2022-04-28,17,47,38
ORIENTE-SUR,2022-04-29,18,42,54
ORIENTE-SUR,2022-04-30,18,75,60
ORIENTE-SUR,2022-05-01,19,83,67
ORIENTE-SUR,2022-05-02,24,127,76
ORIENTE-SUR,2022-05-03,22,145,79
ORIENTE-SUR,2022-05-04,28,146,64
ORIENTE-SUR,2022-05-05,24,94,51
ORIENTE-SUR,2022-05-06,23,517,52
ORIENTE-SUR,2022-05-07,28,664,59
ORIENTE-SUR,2022-05-08,29,571,55
ORIENTE-SUR,2022-05-09,31,480,67
ORIENTE-SUR,2022-05-10,25,372,60
ORIENTE-SUR,2022-05-11,20,331,59
ORIENTE-SUR,2022-05-12,19,228,44
ORIENTE-SUR,2022-05-13,18,176,45
ORIENTE-SUR,2022-05-14,18,178,51
ORIENTE-SUR,2022-05-15,19,149,50
ORIENTE-SUR,2022-05-16,19,139,60
ORIENTE-SUR,2022-05-17,18,102,54
ORIENTE-SUR,2022-05-18,15,70,38
ORIENTE-SUR,2022-05-19,17,48,32
ORIENTE-SUR,2022-05-20,17,50,45
ORIENTE-SUR,2022-05-21,18,48,60
ORIENTE-SUR,2022-05-22,15,46,48
ORIENTE-SUR,2022-05-23,15,54,53
ORIENTE-SUR,2022-05-24,17,53,40
ORIENTE-SUR,2022-05-25,16,48,38
ORIENTE-SUR,2022-05-26,15,20,38
ORIENTE-SUR,2022-05-27,16,30,57
ORIENTE-SUR,2022-05-28,15,36,56
ORIENTE-SUR,2022-05-29,13,38,60
ORIENTE-SUR,2022-05-30,13,42,57
ORIENTE-SUR,2022-05-31,13,39,50
ORIENTE-SUR,2022-06-01,10,30,45
ORIENTE-SUR,2022-06-02,10,36,46
ORIENTE-SUR,2022-06-03,11,45,63
ORIENTE-SUR,2022-06-04,16,52,75
ORIENTE-SUR,2022-06-05,12,46,70
ORIENTE-SUR,2022-06-06,13,42,70
ORIENTE-SUR,2022-06-07,15,36,65
ORIENTE-SUR,2022-06-08,16,28,58
ORIENTE-SUR,2022-06-09,16,23,44
ORIENTE-SUR,2022-06-10,16,24,41
ORIENTE-SUR,2022-06-11,17,29,48
ORIENTE-SUR,2022-06-12,13,27,44
ORIENTE-SUR,2022-06-13,12,34,59
ORIENTE-SUR,2022-06-14,13,28,40
ORIENTE-SUR,2022-06-15,13,20,25
ORIENTE-SUR,2022-06-16,13,16,22
ORIENTE-SUR,2022-06-17,12,17,30
ORIENTE-SUR,2022-06-18,12,32,41
ORIENTE-SUR,2022-06-19,11,36,39
ORIENTE-SUR,2022-06-20,12,40,51
ORIENTE-SUR,2022-06-21,12,34,42
ORIENTE-SUR,2022-06-22,12,23,35
ORIENTE-SUR,2022-06-23,8,17,30
ORIENTE-SUR,2022-06-24,10,20,36
ORIENTE-SUR,2022-06-25,11,18,38
ORIENTE-SUR,2022-06-26,14,19,37
ORIENTE-SUR,2022-06-27,15,24,36
ORIENTE-SUR,2022-06-28,10,22,44
ORIENTE-SUR,2022-06-29,8,20,36
ORIENTE-SUR,2022-06-30,11,20,29
ORIENTE-SUR,2022-07-01,12,20,35
ORIENTE-SUR,2022-07-02,12,26,47
ORIENTE-SUR,2022-07-03,9,30,53
ORIENTE-SUR,2022-07-04,13,42,60
ORIENTE-SUR,2022-07-05,10,28,52
ORIENTE-SUR,2022-07-06,10,21,44
ORIENTE-SUR,2022-07-07,9,12,36
ORIENTE-SUR,2022-07-08,10,11,34
ORIENTE-SUR,2022-07-09,11,19,50
ORIENTE-SUR,2022-07-10,11,17,51
ORIENTE-SUR,2022-07-11,12,20,58
ORIENTE-SUR,2022-07-12,13,22,46
ORIENTE-SUR,2022-07-13,11,20,37
ORIENTE-SUR,2022-07-14,9,19,34
ORIENTE-SUR,2022-07-15,9,16,37
ORIENTE-SUR,2022-07-16,8,26,53
ORIENTE-SUR,2022-07-17,10,35,49
ORIENTE-SUR,2022-07-18,9,44,50
ORIENTE-SUR,2022-07-19,8,42,39
ORIENTE-SUR,2022-07-20,10,34,35
ORIENTE-SUR,2022-07-21,10,26,29
ORIENTE-SUR,2022-07-22,8,16,24
ORIENTE-SUR,2022-07-23,10,29,45
ORIENTE-SUR,2022-07-24,12,44,55
ORIENTE-SUR,2022-07-25,10,50,62
ORIENTE-SUR,2022-07-26,10,25,40
ORIENTE-SUR,2022-07-27,12,14,32
ORIENTE-SUR,2022-07-28,10,9,27
ORIENTE-SUR,2022-07-29,10,28,56
ORIENTE-SUR,2022-07-30,14,37,88
ORIENTE-SUR,2022-07-31,12,52,103
ORIENTE-SUR,2022-08-01,20,120,124
ORIENTE-SUR,2022-08-02,21,132,131
ORIENTE-SUR,2022-08-03,16,134,126
ORIENTE-SUR,2022-08-04,16,109,93
ORIENTE-SUR,2022-08-05,15,116,104
ORIENTE-SUR,2022-08-06,17,146,105
ORIENTE-SUR,2022-08-07,13,177,98
ORIENTE-SUR,2022-08-08,12,179,102
ORIENTE-SUR,2022-08-09,14,140,85
ORIENTE-SUR,2022-08-10,17,116,68
ORIENTE-SUR,2022-08-11,13,91,39
ORIENTE-SUR,2022-08-12,12,113,58
ORIENTE-SUR,2022-08-13,11,106,87
ORIENTE-SUR,2022-08-14,11,241,83
ORIENTE-SUR,2022-08-15,18,274,97
ORIENTE-SUR,2022-08-16,22,190,93
ORIENTE-SUR,2022-08-17,32,141,69
ORIENTE-SUR,2022-08-18,31,109,58
ORIENTE-SUR,2022-08-19,26,103,67
ORIENTE-SUR,2022-08-20,25,117,80
ORIENTE-SUR,2022-08-21,23,153,94
ORIENTE-SUR,2022-08-22,27,178,100
ORIENTE-SUR,2022-08-23,26,177,99
ORIENTE-SUR,2022-08-24,30,170,75
ORIENTE-SUR,2022-08-25,26,152,69
ORIENTE-SUR,2022-08-26,28,166,83
ORIENTE-SUR,2022-08-27,26,158,86
ORIENTE-SUR,2022-08-28,27,168,89
ORIENTE-SUR,2022-08-29,28,174,95
ORIENTE-SUR,2022-08-30,23,129,91
ORIENTE-SUR,2022-08-31,24,104,82
ORIENTE-SUR,2022-09-01,19,72,58
ORIENTE-SUR,2022-09-02,17,86,71
ORIENTE-SUR,2022-09-03,20,90,66
ORIENTE-SUR,2022-09-04,20,109,76
ORIENTE-SUR,2022-09-05,28,137,91
ORIENTE-SUR,2022-09-06,27,119,76
ORIENTE-SUR,2022-09-07,23,105,61
ORIENTE-SUR,2022-09-08,22,82,60
ORIENTE-SUR,2022-09-09,21,78,65
ORIENTE-SUR,2022-09-10,28,141,97
ORIENTE-SUR,2022-09-11,32,98,65
ORIENTE-SUR,2022-09-12,34,150,71
ORIENTE-SUR,2022-09-13,33,184,67
ORIENTE-SUR,2022-09-14,31,165,70
ORIENTE-SUR,2022-09-15,26,148,56
ORIENTE-SUR,2022-09-16,28,193,75
ORIENTE-SUR,2022-09-17,36,204,87
ORIENTE-SUR,2022-09-18,35,222,83
ORIENTE-SUR,2022-09-19,38,254,86
ORIENTE-SUR,2022-09-20,33,220,71
ORIENTE-SUR,2022-09-21,26,212,69
ORIENTE-SUR,2022-09-22,20,187,60
ORIENTE-SUR,2022-09-23,17,205,70
ORIENTE-SUR,2022-09-24,15,238,75
ORIENTE-SUR,2022-09-25,18,291,92
ORIENTE-SUR,2022-09-26,21,363,91
ORIENTE-SUR,2022-09-27,20,279,81
ORIENTE-SUR,2022-09-28,17,211,81
ORIENTE-SUR,2022-09-29,18,157,76
ORIENTE-SUR,2022-09-30,19,155,93
ORIENTE-SUR,2022-10-01,17,193,110
ORIENTE-SUR,2022-10-02,15,177,106
ORIENTE-SUR,2022-10-03,15,181,114
ORIENTE-SUR,2022-10-04,17,164,104
ORIENTE-SUR,2022-10-05,14,174,96
ORIENTE-SUR,2022-10-06,13,130,72
ORIENTE-SUR,2022-10-07,15,137,74
ORIENTE-SUR,2022-10-08,14,130,86
ORIENTE-SUR,2022-10-09,14,94,85
ORIENTE-SUR,2022-10-10,16,82,73
ORIENTE-SUR,2022-10-11,15,66,70
ORIENTE-SUR,2022-10-12,15,72,58
ORIENTE-SUR,2022-10-13,13,52,58
ORIENTE-SUR,2022-10-14,14,53,69
ORIENTE-SUR,2022-10-15,15,51,81
ORIENTE-SUR,2022-10-16,13,65,88
ORIENTE-SUR,2022-10-17,16,130,102
ORIENTE-SUR,2022-10-18,16,264,108
ORIENTE-SUR,2022-10-19,17,429,88
ORIENTE-SUR,2022-10-20,17,211,83
ORIENTE-SUR,2022-10-21,17,315,91
ORIENTE-SUR,2022-10-22,14,318,87
ORIENTE-SUR,2022-10-23,13,306,81
ORIENTE-SUR,2022-10-24,14,237,85
ORIENTE-SUR,2022-10-25,12,148,70
ORIENTE-SUR,2022-10-26,14,75,62
ORIENTE-SUR,2022-10-27,13,57,46
ORIENTE-SUR,2022-10-28,13,55,59
ORIENTE-SUR,2022-10-29,14,56,59
ORIENTE-SUR,2022-10-30,13,60,65
ORIENTE-SUR,2022-10-31,16,80,77
ORIENTE-SUR,2022-11-01,17,121,79
ORIENTE-SUR,2022-11-02,15,188,83
ORIENTE-SUR,2022-11-03,15,118,86
ORIENTE-SUR,2022-11-04,18,99,87
ORIENTE-SUR,2022-11-05,17,91,92
ORIENTE-SUR,2022-11-06,17,90,80
ORIENTE-SUR,2022-11-07,19,96,79
ORIENTE-SUR,2022-11-08,17,82,58
ORIENTE-SUR,2022-11-09,15,70,59
ORIENTE-SUR,2022-11-10,17,59,50
ORIENTE-SUR,2022-11-11,18,82,62
ORIENTE-SUR,2022-11-12,18,108,73
ORIENTE-SUR,2022-11-13,18,132,82
ORIENTE-SUR,2022-11-14,22,133,86
ORIENTE-SUR,2022-11-15,22,160,73
ORIENTE-SUR,2022-11-16,19,163,77
ORIENTE-SUR,2022-11-17,19,130,65
ORIENTE-SUR,2022-11-18,17,223,73
ORIENTE-SUR,2022-11-19,23,286,73
ORIENTE-SUR,2022-11-20,24,450,81
ORIENTE-SUR,2022-11-21,24,557,101
ORIENTE-SUR,2022-11-22,24,588,95
ORIENTE-SUR,2022-11-23,24,455,95
ORIENTE-SUR,2022-11-24,18,326,82
ORIENTE-SUR,2022-11-25,21,304,90
ORIENTE-SUR,2022-11-26,20,255,97
ORIENTE-SUR,2022-11-27,22,321,102
ORIENTE-SUR,2022-11-28,23,273,97
ORIENTE-SUR,2022-11-29,23,254,82
ORIENTE-SUR,2022-11-30,16,220,67
ORIENTE-SUR,2022-12-01,17,201,67
ORIENTE-SUR,2022-12-02,20,186,86
ORIENTE-SUR,2022-12-03,19,169,100
ORIENTE-SUR,2022-12-04,21,148,89
ORIENTE-SUR,2022-12-05,21,152,84
ORIENTE-SUR,2022-12-06,21,112,70
ORIENTE-SUR,2022-12-07,19,97,59
ORIENTE-SUR,2022-12-08,18,79,56
ORIENTE-SUR,2022-12-09,17,135,66
ORIENTE-SUR,2022-12-10,20,146,70
ORIENTE-SUR,2022-12-11,20,127,69
ORIENTE-SUR,2022-12-12,19,107,63
ORIENTE-SUR,2022-12-13,20,98,53
ORIENTE-SUR,2022-12-14,19,83,44
ORIENTE-SUR,2022-12-15,18,71,28
ORIENTE-SUR,2022-12-16,16,68,41
ORIENTE-SUR,2022-12-17,16,74,50
ORIENTE-SUR,2022-12-18,16,74,65
ORIENTE-SUR,2022-12-19,20,85,63
ORIENTE-SUR,2022-12-20,16,65,54
ORIENTE-SUR,2022-12-21,16,55,57
ORIENTE-SUR,2022-12-22,16,52,61
ORIENTE-SUR,2022-12-23,14,49,51
ORIENTE-SUR,2022-12-24,15,61,44
ORIENTE-SUR,2022-12-25,15,61,62
ORIENTE-SUR,2022-12-26,18,97,77
ORIENTE-SUR,2022-12-27,24,114,73
ORIENTE-SUR,2022-12-28,20,92,61
ORIENTE-SUR,2022-12-29,15,86,45
ORIENTE-SUR,2022-12-30,17,110,54
ORIENTE-SUR,2022-12-31,17,117,56
ORIENTE-SUR,2023-01-01,16,135,71
ORIENTE-SUR,2023-01-02,21,228,94
ORIENTE-SUR,2023-01-03,25,247,101
ORIENTE-SUR,2023-01-04,23,192,80
ORIENTE-SUR,2023-01-05,17,166,64
ORIENTE-SUR,2023-01-06,16,174,79
ORIENTE-SUR,2023-01-07,20,207,91
ORIENTE-SUR,2023-01-08,20,230,86
ORIENTE-SUR,2023-01-09,18,210,83
ORIENTE-SUR,2023-01-10,17,203,70
ORIENTE-SUR,2023-01-11,17,163,67
ORIENTE-SUR,2023-01-12,15,128,72
ORIENTE-SUR,2023-01-13,18,143,91
ORIENTE-SUR,2023-01-14,21,189,110
ORIENTE-SUR,2023-01-15,19,186,94
ORIENTE-SUR,2023-01-16,24,178,120
ORIENTE-SUR,2023-01-17,27,186,139
ORIENTE-SUR,2023-01-18,24,202,150
ORIENTE-SUR,2023-01-19,23,239,145
ORIENTE-SUR,2023-01-20,25,329,200
ORIENTE-SUR,2023-01-21,32,418,226
ORIENTE-SUR,2023-01-22,36,501,232
ORIENTE-SUR,2023-01-23,40,567,269
ORIENTE-SUR,2023-01-24,48,579,245
ORIENTE-SUR,2023-01-25,35,576,252
ORIENTE-SUR,2023-01-26,26,587,245
ORIENTE-SUR,2023-01-27,32,647,286
ORIENTE-SUR,2023-01-28,42,634,294
ORIENTE-SUR,2023-01-29,36,623,290
ORIENTE-SUR,2023-01-30,35,595,318
ORIENTE-SUR,2023-01-31,42,550,295
ORIENTE-SUR,2023-02-01,40,487,274
ORIENTE-SUR,2023-02-02,32,474,252
ORIENTE-SUR,2023-02-03,29,507,284
ORIENTE-SUR,2023-02-04,28,536,299
ORIENTE-SUR,2023-02-05,22,562,298
ORIENTE-SUR,2023-02-06,36,583,294
ORIENTE-SUR,2023-02-07,42,601,290
ORIENTE-SUR,2023-02-08,34,564,270
ORIENTE-SUR,2023-02-09,29,549,243
ORIENTE-SUR,2023-02-10,29,524,229
ORIENTE-SUR,2023-02-11,26,526,236
ORIENTE-SUR,2023-02-12,25,528,239
ORIENTE-SUR,2023-02-13,28,519,232
ORIENTE-SUR,2023-02-14,26,493,219
ORIENTE-SUR,2023-02-15,24,467,229
ORIENTE-SUR,2023-02-16,21,439,217
ORIENTE-SUR,2023-02-17,28,465,224
ORIENTE-SUR,2023-02-18,37,500,228
ORIENTE-SUR,2023-02-19,39,480,188
ORIENTE-SUR,2023-02-20,40,494,202
ORIENTE-SUR,2023-02-21,45,419,178
ORIENTE-SUR,2023-02-22,46,408,163
ORIENTE-SUR,2023-02-23,48,401,165
ORIENTE-SUR,2023-02-24,38,378,194
ORIENTE-SUR,2023-02-25,48,283,191
ORIENTE-SUR,2023-02-26,36,261,186
ORIENTE-SUR,2023-02-27,38,309,186
ORIENTE-SUR,2023-02-28,32,320,195
ORIENTE-SUR,2023-03-01,26,335,180
ORIENTE-SUR,2023-03-02,24,318,172
ORIENTE-SUR,2023-03-03,26,346,203
ORIENTE-SUR,2023-03-04,28,371,254
ORIENTE-SUR,2023-03-05,36,359,271
ORIENTE-SUR,2023-03-06,38,384,267
ORIENTE-SUR,2023-03-07,29,423,250
ORIENTE-SUR,2023-03-08,27,476,250
ORIENTE-SUR,2023-03-09,37,435,211
ORIENTE-SUR,2023-03-10,44,433,198
ORIENTE-SUR,2023-03-11,54,427,192
ORIENTE-SUR,2023-03-12,51,394,159
ORIENTE-SUR,2023-03-13,57,404,163
ORIENTE-SUR,2023-03-14,42,369,169
ORIENTE-SUR,2023-03-15,33,350,143
ORIENTE-SUR,2023-03-16,33,348,123
ORIENTE-SUR,2023-03-17,42,402,175
ORIENTE-SUR,2023-03-18,45,433,195
ORIENTE-SUR,2023-03-19,41,461,207
ORIENTE-SUR,2023-03-20,46,479,227
ORIENTE-SUR,2023-03-21,54,499,244
ORIENTE-SUR,2023-03-22,54,470,215
ORIENTE-SUR,2023-03-23,48,448,194
ORIENTE-SUR,2023-03-24,43,507,185
ORIENTE-SUR,2023-03-25,51,437,211
ORIENTE-SUR,2023-03-26,47,421,219
ORIENTE-SUR,2023-03-27,52,398,207
ORIENTE-SUR,2023-03-28,50,381,200
ORIENTE-SUR,2023-03-29,40,340,192
ORIENTE-SUR,2023-03-30,37,311,177
ORIENTE-SUR,2023-03-31,40,387,203
ORIENTE-SUR,2023-04-01,44,423,225
ORIENTE-SUR,2023-04-02,46,463,234
ORIENTE-SUR,2023-04-03,56,447,206
ORIENTE-SUR,2023-04-04,68,346,199
ORIENTE-SUR,2023-04-05,72,252,197
ORIENTE-SUR,2023-04-06,49,208,176
ORIENTE-SUR,2023-04-07,49,190,174
ORIENTE-SUR,2023-04-08,54,199,180
ORIENTE-SUR,2023-04-09,57,216,181
ORIENTE-SUR,2023-04-10,64,180,160
ORIENTE-SUR,2023-04-11,53,136,113
ORIENTE-SUR,2023-04-12,40,82,79
ORIENTE-SUR,2023-04-13,38,82,66
ORIENTE-SUR,2023-04-14,44,103,80
ORIENTE-SUR,2023-04-15,44,123,90
ORIENTE-SUR,2023-04-16,40,127,96
ORIENTE-SUR,2023-04-17,46,122,99
ORIENTE-SUR,2023-04-18,44,142,101
ORIENTE-SUR,2023-04-19,37,115,130
ORIENTE-SUR,2023-04-20,36,102,97
ORIENTE-SUR,2023-04-21,38,145,112
ORIENTE-SUR,2023-04-22,43,198,120
ORIENTE-SUR,2023-04-23,38,258,134
ORIENTE-SUR,2023-04-24,38,359,137
ORIENTE-SUR,2023-04-25,41,323,154
ORIENTE-SUR,2023-04-26,46,287,136
ORIENTE-SUR,2023-04-27,33,212,104
ORIENTE-SUR,2023-04-28,11,183,85
ORIENTE-SUR,2023-04-29,11,194,93
ORIENTE-SUR,2023-04-30,14,221,115
ORIENTE-SUR,2023-05-01,20,249,136
ORIENTE-SUR,2023-05-02,21,241,141
ORIENTE-SUR,2023-05-03,27,228,136
ORIENTE-SUR,2023-05-04,24,160,94
ORIENTE-SUR,2023-05-05,23,134,85
ORIENTE-SUR,2023-05-06,26,145,82
ORIENTE-SUR,2023-05-07,27,143,87
ORIENTE-SUR,2023-05-08,26,143,89
ORIENTE-SUR,2023-05-09,23,117,83
ORIENTE-SUR,2023-05-10,21,111,64
ORIENTE-SUR,2023-05-11,14,75,59
ORIENTE-SUR,2023-05-12,7,69,51
ORIENTE-SUR,2023-05-13,5,79,55
ORIENTE-SUR,2023-05-14,6,105,57
ORIENTE-SUR,2023-05-15,12,141,72
ORIENTE-SUR,2023-05-16,12,163,85
ORIENTE-SUR,2023-05-17,16,200,94
ORIENTE-SUR,2023-05-18,6,182,78
ORIENTE-SUR,2023-05-19,3,197,85
ORIENTE-SUR,2023-05-20,11,186,80
ORIENTE-SUR,2023-05-21,11,194,68
ORIENTE-SUR,2023-05-22,16,216,58
ORIENTE-SUR,2023-05-23,10,184,50
ORIENTE-SUR,2023-05-24,9,181,61
ORIENTE-SUR,2023-05-25,8,141,47
ORIENTE-SUR,2023-05-26,12,125,44
ORIENTE-SUR,2023-05-27,14,133,69
ORIENTE-SUR,2023-05-28,12,138,79
ORIENTE-SUR,2023-05-29,15,152,72
ORIENTE-SUR,2023-05-30,17,154,76
ORIENTE-SUR,2023-05-31,12,130,67
ORIENTE-SUR,2023-06-01,15,134,59
ORIENTE-SUR,2023-06-02,17,155,88
ORIENTE-SUR,2023-06-03,19,214,93
ORIENTE-SUR,2023-06-04,18,258,132
ORIENTE-SUR,2023-06-05,26,255,151
ORIENTE-SUR,2023-06-06,26,191,142
ORIENTE-SUR,2023-06-07,26,173,135
ORIENTE-SUR,2023-06-08,28,139,116
ORIENTE-SUR,2023-06-09,25,164,134
ORIENTE-SUR,2023-06-10,34,200,149
ORIENTE-SUR,2023-06-11,39,211,162
ORIENTE-SUR,2023-06-12,39,235,184
ORIENTE-SUR,2023-06-13,38,219,174
ORIENTE-SUR,2023-06-14,48,223,163
ORIENTE-SUR,2023-06-15,47,228,162
ORIENTE-SUR,2023-06-16,48,288,200
ORIENTE-SUR,2023-06-17,50,367,241
ORIENTE-SUR,2023-06-18,65,436,273
ORIENTE-SUR,2023-06-19,80,499,309
ORIENTE-SUR,2023-06-20,79,544,308
ORIENTE-SUR,2023-06-21,101,624,344
ORIENTE-SUR,2023-06-22,90,626,310
ORIENTE-SUR,2023-06-23,102,689,330
ORIENTE-SUR,2023-06-24,109,557,278
ORIENTE-SUR,2023-06-25,102,611,304
ORIENTE-SUR,2023-06-26,90,683,339
ORIENTE-SUR,2023-06-27,90,734,348
ORIENTE-SUR,2023-06-28,76,757,347
ORIENTE-SUR,2023-06-29,62,745,322
ORIENTE-SUR,2023-06-30,62,787,353
ORIENTE-SUR,2023-07-01,91,902,426
ORIENTE-SUR,2023-07-02,75,1004,502
ORIENTE-SUR,2023-07-03,137,1080,569
ORIENTE-SUR,2023-07-04,126,1050,555
ORIENTE-SUR,2023-07-05,141,1082,555
ORIENTE-SUR,2023-07-06,83,1094,539
ORIENTE-SUR,2023-07-07,94,1138,540
ORIENTE-SUR,2023-07-08,100,1241,574
ORIENTE-SUR,2023-07-09,106,1300,624
ORIENTE-SUR,2023-07-10,103,1322,638
ORIENTE-SUR,2023-07-11,92,1316,638
ORIENTE-SUR,2023-07-12,91,1276,597
ORIENTE-SUR,2023-07-13,85,1213,521
ORIENTE-SUR,2023-07-14,92,1211,513
ORIENTE-SUR,2023-07-15,125,1277,512
ORIENTE-SUR,2023-07-16,140,1268,522
ORIENTE-SUR,2023-07-17,178,1262,544
ORIENTE-SUR,2023-07-18,165,1201,515
ORIENTE-SUR,2023-07-19,154,1153,440
ORIENTE-SUR,2023-07-20,139,1102,392
ORIENTE-SUR,2023-07-21,145,1112,392
ORIENTE-SUR,2023-07-22,143,1155,399
ORIENTE-SUR,2023-07-23,147,1194,394
ORIENTE-SUR,2023-07-24,72,1207,417
ORIENTE-SUR,2023-07-25,49,1206,422
ORIENTE-SUR,2023-07-26,57,1092,397
ORIENTE-SUR,2023-07-27,48,900,322