DIRECCION,Fecha_Descarga,CDD,Addon,Soportes,Instalaciones,Recolecciones
CENTRO,2021-08-16,1076,1360,561,2095,1546
CENTRO,2021-08-17,1052,1415,622,2260,1452
CENTRO,2021-08-18,1017,1396,809,2469,1473
CENTRO,2021-08-19,1086,1505,841,2627,1556
CENTRO,2021-08-20,1006,1557,777,2719,1675
CENTRO,2021-08-21,1036,1547,769,2848,1622
CENTRO,2021-08-22,929,1444,690,2631,1647
CENTRO,2021-08-23,850,1260,635,2473,1573
CENTRO,2021-08-24,920,1370,753,2798,1473
CENTRO,2021-08-25,1041,1411,732,3066,1537
CENTRO,2021-08-26,1143,1577,732,3267,1647
CENTRO,2021-08-27,1250,1699,712,3434,1632
CENTRO,2021-08-28,1336,1720,679,3584,1657
CENTRO,2021-08-30,1227,1685,739,3058,1621
CENTRO,2021-08-31,1448,2009,896,3359,1506
CENTRO,2021-09-01,1653,2406,1004,3292,1669
CENTRO,2021-09-02,1819,2886,1121,3448,1830
CENTRO,2021-09-03,1956,3258,1208,3696,2031
CENTRO,2021-09-04,2078,3557,1175,3734,2118
CENTRO,2021-09-05,2229,3840,1043,3146,2251
CENTRO,2021-09-06,2306,4000,988,2346,2339
CENTRO,2021-09-07,2261,4153,1376,2906,2661
CENTRO,2021-09-08,2281,4362,1330,3046,2773
CENTRO,2021-09-09,2204,4464,1632,3353,2893
CENTRO,2021-09-10,2116,4579,1317,3423,2978
CENTRO,2021-09-11,2042,4501,1130,3423,3051
CENTRO,2021-09-12,1902,4169,839,3220,3253
CENTRO,2021-09-13,1669,3830,710,2791,3380
CENTRO,2021-09-14,1613,3837,886,2933,3421
CENTRO,2021-09-15,1502,3736,938,3084,3574
CENTRO,2021-09-16,1467,3479,711,2879,3752
CENTRO,2021-09-17,1461,3373,735,2650,4010
CENTRO,2021-09-18,1341,3238,908,3001,4074
CENTRO,2021-09-19,1295,3071,720,2951,4248
CENTRO,2021-09-20,1145,2817,693,2661,4301
CENTRO,2021-09-21,1188,2838,861,3087,4333
CENTRO,2021-09-22,1246,2839,879,3017,4248
CENTRO,2021-09-23,1233,2709,837,2994,4379
CENTRO,2021-09-24,1217,2588,736,2946,4385
CENTRO,2021-09-25,1205,2468,809,3087,4399
CENTRO,2021-09-26,1174,2260,649,2776,4405
CENTRO,2021-09-27,1042,1938,556,2503,4466
CENTRO,2021-09-28,1122,1884,742,2666,4433
CENTRO,2021-09-29,1241,1948,799,2978,4356
CENTRO,2021-09-30,1454,2082,833,2813,4403
CENTRO,2021-10-01,1644,2202,876,2658,4445
CENTRO,2021-10-02,1671,2191,801,2634,4468
CENTRO,2021-10-03,1540,2032,755,2311,4388
CENTRO,2021-10-04,1369,1776,686,1971,4278
CENTRO,2021-10-05,1316,1728,822,1944,4296
CENTRO,2021-10-06,1220,1822,843,2152,4318
CENTRO,2021-10-07,1190,1980,769,2441,4278
CENTRO,2021-10-08,1079,1877,770,2628,4193
CENTRO,2021-10-09,1001,1826,691,2711,4136
CENTRO,2021-10-10,879,1595,548,2743,4061
CENTRO,2021-10-11,749,1481,625,2563,3862
CENTRO,2021-10-12,821,1547,661,2846,3749
CENTRO,2021-10-13,906,1786,724,3129,3748
CENTRO,2021-10-14,933,1875,729,3263,3782
CENTRO,2021-10-15,930,2367,621,3418,3709
CENTRO,2021-10-16,1001,2483,746,3738,3811
CENTRO,2021-10-17,992,2411,670,3569,3801
CENTRO,2021-10-18,846,2145,588,3312,3713
CENTRO,2021-10-19,875,2273,806,3606,3642
CENTRO,2021-10-20,917,2362,807,3911,3709
CENTRO,2021-10-21,964,2449,738,3815,3744
CENTRO,2021-10-22,965,2379,701,3737,3831
CENTRO,2021-10-23,976,2210,685,3770,3771
CENTRO,2021-10-24,871,1883,677,3559,3714
CENTRO,2021-10-25,760,1727,572,3251,3462
CENTRO,2021-10-26,852,2248,674,3392,3289
CENTRO,2021-10-27,1029,2284,772,3570,3322
CENTRO,2021-10-28,1119,2256,736,3742,3292
CENTRO,2021-10-29,1111,2219,770,3904,3085
CENTRO,2021-10-30,1152,2091,735,3837,3137
CENTRO,2021-10-31,1078,1985,665,3260,3145
CENTRO,2021-11-01,997,1785,526,2451,3040
CENTRO,2021-11-02,914,1695,572,2445,2861
CENTRO,2021-11-03,828,1563,558,2231,2882
CENTRO,2021-11-04,854,1488,588,2053,2848
CENTRO,2021-11-05,852,1388,637,2180,2836
CENTRO,2021-11-06,802,1233,555,2255,2739
CENTRO,2021-11-07,618,1053,497,1997,2595
CENTRO,2021-11-08,463,840,439,1679,2275
CENTRO,2021-11-09,564,1050,605,2094,1882
CENTRO,2021-11-10,582,1213,672,2343,1845
CENTRO,2021-11-11,681,1405,665,2949,1804
CENTRO,2021-11-12,794,1449,623,3777,1735
CENTRO,2021-11-13,810,1375,590,4446,1807
CENTRO,2021-11-14,734,1356,550,4937,2062
CENTRO,2021-11-15,649,1469,511,5342,2251
CENTRO,2021-11-16,705,1695,612,5866,2485
CENTRO,2021-11-17,832,2166,788,7144,2762
CENTRO,2021-11-18,1011,2750,716,6693,2939
CENTRO,2021-11-19,1036,2978,632,6793,3042
CENTRO,2021-11-20,1011,2616,655,7008,3133
CENTRO,2021-11-21,937,2454,611,6950,3249
CENTRO,2021-11-22,809,2359,489,6982,3266
CENTRO,2021-11-23,871,2213,664,7200,3044
CENTRO,2021-11-24,923,2278,723,7498,3156
CENTRO,2021-11-25,983,2090,663,7958,3151
CENTRO,2021-11-26,985,1857,709,7996,3139
CENTRO,2021-11-27,1008,1831,662,8142,2979
CENTRO,2021-11-28,949,1805,658,8122,2918
CENTRO,2021-11-29,850,1696,569,8354,2758
CENTRO,2021-11-30,961,1709,814,8238,2660
CENTRO,2021-12-01,1091,1986,869,7320,2739
CENTRO,2021-12-02,1133,2157,834,6964,2933
CENTRO,2021-12-03,1085,2321,785,6442,2987
CENTRO,2021-12-04,1080,2275,795,6099,2813
CENTRO,2021-12-05,980,2164,667,5595,2838
CENTRO,2021-12-06,858,1880,714,5107,2764
CENTRO,2021-12-07,879,2057,861,4876,2637
CENTRO,2021-12-08,929,2122,844,5062,2701
CENTRO,2021-12-09,907,2129,794,4652,2658
CENTRO,2021-12-10,905,2117,795,4518,2587
CENTRO,2021-12-11,875,2016,689,4136,2419
CENTRO,2021-12-12,751,1758,649,3687,2313
CENTRO,2021-12-13,655,1533,520,3366,2263
CENTRO,2021-12-14,693,1535,712,3523,2066
CENTRO,2021-12-15,765,1434,630,3621,2170
CENTRO,2021-12-16,781,1578,726,3534,2117
CENTRO,2021-12-17,837,1635,781,3449,2026
CENTRO,2021-12-18,832,1562,664,3108,1981
CENTRO,2021-12-19,777,1402,611,2810,1923
CENTRO,2021-12-20,748,1327,556,2318,1905
CENTRO,2021-12-21,699,1374,669,2550,1815
CENTRO,2021-12-22,646,1564,670,2541,1617
CENTRO,2021-12-23,585,1447,740,2489,1431
CENTRO,2021-12-24,518,1495,638,2218,1197
CENTRO,2021-12-25,481,1055,393,1705,1068
CENTRO,2021-12-26,445,936,472,1431,1112
CENTRO,2021-12-27,393,771,443,1676,864
CENTRO,2021-12-28,520,818,562,1871,892
CENTRO,2021-12-29,584,846,563,2000,765
CENTRO,2021-12-30,536,873,548,2118,767
CENTRO,2021-12-31,548,871,534,1805,720
CENTRO,2022-01-01,492,750,353,1066,645
CENTRO,2022-01-02,500,722,476,1038,842
CENTRO,2022-01-03,422,602,475,1207,723
CENTRO,2022-01-04,525,727,637,1581,769
CENTRO,2022-01-05,550,726,578,1624,622
CENTRO,2022-01-06,518,656,574,1801,561
CENTRO,2022-01-07,553,810,613,1872,703
CENTRO,2022-01-08,611,868,590,1965,802
CENTRO,2022-01-09,566,916,552,1728,915
CENTRO,2022-01-10,464,879,473,1718,825
CENTRO,2022-01-11,552,877,600,1978,766
CENTRO,2022-01-12,593,912,599,1996,799
CENTRO,2022-01-13,687,1063,607,2075,954
CENTRO,2022-01-14,716,1302,659,2100,985
CENTRO,2022-01-15,841,1289,645,2245,1034
CENTRO,2022-01-16,787,1228,625,2155,991
CENTRO,2022-01-17,676,992,563,1900,1137
CENTRO,2022-01-18,772,1283,816,1947,1143
CENTRO,2022-01-19,741,1448,752,2437,1173
CENTRO,2022-01-20,750,1415,722,2279,1333
CENTRO,2022-01-21,739,1410,618,2228,1334
CENTRO,2022-01-22,785,1369,654,2477,1264
CENTRO,2022-01-23,714,1184,596,2208,1229
CENTRO,2022-01-24,630,909,489,2158,1157
CENTRO,2022-01-25,734,1131,634,2437,1105
CENTRO,2022-01-26,842,1367,710,2674,1246
CENTRO,2022-01-27,965,1381,780,2980,1338
CENTRO,2022-01-28,1103,1450,743,3408,1190
CENTRO,2022-01-29,1173,1619,799,3524,1087
CENTRO,2022-01-30,1141,1626,729,3540,1106
CENTRO,2022-01-31,1040,1429,689,3156,1126
CENTRO,2022-02-01,1133,1668,985,2922,1228
CENTRO,2022-02-02,1177,1844,874,3062,1361
CENTRO,2022-02-03,1133,1819,781,2981,1422
CENTRO,2022-02-04,1083,1679,596,3034,1398
CENTRO,2022-02-05,1039,1508,707,3041,1348
CENTRO,2022-02-06,953,1282,597,2909,1299
CENTRO,2022-02-07,828,1066,581,2724,1191
CENTRO,2022-02-08,823,1211,691,2830,1224
CENTRO,2022-02-09,807,1323,703,2780,1186
CENTRO,2022-02-10,789,1354,704,2792,1201
CENTRO,2022-02-11,825,1354,644,2709,1216
CENTRO,2022-02-12,849,1357,703,3169,1106
CENTRO,2022-02-13,829,1290,593,2741,1101
CENTRO,2022-02-14,701,1065,499,2294,1038
CENTRO,2022-02-15,709,1041,707,2721,915
CENTRO,2022-02-16,768,1156,812,2891,941
CENTRO,2022-02-17,839,1440,859,2711,1085
CENTRO,2022-02-18,891,1409,842,2830,1259
CENTRO,2022-02-19,911,1372,870,2881,1230
CENTRO,2022-02-20,848,1336,737,2778,1179
CENTRO,2022-02-21,741,1094,601,2354,1203
CENTRO,2022-02-22,827,1106,812,2553,1171
CENTRO,2022-02-23,865,1133,745,2730,1112
CENTRO,2022-02-24,957,1115,844,2841,1148
CENTRO,2022-02-25,1048,1145,741,2864,1182
CENTRO,2022-02-26,1133,1060,712,3072,1105
CENTRO,2022-02-27,1048,1056,719,2882,1252
CENTRO,2022-02-28,930,900,653,2559,1211
CENTRO,2022-03-01,1014,1213,767,2472,1229
CENTRO,2022-03-02,1011,1275,788,2510,1252
CENTRO,2022-03-03,989,1294,886,2275,1272
CENTRO,2022-03-04,902,1210,791,2300,1159
CENTRO,2022-03-05,902,1026,663,2346,1045
CENTRO,2022-03-06,751,854,546,2183,1026
CENTRO,2022-03-07,579,669,517,1924,1002
CENTRO,2022-03-08,600,650,635,1835,924
CENTRO,2022-03-09,590,694,635,1896,871
CENTRO,2022-03-10,568,679,665,1857,819
CENTRO,2022-03-11,593,618,610,1839,811
CENTRO,2022-03-12,620,605,633,1960,796
CENTRO,2022-03-13,569,553,553,1751,725
CENTRO,2022-03-14,449,468,477,1493,659
CENTRO,2022-03-15,548,620,611,1772,697
CENTRO,2022-03-16,620,740,878,1846,912
CENTRO,2022-03-17,616,953,897,1959,973
CENTRO,2022-03-18,707,888,825,2160,950
CENTRO,2022-03-19,733,869,753,2382,959
CENTRO,2022-03-20,624,813,633,2215,859
CENTRO,2022-03-21,495,663,578,2043,836
CENTRO,2022-03-22,530,797,666,2091,932
CENTRO,2022-03-23,516,787,530,2332,947
CENTRO,2022-03-24,558,924,795,2486,947
CENTRO,2022-03-25,623,958,636,2597,898
CENTRO,2022-03-26,704,1034,648,2759,961
CENTRO,2022-03-27,634,977,565,2620,1006
CENTRO,2022-03-28,533,707,456,2906,862
CENTRO,2022-03-29,611,744,495,2698,681
CENTRO,2022-03-30,679,781,639,2737,647
CENTRO,2022-03-31,813,954,830,2975,751
CENTRO,2022-04-01,911,986,779,2556,894
CENTRO,2022-04-02,927,913,650,2341,983
CENTRO,2022-04-03,725,816,508,2151,981
CENTRO,2022-04-04,548,616,478,2446,898
CENTRO,2022-04-05,558,624,611,1886,821
CENTRO,2022-04-06,543,620,615,1951,902
CENTRO,2022-04-07,543,627,425,1994,975
CENTRO,2022-04-08,584,784,641,2066,962
CENTRO,2022-04-09,639,939,726,2260,998
CENTRO,2022-04-10,598,1169,657,2038,1046
CENTRO,2022-04-11,509,862,615,1763,951
CENTRO,2022-04-12,651,1208,793,1951,879
CENTRO,2022-04-13,725,1400,838,2129,1019
CENTRO,2022-04-14,743,1579,697,2341,1111
CENTRO,2022-04-15,700,1508,593,2033,1131
CENTRO,2022-04-16,579,986,444,1733,1078
CENTRO,2022-04-17,485,919,462,1525,1004
CENTRO,2022-04-18,402,751,492,1582,813
CENTRO,2022-04-19,494,1154,744,1755,700
CENTRO,2022-04-20,544,1231,816,1807,749
CENTRO,2022-04-21,578,1333,854,1892,874
CENTRO,2022-04-22,641,1730,842,1953,905
CENTRO,2022-04-23,625,1545,833,1985,960
CENTRO,2022-04-24,580,1240,595,1859,953
CENTRO,2022-04-25,481,909,661,1660,1212
CENTRO,2022-04-26,594,1060,917,1826,1024
CENTRO,2022-04-27,645,1238,896,2058,984
CENTRO,2022-04-28,728,1141,809,2117,848
CENTRO,2022-04-29,839,1340,834,2412,766
CENTRO,2022-04-30,946,1567,849,2437,977
CENTRO,2022-05-01,921,1785,763,1556,1272
CENTRO,2022-05-02,741,1384,628,1327,1465
CENTRO,2022-05-03,699,1181,772,1455,1380
CENTRO,2022-05-04,708,1266,850,1601,1243
CENTRO,2022-05-05,697,1536,804,1583,1131
CENTRO,2022-05-06,646,1349,852,1706,1087
NORTE-NORESTE,2021-08-16,971,892,1281,1713,1537
NORTE-NORESTE,2021-08-17,1003,918,1414,1858,1512
NORTE-NORESTE,2021-08-18,1015,945,1575,1960,1548
NORTE-NORESTE,2021-08-19,982,1012,1600,2278,1556
NORTE-NORESTE,2021-08-20,942,1039,1574,2319,1611
NORTE-NORESTE,2021-08-21,932,1047,1592,2375,1650
NORTE-NORESTE,2021-08-22,942,1059,1481,2194,1639
NORTE-NORESTE,2021-08-23,969,1024,1329,1853,1640
NORTE-NORESTE,2021-08-24,976,1031,1371,2197,1619
NORTE-NORESTE,2021-08-25,1031,1079,1371,2489,1689
NORTE-NORESTE,2021-08-26,1095,1112,1338,2717,1715
NORTE-NORESTE,2021-08-27,1180,1120,1295,2933,1717
NORTE-NORESTE,2021-08-28,1225,1131,1259,3152,1797
NORTE-NORESTE,2021-08-30,1264,1168,1244,2376,1849
NORTE-NORESTE,2021-08-31,1363,1214,1350,2695,1856
NORTE-NORESTE,2021-09-01,1442,1337,1427,2833,1968
NORTE-NORESTE,2021-09-02,1458,1469,1436,3210,2017
NORTE-NORESTE,2021-09-03,1461,1526,1396,3564,2089
NORTE-NORESTE,2021-09-04,1536,1602,1570,3622,2109
NORTE-NORESTE,2021-09-05,1657,1769,1544,3147,2191
NORTE-NORESTE,2021-09-06,1703,1801,1325,2518,2264
NORTE-NORESTE,2021-09-07,1691,1751,1473,3034,2284
NORTE-NORESTE,2021-09-08,1675,1792,1434,3143,2350
NORTE-NORESTE,2021-09-09,1606,1847,1531,3557,2416
NORTE-NORESTE,2021-09-10,1588,1925,1501,3672,2518
NORTE-NORESTE,2021-09-11,1535,1966,1300,3672,2596
NORTE-NORESTE,2021-09-12,1544,1907,1144,3238,2668
NORTE-NORESTE,2021-09-13,1508,1906,1043,2680,2703
NORTE-NORESTE,2021-09-14,1484,1946,1098,2915,2687
NORTE-NORESTE,2021-09-15,1432,1964,1104,3001,2771
NORTE-NORESTE,2021-09-16,1458,2001,1063,2985,2762
NORTE-NORESTE,2021-09-17,1475,2092,916,2883,2844
NORTE-NORESTE,2021-09-18,1537,2138,949,2998,2877
NORTE-NORESTE,2021-09-19,1515,2117,814,2687,2886
NORTE-NORESTE,2021-09-20,1468,2055,719,2354,2909
NORTE-NORESTE,2021-09-21,1487,2104,877,2659,2978
NORTE-NORESTE,2021-09-22,1487,2142,977,2681,3065
NORTE-NORESTE,2021-09-23,1327,2209,1021,2788,3157
NORTE-NORESTE,2021-09-24,1195,2203,1261,2873,3252
NORTE-NORESTE,2021-09-25,1103,2201,1258,2972,3294
NORTE-NORESTE,2021-09-26,1062,2195,1091,2627,3349
NORTE-NORESTE,2021-09-27,1034,2202,1062,2242,3347
NORTE-NORESTE,2021-09-28,1006,2254,1189,2544,3405
NORTE-NORESTE,2021-09-29,1020,2286,1162,2852,3476
NORTE-NORESTE,2021-09-30,1028,2332,1189,3114,3570
NORTE-NORESTE,2021-10-01,995,2393,1310,3079,3662
NORTE-NORESTE,2021-10-02,1012,2373,1400,3040,3709
NORTE-NORESTE,2021-10-03,1021,2411,1268,2804,3671
NORTE-NORESTE,2021-10-04,970,2414,1005,2394,3697
NORTE-NORESTE,2021-10-05,992,2418,1047,2330,3796
NORTE-NORESTE,2021-10-06,870,2429,1230,2619,3867
NORTE-NORESTE,2021-10-07,754,2514,1249,2828,3932
NORTE-NORESTE,2021-10-08,668,2524,1274,2875,3930
NORTE-NORESTE,2021-10-09,639,2539,1224,2984,4038
NORTE-NORESTE,2021-10-10,608,2505,1075,2613,4067
NORTE-NORESTE,2021-10-11,585,2500,1077,2108,4112
NORTE-NORESTE,2021-10-12,636,2458,1182,2324,4114
NORTE-NORESTE,2021-10-13,598,2017,1349,2463,4121
NORTE-NORESTE,2021-10-14,610,1953,1440,2599,4193
NORTE-NORESTE,2021-10-15,544,1997,1433,2741,4186
NORTE-NORESTE,2021-10-16,560,2071,1414,2785,4312
NORTE-NORESTE,2021-10-17,569,2111,1315,2516,4183
NORTE-NORESTE,2021-10-18,562,2090,1092,2167,4167
NORTE-NORESTE,2021-10-19,575,2094,1172,2385,4153
NORTE-NORESTE,2021-10-20,538,1805,1124,2625,4239
NORTE-NORESTE,2021-10-21,543,1741,1063,2683,4301
NORTE-NORESTE,2021-10-22,536,1667,960,2688,4325
NORTE-NORESTE,2021-10-23,534,1699,946,2604,4369
NORTE-NORESTE,2021-10-24,482,1658,837,2150,4397
NORTE-NORESTE,2021-10-25,443,1627,750,1911,4391
NORTE-NORESTE,2021-10-26,517,1597,859,2104,4324
NORTE-NORESTE,2021-10-27,563,1579,1017,2287,4398
NORTE-NORESTE,2021-10-28,555,1621,1038,2402,4436
NORTE-NORESTE,2021-10-29,535,1525,1038,2552,4334
NORTE-NORESTE,2021-10-30,570,1484,1000,2374,4391
NORTE-NORESTE,2021-10-31,579,1492,869,1993,4439
NORTE-NORESTE,2021-11-01,563,1441,738,1387,4429
NORTE-NORESTE,2021-11-02,588,1399,903,1679,4428
NORTE-NORESTE,2021-11-03,584,1409,922,1754,4398
NORTE-NORESTE,2021-11-04,594,1421,894,1883,4409
NORTE-NORESTE,2021-11-05,578,1396,1012,2106,4425
NORTE-NORESTE,2021-11-06,546,1314,646,2185,4399
NORTE-NORESTE,2021-11-07,520,1322,820,1872,4380
NORTE-NORESTE,2021-11-08,488,1246,670,1372,4366
NORTE-NORESTE,2021-11-09,480,1115,800,1825,4207
NORTE-NORESTE,2021-11-10,495,1079,1007,2011,4196
NORTE-NORESTE,2021-11-11,524,1114,927,2154,4118
NORTE-NORESTE,2021-11-12,511,1162,878,2508,4065
NORTE-NORESTE,2021-11-13,525,1109,965,2406,4033
NORTE-NORESTE,2021-11-14,534,1185,896,2186,4092
NORTE-NORESTE,2021-11-15,532,1195,815,1905,4097
NORTE-NORESTE,2021-11-16,553,1321,852,2078,4096
NORTE-NORESTE,2021-11-17,565,1420,966,2169,4155
NORTE-NORESTE,2021-11-18,588,1637,1027,2171,4250
NORTE-NORESTE,2021-11-19,622,1723,901,2174,3754
NORTE-NORESTE,2021-11-20,603,1684,836,2210,3757
NORTE-NORESTE,2021-11-21,630,1813,773,1904,3786
NORTE-NORESTE,2021-11-22,587,1726,593,1496,3815
NORTE-NORESTE,2021-11-23,579,1702,719,1717,3766
NORTE-NORESTE,2021-11-24,555,1717,809,1752,3819
NORTE-NORESTE,2021-11-25,533,1495,831,1892,3774
NORTE-NORESTE,2021-11-26,534,1404,813,2039,3769
NORTE-NORESTE,2021-11-27,542,1302,772,1991,3822
NORTE-NORESTE,2021-11-28,510,1192,788,1843,3825
NORTE-NORESTE,2021-11-29,498,1163,695,1600,3756
NORTE-NORESTE,2021-11-30,521,1140,825,1885,3743
NORTE-NORESTE,2021-12-01,555,1252,912,1717,3839
NORTE-NORESTE,2021-12-02,618,1342,967,1916,3829
NORTE-NORESTE,2021-12-03,630,1387,1007,1829,3874
NORTE-NORESTE,2021-12-04,626,1263,977,1869,3844
NORTE-NORESTE,2021-12-05,562,1172,869,1691,3768
NORTE-NORESTE,2021-12-06,518,1113,871,1491,3651
NORTE-NORESTE,2021-12-07,534,1234,1018,1759,3529
NORTE-NORESTE,2021-12-08,510,1226,961,1860,3537
NORTE-NORESTE,2021-12-09,513,1294,1000,2024,3474
NORTE-NORESTE,2021-12-10,507,1227,1001,2193,3023
NORTE-NORESTE,2021-12-11,466,1176,1036,2100,2924
NORTE-NORESTE,2021-12-12,462,1182,931,1748,2942
NORTE-NORESTE,2021-12-13,442,1165,785,1463,2950
NORTE-NORESTE,2021-12-14,462,1253,879,1800,2874
NORTE-NORESTE,2021-12-15,476,1298,1160,2061,2871
NORTE-NORESTE,2021-12-16,488,1448,1391,2125,2768
NORTE-NORESTE,2021-12-17,530,1587,1504,2264,2713
NORTE-NORESTE,2021-12-18,570,1663,1358,2231,2725
NORTE-NORESTE,2021-12-19,590,1651,1135,1897,2726
NORTE-NORESTE,2021-12-20,553,1603,1056,1605,2716
NORTE-NORESTE,2021-12-21,550,1702,1090,1949,2637
NORTE-NORESTE,2021-12-22,516,1684,1163,2001,2510
NORTE-NORESTE,2021-12-23,481,1381,1122,2014,2408
NORTE-NORESTE,2021-12-24,453,1214,1059,1940,2132
NORTE-NORESTE,2021-12-25,451,1029,859,1405,2103
NORTE-NORESTE,2021-12-26,419,977,884,1229,2108
NORTE-NORESTE,2021-12-27,377,931,813,1299,2073
NORTE-NORESTE,2021-12-28,391,1005,959,1869,2098
NORTE-NORESTE,2021-12-29,414,898,1012,2122,1607
NORTE-NORESTE,2021-12-30,451,933,1021,2194,1483
NORTE-NORESTE,2021-12-31,460,901,1133,2110,1428
NORTE-NORESTE,2022-01-01,477,808,1131,1355,1419
NORTE-NORESTE,2022-01-02,501,818,1441,1197,1491
NORTE-NORESTE,2022-01-03,481,810,1400,1223,1502
NORTE-NORESTE,2022-01-04,580,997,1581,2008,1542
NORTE-NORESTE,2022-01-05,613,1050,1447,2336,1267
NORTE-NORESTE,2022-01-06,673,1094,1381,2701,1240
NORTE-NORESTE,2022-01-07,689,1171,1332,2794,1295
NORTE-NORESTE,2022-01-08,760,1353,1433,2848,1339
NORTE-NORESTE,2022-01-09,797,1491,1486,2521,1456
NORTE-NORESTE,2022-01-10,804,1499,1365,2231,1532
NORTE-NORESTE,2022-01-11,777,1553,1468,2520,1488
NORTE-NORESTE,2022-01-12,769,1545,1424,2538,1561
NORTE-NORESTE,2022-01-13,751,1545,1309,2783,1622
NORTE-NORESTE,2022-01-14,765,1532,1278,3014,1624
NORTE-NORESTE,2022-01-15,807,1551,1238,3293,1672
NORTE-NORESTE,2022-01-16,855,1554,1285,2948,1661
NORTE-NORESTE,2022-01-17,835,1570,1240,2571,1670
NORTE-NORESTE,2022-01-18,872,1640,1397,2848,1655
NORTE-NORESTE,2022-01-19,861,1631,1405,3177,1443
NORTE-NORESTE,2022-01-20,832,1672,1485,3458,1494
NORTE-NORESTE,2022-01-21,841,1687,1423,3580,1537
NORTE-NORESTE,2022-01-22,858,1688,1385,3698,1541
NORTE-NORESTE,2022-01-23,866,1705,1430,3311,1592
NORTE-NORESTE,2022-01-24,887,1723,1259,3031,1599
NORTE-NORESTE,2022-01-25,856,1807,1381,3365,1631
NORTE-NORESTE,2022-01-26,854,1767,1387,3631,1776
NORTE-NORESTE,2022-01-27,892,1833,1221,3846,1704
NORTE-NORESTE,2022-01-28,927,1751,1104,4165,1671
NORTE-NORESTE,2022-01-29,932,1650,975,4366,1617
NORTE-NORESTE,2022-01-30,916,1607,1002,4160,1596
NORTE-NORESTE,2022-01-31,895,1583,944,3693,1627
NORTE-NORESTE,2022-02-01,896,1537,1135,3762,1654
NORTE-NORESTE,2022-02-02,892,1510,1191,4074,1670
NORTE-NORESTE,2022-02-03,822,1491,1089,4269,1730
NORTE-NORESTE,2022-02-04,792,1389,1009,4250,1632
NORTE-NORESTE,2022-02-05,784,1259,968,4251,1655
NORTE-NORESTE,2022-02-06,750,1216,910,3922,1472
NORTE-NORESTE,2022-02-07,735,1174,807,3500,1498
NORTE-NORESTE,2022-02-08,741,1257,991,3659,1534
NORTE-NORESTE,2022-02-09,740,1311,1018,3785,1614
NORTE-NORESTE,2022-02-10,741,1242,1002,4002,1650
NORTE-NORESTE,2022-02-11,720,1219,971,3803,1629
NORTE-NORESTE,2022-02-12,731,1207,926,4148,1577
NORTE-NORESTE,2022-02-13,729,1201,947,3827,1545
NORTE-NORESTE,2022-02-14,708,1127,805,3149,1497
NORTE-NORESTE,2022-02-15,696,1071,912,3497,1496
NORTE-NORESTE,2022-02-16,680,1060,938,3697,1540
NORTE-NORESTE,2022-02-17,699,1060,1013,3812,1500
NORTE-NORESTE,2022-02-18,716,1132,987,3907,1524
NORTE-NORESTE,2022-02-19,701,1058,1015,3705,1403
NORTE-NORESTE,2022-02-20,704,1018,876,3353,1347
NORTE-NORESTE,2022-02-21,653,956,795,3001,1357
NORTE-NORESTE,2022-02-22,684,1032,944,3358,1202
NORTE-NORESTE,2022-02-23,716,1048,998,3463,1143
NORTE-NORESTE,2022-02-24,677,1026,1020,3717,1154
NORTE-NORESTE,2022-02-25,702,1032,876,3722,1149
NORTE-NORESTE,2022-02-26,736,931,880,3654,1080
NORTE-NORESTE,2022-02-27,756,912,837,3207,1178
NORTE-NORESTE,2022-02-28,708,844,810,2891,1102
NORTE-NORESTE,2022-03-01,763,911,927,3084,1054
NORTE-NORESTE,2022-03-02,760,931,964,3337,1101
NORTE-NORESTE,2022-03-03,745,925,1218,3413,1108
NORTE-NORESTE,2022-03-04,676,925,1074,3609,1132
NORTE-NORESTE,2022-03-05,665,975,1158,3746,1077
NORTE-NORESTE,2022-03-06,649,994,829,3476,1086
NORTE-NORESTE,2022-03-07,618,955,1059,3032,1107
NORTE-NORESTE,2022-03-08,523,994,1088,2929,1019
NORTE-NORESTE,2022-03-09,492,1030,982,3160,1016
NORTE-NORESTE,2022-03-10,460,950,983,3289,994
NORTE-NORESTE,2022-03-11,476,867,972,3350,997
NORTE-NORESTE,2022-03-12,452,802,985,3338,976
NORTE-NORESTE,2022-03-13,382,792,1025,2920,912
NORTE-NORESTE,2022-03-14,341,714,802,2575,925
NORTE-NORESTE,2022-03-15,399,793,962,2764,925
NORTE-NORESTE,2022-03-16,388,848,1011,2812,1001
NORTE-NORESTE,2022-03-17,407,828,1038,2953,977
NORTE-NORESTE,2022-03-18,447,831,1111,3105,893
NORTE-NORESTE,2022-03-19,437,863,1010,2801,979
NORTE-NORESTE,2022-03-20,395,832,920,2539,898
NORTE-NORESTE,2022-03-21,345,754,703,2097,888
NORTE-NORESTE,2022-03-22,390,937,942,2044,904
NORTE-NORESTE,2022-03-23,404,994,936,2263,970
NORTE-NORESTE,2022-03-24,404,987,970,2319,940
NORTE-NORESTE,2022-03-25,435,1030,975,2494,936
NORTE-NORESTE,2022-03-26,464,1009,1024,2578,985
NORTE-NORESTE,2022-03-27,464,1012,922,2227,1003
NORTE-NORESTE,2022-03-28,443,992,811,2521,924
NORTE-NORESTE,2022-03-29,492,960,898,1931,806
NORTE-NORESTE,2022-03-30,499,999,888,2084,799
NORTE-NORESTE,2022-03-31,561,929,1150,2125,754
NORTE-NORESTE,2022-04-01,630,947,1082,1984,630
NORTE-NORESTE,2022-04-02,605,966,998,1918,733
NORTE-NORESTE,2022-04-03,578,999,929,1748,754
NORTE-NORESTE,2022-04-04,495,918,782,2252,736
NORTE-NORESTE,2022-04-05,530,937,899,1639,657
NORTE-NORESTE,2022-04-06,533,1005,1004,1858,737
NORTE-NORESTE,2022-04-07,499,1032,963,2077,697
NORTE-NORESTE,2022-04-08,511,1085,1151,2279,725
NORTE-NORESTE,2022-04-09,548,1183,1061,2377,726
NORTE-NORESTE,2022-04-10,520,1211,956,2289,702
NORTE-NORESTE,2022-04-11,461,1129,785,1861,639
NORTE-NORESTE,2022-04-12,532,1215,1032,2096,620
NORTE-NORESTE,2022-04-13,528,1319,1080,2461,673
NORTE-NORESTE,2022-04-14,549,1385,1103,2561,713
NORTE-NORESTE,2022-04-15,584,1452,922,2391,688
NORTE-NORESTE,2022-04-16,524,1332,805,2089,660
NORTE-NORESTE,2022-04-17,503,1319,663,1788,667
NORTE-NORESTE,2022-04-18,429,1205,700,1566,636
NORTE-NORESTE,2022-04-19,447,1423,1055,1956,637
NORTE-NORESTE,2022-04-20,437,1541,982,2201,640
NORTE-NORESTE,2022-04-21,471,1524,1056,2279,711
NORTE-NORESTE,2022-04-22,486,1891,1084,2403,708
NORTE-NORESTE,2022-04-23,545,1892,1103,2279,744
NORTE-NORESTE,2022-04-24,509,1725,923,2000,734
NORTE-NORESTE,2022-04-25,425,1602,715,1694,821
NORTE-NORESTE,2022-04-26,481,1596,1000,1934,749
NORTE-NORESTE,2022-04-27,502,2141,1019,2502,751
NORTE-NORESTE,2022-04-28,497,2086,986,2683,746
NORTE-NORESTE,2022-04-29,512,2027,1088,2899,689
NORTE-NORESTE,2022-04-30,582,2007,981,3100,859
NORTE-NORESTE,2022-05-01,570,1995,983,2311,966
NORTE-NORESTE,2022-05-02,557,1850,949,1952,1016
NORTE-NORESTE,2022-05-03,578,1665,1001,2387,1004
NORTE-NORESTE,2022-05-04,556,1303,1043,2601,995
NORTE-NORESTE,2022-05-05,543,1454,906,2581,979
NORTE-NORESTE,2022-05-06,469,1338,998,2741,902
OCCIDENTE-BAJIO,2021-08-16,670,941,1252,1646,2429
OCCIDENTE-BAJIO,2021-08-17,713,1001,1183,1793,2389
OCCIDENTE-BAJIO,2021-08-18,740,1060,1326,1870,2417
OCCIDENTE-BAJIO,2021-08-19,759,1113,1446,2093,2525
OCCIDENTE-BAJIO,2021-08-20,743,1185,1501,2243,2539
OCCIDENTE-BAJIO,2021-08-21,799,1216,1471,2270,2549
OCCIDENTE-BAJIO,2021-08-22,773,1130,1166,2062,2562
OCCIDENTE-BAJIO,2021-08-23,762,1139,1084,1887,2543
OCCIDENTE-BAJIO,2021-08-24,763,1159,1083,2116,2570
OCCIDENTE-BAJIO,2021-08-25,809,1200,1134,2246,2687
OCCIDENTE-BAJIO,2021-08-26,843,1251,1254,2340,2783
OCCIDENTE-BAJIO,2021-08-27,868,1295,1248,2528,2859
OCCIDENTE-BAJIO,2021-08-28,900,1326,1203,2547,2904
OCCIDENTE-BAJIO,2021-08-30,901,1312,1169,2090,2888
OCCIDENTE-BAJIO,2021-08-31,970,1410,1363,2212,2798
OCCIDENTE-BAJIO,2021-09-01,1045,1497,1501,2179,2881
OCCIDENTE-BAJIO,2021-09-02,1083,1584,1475,2337,2975
OCCIDENTE-BAJIO,2021-09-03,1112,1638,1553,2462,3166
OCCIDENTE-BAJIO,2021-09-04,1157,1720,1618,2530,3206
OCCIDENTE-BAJIO,2021-09-05,1198,1811,1434,2049,3296
OCCIDENTE-BAJIO,2021-09-06,1243,1882,1415,1653,3327
OCCIDENTE-BAJIO,2021-09-07,1187,1894,1596,1838,3333
OCCIDENTE-BAJIO,2021-09-08,1172,1913,1718,1858,3450
OCCIDENTE-BAJIO,2021-09-09,1083,1960,1873,1903,3545
OCCIDENTE-BAJIO,2021-09-10,1039,2018,1947,2008,3615
OCCIDENTE-BAJIO,2021-09-11,986,1980,1994,2008,3683
OCCIDENTE-BAJIO,2021-09-12,912,1895,1770,1711,3759
OCCIDENTE-BAJIO,2021-09-13,874,1841,1571,1458,3771
OCCIDENTE-BAJIO,2021-09-14,901,1841,1843,1545,3708
OCCIDENTE-BAJIO,2021-09-15,904,1892,1757,1617,3803
OCCIDENTE-BAJIO,2021-09-16,887,1911,1745,1653,3882
OCCIDENTE-BAJIO,2021-09-17,863,1847,1434,1587,3903
OCCIDENTE-BAJIO,2021-09-18,906,1819,1532,1743,3970
OCCIDENTE-BAJIO,2021-09-19,893,1729,1239,1597,3915
OCCIDENTE-BAJIO,2021-09-20,903,1650,1123,1410,3935
OCCIDENTE-BAJIO,2021-09-21,924,1684,1302,1679,3926
OCCIDENTE-BAJIO,2021-09-22,901,1633,1459,1709,3943
OCCIDENTE-BAJIO,2021-09-23,901,1613,1288,1768,3999
OCCIDENTE-BAJIO,2021-09-24,888,1599,1344,1844,4023
OCCIDENTE-BAJIO,2021-09-25,877,1571,1283,1854,4077
OCCIDENTE-BAJIO,2021-09-26,820,1467,1226,1612,4117
OCCIDENTE-BAJIO,2021-09-27,765,1424,1230,1343,4047
OCCIDENTE-BAJIO,2021-09-28,815,1401,1317,1513,4015
OCCIDENTE-BAJIO,2021-09-29,807,1386,1329,1725,4007
OCCIDENTE-BAJIO,2021-09-30,785,1432,1412,1804,4080
OCCIDENTE-BAJIO,2021-10-01,823,1492,1786,1526,4118
OCCIDENTE-BAJIO,2021-10-02,851,1467,1654,1636,4168
OCCIDENTE-BAJIO,2021-10-03,839,1407,1351,1466,4158
OCCIDENTE-BAJIO,2021-10-04,821,1397,1218,1256,4171
OCCIDENTE-BAJIO,2021-10-05,840,1411,1138,1322,4259
OCCIDENTE-BAJIO,2021-10-06,836,1395,1121,1409,4267
OCCIDENTE-BAJIO,2021-10-07,793,1343,1153,1469,4295
OCCIDENTE-BAJIO,2021-10-08,765,1320,1246,1566,4313
OCCIDENTE-BAJIO,2021-10-09,751,1210,1155,1676,4353
OCCIDENTE-BAJIO,2021-10-10,669,1080,913,1438,4395
OCCIDENTE-BAJIO,2021-10-11,597,1051,762,1197,4383
OCCIDENTE-BAJIO,2021-10-12,539,1047,990,1364,4419
OCCIDENTE-BAJIO,2021-10-13,567,1089,1069,1433,4496
OCCIDENTE-BAJIO,2021-10-14,601,1124,924,1418,4586
OCCIDENTE-BAJIO,2021-10-15,580,1291,948,1461,4603
OCCIDENTE-BAJIO,2021-10-16,590,1274,914,1464,4678
OCCIDENTE-BAJIO,2021-10-17,534,1190,753,1240,4700
OCCIDENTE-BAJIO,2021-10-18,459,1066,776,1058,4695
OCCIDENTE-BAJIO,2021-10-19,473,1083,828,1202,4693
OCCIDENTE-BAJIO,2021-10-20,460,1064,825,1267,4709
OCCIDENTE-BAJIO,2021-10-21,445,1102,843,1296,4707
OCCIDENTE-BAJIO,2021-10-22,422,972,811,1319,4716
OCCIDENTE-BAJIO,2021-10-23,391,878,861,1315,4702
OCCIDENTE-BAJIO,2021-10-24,354,714,657,1018,4666
OCCIDENTE-BAJIO,2021-10-25,306,645,542,874,4585
OCCIDENTE-BAJIO,2021-10-26,316,719,690,1024,4464
OCCIDENTE-BAJIO,2021-10-27,357,730,746,1137,4546
OCCIDENTE-BAJIO,2021-10-28,383,699,844,1142,4545
OCCIDENTE-BAJIO,2021-10-29,394,668,763,1230,4467
OCCIDENTE-BAJIO,2021-10-30,445,657,755,1226,4454
OCCIDENTE-BAJIO,2021-10-31,392,631,630,1058,4498
OCCIDENTE-BAJIO,2021-11-01,306,544,487,757,4482
OCCIDENTE-BAJIO,2021-11-02,326,564,636,870,4466
OCCIDENTE-BAJIO,2021-11-03,311,545,636,818,4483
OCCIDENTE-BAJIO,2021-11-04,305,574,709,902,4531
OCCIDENTE-BAJIO,2021-11-05,327,592,669,999,4560
OCCIDENTE-BAJIO,2021-11-06,322,582,635,1089,4538
OCCIDENTE-BAJIO,2021-11-07,288,672,599,936,4529
OCCIDENTE-BAJIO,2021-11-08,235,582,428,802,4419
OCCIDENTE-BAJIO,2021-11-09,285,671,586,910,4352
OCCIDENTE-BAJIO,2021-11-10,302,766,576,990,4404
OCCIDENTE-BAJIO,2021-11-11,316,792,640,1100,4397
OCCIDENTE-BAJIO,2021-11-12,344,846,658,1236,4390
OCCIDENTE-BAJIO,2021-11-13,349,730,586,1266,4406
OCCIDENTE-BAJIO,2021-11-14,306,670,521,1111,4395
OCCIDENTE-BAJIO,2021-11-15,269,635,487,1039,4455
OCCIDENTE-BAJIO,2021-11-16,227,587,464,1278,4422
OCCIDENTE-BAJIO,2021-11-17,272,709,710,1580,4451
OCCIDENTE-BAJIO,2021-11-18,348,944,923,1365,4535
OCCIDENTE-BAJIO,2021-11-19,376,966,1069,1390,3805
OCCIDENTE-BAJIO,2021-11-20,368,905,1082,1406,3757
OCCIDENTE-BAJIO,2021-11-21,372,908,882,1315,3797
OCCIDENTE-BAJIO,2021-11-22,337,836,813,1207,3808
OCCIDENTE-BAJIO,2021-11-23,368,791,916,1379,3717
OCCIDENTE-BAJIO,2021-11-24,382,750,941,1495,3764
OCCIDENTE-BAJIO,2021-11-25,399,761,946,1708,3744
OCCIDENTE-BAJIO,2021-11-26,398,758,1053,1868,3724
OCCIDENTE-BAJIO,2021-11-27,388,758,937,1948,3670
OCCIDENTE-BAJIO,2021-11-28,356,763,761,1879,3707
OCCIDENTE-BAJIO,2021-11-29,342,677,685,1846,3665
OCCIDENTE-BAJIO,2021-11-30,364,731,848,1932,3593
OCCIDENTE-BAJIO,2021-12-01,402,794,858,1777,3665
OCCIDENTE-BAJIO,2021-12-02,426,853,974,1752,3759
OCCIDENTE-BAJIO,2021-12-03,478,943,1004,1632,3758
OCCIDENTE-BAJIO,2021-12-04,498,1012,979,1511,3731
OCCIDENTE-BAJIO,2021-12-05,425,972,816,1256,3678
OCCIDENTE-BAJIO,2021-12-06,374,849,723,1043,3710
OCCIDENTE-BAJIO,2021-12-07,348,856,769,1222,3606
OCCIDENTE-BAJIO,2021-12-08,337,819,796,1202,3702
OCCIDENTE-BAJIO,2021-12-09,347,833,799,1206,3705
OCCIDENTE-BAJIO,2021-12-10,361,795,756,1251,3144
OCCIDENTE-BAJIO,2021-12-11,336,736,675,1241,3155
OCCIDENTE-BAJIO,2021-12-12,295,609,582,1093,3177
OCCIDENTE-BAJIO,2021-12-13,267,510,475,872,3183
OCCIDENTE-BAJIO,2021-12-14,295,527,566,1027,3052
OCCIDENTE-BAJIO,2021-12-15,306,600,732,1203,3021
OCCIDENTE-BAJIO,2021-12-16,328,688,864,1461,2887
OCCIDENTE-BAJIO,2021-12-17,345,767,912,1563,2831
OCCIDENTE-BAJIO,2021-12-18,364,865,890,1567,2810
OCCIDENTE-BAJIO,2021-12-19,346,812,773,1288,2771
OCCIDENTE-BAJIO,2021-12-20,297,661,773,1218,2734
OCCIDENTE-BAJIO,2021-12-21,315,680,922,1424,2604
OCCIDENTE-BAJIO,2021-12-22,318,704,904,1478,2464
OCCIDENTE-BAJIO,2021-12-23,319,661,1041,1511,2348
OCCIDENTE-BAJIO,2021-12-24,302,554,863,1485,1846
OCCIDENTE-BAJIO,2021-12-25,262,452,667,1224,1734
OCCIDENTE-BAJIO,2021-12-26,248,434,626,1118,1710
OCCIDENTE-BAJIO,2021-12-27,243,399,584,1107,1587
OCCIDENTE-BAJIO,2021-12-28,272,438,666,1447,1668
OCCIDENTE-BAJIO,2021-12-29,297,455,657,1496,1259
OCCIDENTE-BAJIO,2021-12-30,292,462,587,1494,1245
OCCIDENTE-BAJIO,2021-12-31,285,475,554,1412,1197
OCCIDENTE-BAJIO,2022-01-01,255,374,395,1097,1123
OCCIDENTE-BAJIO,2022-01-02,253,332,476,983,1170
OCCIDENTE-BAJIO,2022-01-03,229,255,464,938,1031
OCCIDENTE-BAJIO,2022-01-04,283,338,618,1308,1025
OCCIDENTE-BAJIO,2022-01-05,357,391,688,1446,740
OCCIDENTE-BAJIO,2022-01-06,344,376,648,1621,640
OCCIDENTE-BAJIO,2022-01-07,354,396,728,1656,759
OCCIDENTE-BAJIO,2022-01-08,389,441,813,1669,789
OCCIDENTE-BAJIO,2022-01-09,349,462,756,1345,792
OCCIDENTE-BAJIO,2022-01-10,307,399,611,1232,746
OCCIDENTE-BAJIO,2022-01-11,346,430,885,1454,735
OCCIDENTE-BAJIO,2022-01-12,359,536,927,1456,779
OCCIDENTE-BAJIO,2022-01-13,414,619,951,1438,922
OCCIDENTE-BAJIO,2022-01-14,437,690,929,1553,915
OCCIDENTE-BAJIO,2022-01-15,450,737,930,1687,943
OCCIDENTE-BAJIO,2022-01-16,453,706,992,1460,887
OCCIDENTE-BAJIO,2022-01-17,415,669,894,1236,938
OCCIDENTE-BAJIO,2022-01-18,453,741,1096,1378,979
OCCIDENTE-BAJIO,2022-01-19,477,762,1181,1562,868
OCCIDENTE-BAJIO,2022-01-20,510,809,1253,1590,935
OCCIDENTE-BAJIO,2022-01-21,515,862,1139,1545,929
OCCIDENTE-BAJIO,2022-01-22,529,831,1112,1537,957
OCCIDENTE-BAJIO,2022-01-23,500,759,934,1309,997
OCCIDENTE-BAJIO,2022-01-24,441,647,720,1183,924
OCCIDENTE-BAJIO,2022-01-25,430,670,835,1400,861
OCCIDENTE-BAJIO,2022-01-26,470,608,886,1480,1017
OCCIDENTE-BAJIO,2022-01-27,511,596,914,1505,1016
OCCIDENTE-BAJIO,2022-01-28,539,595,900,1603,948
OCCIDENTE-BAJIO,2022-01-29,577,557,999,1594,982
OCCIDENTE-BAJIO,2022-01-30,535,535,884,1427,929
OCCIDENTE-BAJIO,2022-01-31,510,495,875,1260,899
OCCIDENTE-BAJIO,2022-02-01,570,562,1044,1222,954
OCCIDENTE-BAJIO,2022-02-02,598,613,934,1297,1033
OCCIDENTE-BAJIO,2022-02-03,610,620,908,1319,1062
OCCIDENTE-BAJIO,2022-02-04,583,596,831,1374,1023
OCCIDENTE-BAJIO,2022-02-05,550,550,860,1422,946
OCCIDENTE-BAJIO,2022-02-06,495,510,668,1246,926
OCCIDENTE-BAJIO,2022-02-07,419,436,565,1066,899
OCCIDENTE-BAJIO,2022-02-08,388,409,564,1092,842
OCCIDENTE-BAJIO,2022-02-09,405,474,817,1257,861
OCCIDENTE-BAJIO,2022-02-10,445,523,845,1311,894
OCCIDENTE-BAJIO,2022-02-11,459,600,850,1179,933
OCCIDENTE-BAJIO,2022-02-12,473,577,801,1500,910
OCCIDENTE-BAJIO,2022-02-13,448,513,746,1250,913
OCCIDENTE-BAJIO,2022-02-14,397,474,607,1053,935
OCCIDENTE-BAJIO,2022-02-15,424,507,698,1316,845
OCCIDENTE-BAJIO,2022-02-16,439,561,905,1350,886
OCCIDENTE-BAJIO,2022-02-17,446,618,1022,1399,844
OCCIDENTE-BAJIO,2022-02-18,457,646,1043,1457,865
OCCIDENTE-BAJIO,2022-02-19,473,626,1288,1479,826
OCCIDENTE-BAJIO,2022-02-20,453,635,1196,1318,803
OCCIDENTE-BAJIO,2022-02-21,413,596,1033,1143,877
OCCIDENTE-BAJIO,2022-02-22,483,598,1122,1359,866
OCCIDENTE-BAJIO,2022-02-23,505,664,1103,1466,829
OCCIDENTE-BAJIO,2022-02-24,531,697,1109,1499,885
OCCIDENTE-BAJIO,2022-02-25,559,639,1082,1455,933
OCCIDENTE-BAJIO,2022-02-26,553,583,1113,1542,924
OCCIDENTE-BAJIO,2022-02-27,515,542,1003,1333,971
OCCIDENTE-BAJIO,2022-02-28,480,511,870,1149,909
OCCIDENTE-BAJIO,2022-03-01,539,589,957,1214,936
OCCIDENTE-BAJIO,2022-03-02,549,621,1057,1185,971
OCCIDENTE-BAJIO,2022-03-03,533,672,1082,1166,965
OCCIDENTE-BAJIO,2022-03-04,519,617,1121,1165,948
OCCIDENTE-BAJIO,2022-03-05,504,581,1035,1090,906
OCCIDENTE-BAJIO,2022-03-06,449,509,900,925,808
OCCIDENTE-BAJIO,2022-03-07,397,467,701,808,883
OCCIDENTE-BAJIO,2022-03-08,390,451,837,826,767
OCCIDENTE-BAJIO,2022-03-09,388,493,784,980,722
OCCIDENTE-BAJIO,2022-03-10,396,523,901,993,752
OCCIDENTE-BAJIO,2022-03-11,394,473,858,1029,729
OCCIDENTE-BAJIO,2022-03-12,381,456,803,1042,724
OCCIDENTE-BAJIO,2022-03-13,329,427,681,799,671
OCCIDENTE-BAJIO,2022-03-14,284,351,523,663,624
OCCIDENTE-BAJIO,2022-03-15,304,375,615,822,595
OCCIDENTE-BAJIO,2022-03-16,328,467,669,871,621
OCCIDENTE-BAJIO,2022-03-17,363,464,671,931,643
OCCIDENTE-BAJIO,2022-03-18,382,463,708,1010,593
OCCIDENTE-BAJIO,2022-03-19,381,416,660,988,612
OCCIDENTE-BAJIO,2022-03-20,347,345,556,818,501
OCCIDENTE-BAJIO,2022-03-21,301,290,370,741,477
OCCIDENTE-BAJIO,2022-03-22,268,266,474,728,454
OCCIDENTE-BAJIO,2022-03-23,283,366,576,884,556
OCCIDENTE-BAJIO,2022-03-24,332,521,687,968,606
OCCIDENTE-BAJIO,2022-03-25,391,531,647,1025,644
OCCIDENTE-BAJIO,2022-03-26,412,536,666,1081,706
OCCIDENTE-BAJIO,2022-03-27,359,490,578,970,671
OCCIDENTE-BAJIO,2022-03-28,327,401,433,932,674
OCCIDENTE-BAJIO,2022-03-29,349,417,616,929,562
OCCIDENTE-BAJIO,2022-03-30,381,452,670,1003,508
OCCIDENTE-BAJIO,2022-03-31,399,496,807,1099,555
OCCIDENTE-BAJIO,2022-04-01,468,502,759,959,537
OCCIDENTE-BAJIO,2022-04-02,444,456,817,972,590
OCCIDENTE-BAJIO,2022-04-03,377,408,637,871,600
OCCIDENTE-BAJIO,2022-04-04,282,289,424,859,565
OCCIDENTE-BAJIO,2022-04-05,304,329,713,934,494
OCCIDENTE-BAJIO,2022-04-06,314,338,742,1030,573
OCCIDENTE-BAJIO,2022-04-07,349,371,648,1072,598
OCCIDENTE-BAJIO,2022-04-08,366,471,705,1192,644
OCCIDENTE-BAJIO,2022-04-09,363,542,638,1208,674
OCCIDENTE-BAJIO,2022-04-10,320,592,526,1013,695
OCCIDENTE-BAJIO,2022-04-11,295,519,467,803,588
OCCIDENTE-BAJIO,2022-04-12,346,623,657,961,542
OCCIDENTE-BAJIO,2022-04-13,367,635,717,1118,596
OCCIDENTE-BAJIO,2022-04-14,370,807,749,1138,657
OCCIDENTE-BAJIO,2022-04-15,357,852,544,1071,691
OCCIDENTE-BAJIO,2022-04-16,334,599,368,873,620
OCCIDENTE-BAJIO,2022-04-17,276,505,365,728,495
OCCIDENTE-BAJIO,2022-04-18,257,451,388,728,372
OCCIDENTE-BAJIO,2022-04-19,258,716,617,866,412
OCCIDENTE-BAJIO,2022-04-20,282,779,741,903,455
OCCIDENTE-BAJIO,2022-04-21,301,952,944,938,513
OCCIDENTE-BAJIO,2022-04-22,341,1293,814,1014,565
OCCIDENTE-BAJIO,2022-04-23,342,1060,932,1000,614
OCCIDENTE-BAJIO,2022-04-24,281,755,751,970,545
OCCIDENTE-BAJIO,2022-04-25,260,565,585,862,658
OCCIDENTE-BAJIO,2022-04-26,320,591,694,1125,579
OCCIDENTE-BAJIO,2022-04-27,336,857,687,1211,588
OCCIDENTE-BAJIO,2022-04-28,383,769,907,1262,534
OCCIDENTE-BAJIO,2022-04-29,402,868,943,1350,495
OCCIDENTE-BAJIO,2022-04-30,452,989,910,1370,637
OCCIDENTE-BAJIO,2022-05-01,450,1016,783,917,782
OCCIDENTE-BAJIO,2022-05-02,395,1004,636,803,826
OCCIDENTE-BAJIO,2022-05-03,404,916,743,889,753
OCCIDENTE-BAJIO,2022-05-04,405,858,797,935,674
OCCIDENTE-BAJIO,2022-05-05,381,968,734,880,660
OCCIDENTE-BAJIO,2022-05-06,393,929,698,951,639
ORIENTE-SUR,2021-08-16,228,263,118,764,372
ORIENTE-SUR,2021-08-17,251,322,160,814,341
ORIENTE-SUR,2021-08-18,281,359,210,831,368
ORIENTE-SUR,2021-08-19,319,357,219,951,425
ORIENTE-SUR,2021-08-20,356,423,491,1032,405
ORIENTE-SUR,2021-08-21,377,444,728,1154,444
ORIENTE-SUR,2021-08-22,359,420,709,1188,454
ORIENTE-SUR,2021-08-23,329,368,693,1065,426
ORIENTE-SUR,2021-08-24,361,424,874,1296,430
ORIENTE-SUR,2021-08-25,376,491,1179,1453,545
ORIENTE-SUR,2021-08-26,424,560,1481,1514,604
ORIENTE-SUR,2021-08-27,449,611,1626,1583,697
ORIENTE-SUR,2021-08-28,492,656,1681,1649,789
ORIENTE-SUR,2021-08-30,428,601,1536,1284,774
ORIENTE-SUR,2021-08-31,523,731,1571,1372,751
ORIENTE-SUR,2021-09-01,601,888,1596,1417,907
ORIENTE-SUR,2021-09-02,661,1017,1590,1643,969
ORIENTE-SUR,2021-09-03,700,1156,1641,1811,1091
ORIENTE-SUR,2021-09-04,741,1186,1679,1799,1191
ORIENTE-SUR,2021-09-05,765,1271,1587,1474,1290
ORIENTE-SUR,2021-09-06,802,1290,1521,1114,1351
ORIENTE-SUR,2021-09-07,741,1275,1753,1283,1342
ORIENTE-SUR,2021-09-08,739,1257,1754,1341,1407
ORIENTE-SUR,2021-09-09,750,1250,1784,1524,1441
ORIENTE-SUR,2021-09-10,724,1336,1737,1489,1443
ORIENTE-SUR,2021-09-11,733,1330,1639,1489,1373
ORIENTE-SUR,2021-09-12,683,1192,1504,1318,1423
ORIENTE-SUR,2021-09-13,594,1092,1434,1069,1432
ORIENTE-SUR,2021-09-14,589,1098,1381,1127,1390
ORIENTE-SUR,2021-09-15,590,1069,1315,1161,1423
ORIENTE-SUR,2021-09-16,612,1042,1259,1134,1426
ORIENTE-SUR,2021-09-17,585,996,1120,1084,1379
ORIENTE-SUR,2021-09-18,581,1030,1043,1149,1238
ORIENTE-SUR,2021-09-19,546,1011,738,1082,1232
ORIENTE-SUR,2021-09-20,472,925,500,967,1198
ORIENTE-SUR,2021-09-21,493,905,501,1140,1156
ORIENTE-SUR,2021-09-22,499,957,416,1152,1227
ORIENTE-SUR,2021-09-23,484,969,300,1203,1285
ORIENTE-SUR,2021-09-24,454,975,292,1268,1317
ORIENTE-SUR,2021-09-25,498,947,295,1245,1317
ORIENTE-SUR,2021-09-26,437,853,245,946,1300
ORIENTE-SUR,2021-09-27,348,736,206,818,1198
ORIENTE-SUR,2021-09-28,368,680,240,907,1207
ORIENTE-SUR,2021-09-29,371,716,205,1124,1242
ORIENTE-SUR,2021-09-30,426,757,253,1153,1255
ORIENTE-SUR,2021-10-01,491,773,254,1109,1337
ORIENTE-SUR,2021-10-02,549,799,247,1064,1375
ORIENTE-SUR,2021-10-03,457,708,168,927,1357
ORIENTE-SUR,2021-10-04,380,546,137,743,1259
ORIENTE-SUR,2021-10-05,320,525,218,795,1258
ORIENTE-SUR,2021-10-06,324,509,205,971,1226
ORIENTE-SUR,2021-10-07,322,504,227,1021,1254
ORIENTE-SUR,2021-10-08,319,481,230,1009,1239
ORIENTE-SUR,2021-10-09,307,469,215,1026,1162
ORIENTE-SUR,2021-10-10,271,460,153,935,1098
ORIENTE-SUR,2021-10-11,205,427,174,825,928
ORIENTE-SUR,2021-10-12,255,373,169,969,837
ORIENTE-SUR,2021-10-13,287,388,207,1055,837
ORIENTE-SUR,2021-10-14,318,443,182,1028,857
ORIENTE-SUR,2021-10-15,307,545,165,1110,843
ORIENTE-SUR,2021-10-16,336,574,191,1077,845
ORIENTE-SUR,2021-10-17,302,523,137,930,850
ORIENTE-SUR,2021-10-18,250,449,177,762,805
ORIENTE-SUR,2021-10-19,259,539,215,884,827
ORIENTE-SUR,2021-10-20,258,581,199,967,871
ORIENTE-SUR,2021-10-21,263,581,165,971,883
ORIENTE-SUR,2021-10-22,262,522,198,998,836
ORIENTE-SUR,2021-10-23,270,508,204,982,778
ORIENTE-SUR,2021-10-24,224,413,129,869,766
ORIENTE-SUR,2021-10-25,186,350,180,793,704
ORIENTE-SUR,2021-10-26,229,505,202,902,649
ORIENTE-SUR,2021-10-27,276,575,203,930,719
ORIENTE-SUR,2021-10-28,303,525,202,1036,701
ORIENTE-SUR,2021-10-29,330,480,190,1099,704
ORIENTE-SUR,2021-10-30,347,415,157,1098,674
ORIENTE-SUR,2021-10-31,293,350,124,933,652
ORIENTE-SUR,2021-11-01,233,283,131,677,622
ORIENTE-SUR,2021-11-02,210,248,154,697,551
ORIENTE-SUR,2021-11-03,158,234,147,665,489
ORIENTE-SUR,2021-11-04,180,287,185,748,434
ORIENTE-SUR,2021-11-05,203,367,184,774,464
ORIENTE-SUR,2021-11-06,225,383,86,824,477
ORIENTE-SUR,2021-11-07,163,414,141,721,458
ORIENTE-SUR,2021-11-08,125,406,126,596,386
ORIENTE-SUR,2021-11-09,159,556,198,777,377
ORIENTE-SUR,2021-11-10,197,533,151,867,462
ORIENTE-SUR,2021-11-11,212,564,189,1004,475
ORIENTE-SUR,2021-11-12,231,670,163,1206,476
ORIENTE-SUR,2021-11-13,233,611,164,1175,492
ORIENTE-SUR,2021-11-14,224,584,119,1133,537
ORIENTE-SUR,2021-11-15,200,525,149,1039,572
ORIENTE-SUR,2021-11-16,193,610,162,1152,608
ORIENTE-SUR,2021-11-17,227,788,198,1330,636
ORIENTE-SUR,2021-11-18,250,915,185,1155,680
ORIENTE-SUR,2021-11-19,246,804,174,1142,669
ORIENTE-SUR,2021-11-20,207,664,194,1131,646
ORIENTE-SUR,2021-11-21,195,522,146,978,639
ORIENTE-SUR,2021-11-22,176,384,113,932,563
ORIENTE-SUR,2021-11-23,174,408,195,996,489
ORIENTE-SUR,2021-11-24,201,365,188,1038,489
ORIENTE-SUR,2021-11-25,208,371,189,1099,483
ORIENTE-SUR,2021-11-26,225,358,182,1085,451
ORIENTE-SUR,2021-11-27,226,309,177,1171,443
ORIENTE-SUR,2021-11-28,213,324,126,1160,469
ORIENTE-SUR,2021-11-29,176,264,123,1128,384
ORIENTE-SUR,2021-11-30,223,308,181,1167,340
ORIENTE-SUR,2021-12-01,278,399,207,932,404
ORIENTE-SUR,2021-12-02,256,434,184,1005,441
ORIENTE-SUR,2021-12-03,241,402,199,954,500
ORIENTE-SUR,2021-12-04,232,393,208,962,491
ORIENTE-SUR,2021-12-05,202,381,168,838,471
ORIENTE-SUR,2021-12-06,151,290,153,774,430
ORIENTE-SUR,2021-12-07,195,463,185,887,349
ORIENTE-SUR,2021-12-08,218,540,188,935,414
ORIENTE-SUR,2021-12-09,234,549,175,961,382
ORIENTE-SUR,2021-12-10,222,570,172,1008,398
ORIENTE-SUR,2021-12-11,210,547,191,964,412
ORIENTE-SUR,2021-12-12,180,451,154,884,380
ORIENTE-SUR,2021-12-13,156,374,152,821,362
ORIENTE-SUR,2021-12-14,197,321,172,941,314
ORIENTE-SUR,2021-12-15,210,322,146,995,367
ORIENTE-SUR,2021-12-16,204,325,167,1010,345
ORIENTE-SUR,2021-12-17,246,345,236,1006,361
ORIENTE-SUR,2021-12-18,236,395,191,1039,419
ORIENTE-SUR,2021-12-19,185,334,157,858,418
ORIENTE-SUR,2021-12-20,135,262,134,746,363
ORIENTE-SUR,2021-12-21,156,382,167,883,315
ORIENTE-SUR,2021-12-22,196,467,174,868,284
ORIENTE-SUR,2021-12-23,176,448,161,915,250
ORIENTE-SUR,2021-12-24,152,383,184,831,228
ORIENTE-SUR,2021-12-25,137,270,116,687,228
ORIENTE-SUR,2021-12-26,138,242,141,580,268
ORIENTE-SUR,2021-12-27,121,168,126,660,196
ORIENTE-SUR,2021-12-28,173,234,162,789,282
ORIENTE-SUR,2021-12-29,213,257,152,858,299
ORIENTE-SUR,2021-12-30,198,279,175,882,306
ORIENTE-SUR,2021-12-31,188,268,159,772,296
ORIENTE-SUR,2022-01-01,164,174,108,511,293
ORIENTE-SUR,2022-01-02,169,168,109,469,334
ORIENTE-SUR,2022-01-03,160,152,275,498,299
ORIENTE-SUR,2022-01-04,217,219,374,737,328
ORIENTE-SUR,2022-01-05,232,255,301,855,344
ORIENTE-SUR,2022-01-06,219,295,235,927,357
ORIENTE-SUR,2022-01-07,255,346,189,948,417
ORIENTE-SUR,2022-01-08,281,363,174,934,395
ORIENTE-SUR,2022-01-09,242,304,144,874,409
ORIENTE-SUR,2022-01-10,193,232,148,748,351
ORIENTE-SUR,2022-01-11,222,288,194,850,324
ORIENTE-SUR,2022-01-12,241,326,170,873,338
ORIENTE-SUR,2022-01-13,251,335,188,839,429
ORIENTE-SUR,2022-01-14,253,577,157,860,409
ORIENTE-SUR,2022-01-15,287,515,197,992,448
ORIENTE-SUR,2022-01-16,291,415,213,846,415
ORIENTE-SUR,2022-01-17,223,303,147,739,470
ORIENTE-SUR,2022-01-18,246,363,224,802,443
ORIENTE-SUR,2022-01-19,218,344,174,907,434
ORIENTE-SUR,2022-01-20,236,388,181,925,476
ORIENTE-SUR,2022-01-21,258,392,192,840,482
ORIENTE-SUR,2022-01-22,273,278,202,938,406
ORIENTE-SUR,2022-01-23,211,218,168,840,396
ORIENTE-SUR,2022-01-24,141,160,148,772,320
ORIENTE-SUR,2022-01-25,193,261,187,850,345
ORIENTE-SUR,2022-01-26,247,291,187,979,482
ORIENTE-SUR,2022-01-27,305,330,171,929,486
ORIENTE-SUR,2022-01-28,326,352,160,1019,483
ORIENTE-SUR,2022-01-29,336,286,197,1092,445
ORIENTE-SUR,2022-01-30,336,304,148,1013,438
ORIENTE-SUR,2022-01-31,282,249,128,771,424
ORIENTE-SUR,2022-02-01,309,342,177,790,449
ORIENTE-SUR,2022-02-02,300,354,179,822,494
ORIENTE-SUR,2022-02-03,334,391,209,884,499
ORIENTE-SUR,2022-02-04,314,382,192,895,484
ORIENTE-SUR,2022-02-05,318,406,236,968,496
ORIENTE-SUR,2022-02-06,293,392,203,913,545
ORIENTE-SUR,2022-02-07,205,254,134,764,502
ORIENTE-SUR,2022-02-08,226,279,183,811,479
ORIENTE-SUR,2022-02-09,222,335,185,891,491
ORIENTE-SUR,2022-02-10,231,341,196,926,460
ORIENTE-SUR,2022-02-11,249,360,214,871,463
ORIENTE-SUR,2022-02-12,265,342,188,1064,501
ORIENTE-SUR,2022-02-13,221,258,150,986,495
ORIENTE-SUR,2022-02-14,181,207,147,825,462
ORIENTE-SUR,2022-02-15,210,242,227,953,427
ORIENTE-SUR,2022-02-16,238,298,184,998,474
ORIENTE-SUR,2022-02-17,271,377,205,982,491
ORIENTE-SUR,2022-02-18,293,345,178,957,463
ORIENTE-SUR,2022-02-19,286,330,230,966,521
ORIENTE-SUR,2022-02-20,245,313,179,900,507
ORIENTE-SUR,2022-02-21,201,237,162,711,490
ORIENTE-SUR,2022-02-22,228,310,178,825,465
ORIENTE-SUR,2022-02-23,263,321,236,941,437
ORIENTE-SUR,2022-02-24,290,406,246,1047,438
ORIENTE-SUR,2022-02-25,348,370,184,1105,479
ORIENTE-SUR,2022-02-26,362,354,194,1109,435
ORIENTE-SUR,2022-02-27,338,340,170,1037,527
ORIENTE-SUR,2022-02-28,252,243,132,897,462
ORIENTE-SUR,2022-03-01,281,306,203,917,467
ORIENTE-SUR,2022-03-02,329,360,218,806,506
ORIENTE-SUR,2022-03-03,339,397,208,826,534
ORIENTE-SUR,2022-03-04,314,389,199,895,548
ORIENTE-SUR,2022-03-05,332,366,201,866,499
ORIENTE-SUR,2022-03-06,237,319,124,780,505
ORIENTE-SUR,2022-03-07,191,234,147,678,467
ORIENTE-SUR,2022-03-08,209,241,203,653,394
ORIENTE-SUR,2022-03-09,193,229,215,728,333
ORIENTE-SUR,2022-03-10,217,262,192,818,353
ORIENTE-SUR,2022-03-11,218,298,165,833,342
ORIENTE-SUR,2022-03-12,204,295,178,855,369
ORIENTE-SUR,2022-03-13,181,253,219,835,336
ORIENTE-SUR,2022-03-14,137,158,144,771,346
ORIENTE-SUR,2022-03-15,164,247,247,798,347
ORIENTE-SUR,2022-03-16,215,333,228,841,458
ORIENTE-SUR,2022-03-17,225,405,271,883,467
ORIENTE-SUR,2022-03-18,248,405,242,828,473
ORIENTE-SUR,2022-03-19,233,349,252,837,517
ORIENTE-SUR,2022-03-20,223,277,164,693,443
ORIENTE-SUR,2022-03-21,182,224,142,602,431
ORIENTE-SUR,2022-03-22,177,230,189,642,428
ORIENTE-SUR,2022-03-23,198,341,210,815,413
ORIENTE-SUR,2022-03-24,223,436,251,820,471
ORIENTE-SUR,2022-03-25,248,434,242,871,501
ORIENTE-SUR,2022-03-26,245,431,200,854,504
ORIENTE-SUR,2022-03-27,217,319,153,731,504
ORIENTE-SUR,2022-03-28,165,235,138,721,406
ORIENTE-SUR,2022-03-29,198,265,205,739,334
ORIENTE-SUR,2022-03-30,236,375,199,797,297
ORIENTE-SUR,2022-03-31,293,390,238,855,351
ORIENTE-SUR,2022-04-01,339,384,206,745,418
ORIENTE-SUR,2022-04-02,326,359,244,670,478
ORIENTE-SUR,2022-04-03,268,316,164,629,487
ORIENTE-SUR,2022-04-04,172,223,141,605,367
ORIENTE-SUR,2022-04-05,178,226,201,543,304
ORIENTE-SUR,2022-04-06,198,217,207,576,394
ORIENTE-SUR,2022-04-07,205,294,212,726,456
ORIENTE-SUR,2022-04-08,238,404,270,772,512
ORIENTE-SUR,2022-04-09,260,459,281,815,486
ORIENTE-SUR,2022-04-10,239,414,219,723,497
ORIENTE-SUR,2022-04-11,197,296,153,599,426
ORIENTE-SUR,2022-04-12,219,351,245,733,375
ORIENTE-SUR,2022-04-13,246,492,255,794,470
ORIENTE-SUR,2022-04-14,262,499,244,815,476
ORIENTE-SUR,2022-04-15,238,548,235,762,503
ORIENTE-SUR,2022-04-16,176,418,167,674,417
ORIENTE-SUR,2022-04-17,156,452,161,621,463
ORIENTE-SUR,2022-04-18,143,381,163,613,369
ORIENTE-SUR,2022-04-19,190,623,210,620,348
ORIENTE-SUR,2022-04-20,193,594,216,716,366
ORIENTE-SUR,2022-04-21,212,603,227,689,420
ORIENTE-SUR,2022-04-22,221,823,256,777,446
ORIENTE-SUR,2022-04-23,240,640,234,754,419
ORIENTE-SUR,2022-04-24,226,439,208,696,429
ORIENTE-SUR,2022-04-25,186,295,198,608,491
ORIENTE-SUR,2022-04-26,206,361,352,688,413
ORIENTE-SUR,2022-04-27,261,470,265,806,416
ORIENTE-SUR,2022-04-28,264,469,240,840,347
ORIENTE-SUR,2022-04-29,302,571,271,960,342
ORIENTE-SUR,2022-04-30,332,687,291,936,452
ORIENTE-SUR,2022-05-01,331,746,244,626,588
ORIENTE-SUR,2022-05-02,265,609,211,505,575
ORIENTE-SUR,2022-05-03,276,1611,259,605,555
ORIENTE-SUR,2022-05-04,265,1542,233,633,526
ORIENTE-SUR,2022-05-05,266,1561,275,685,529
ORIENTE-SUR,2022-05-06,288,1376,254,720,518