DIRECCION,Fecha,Soportes,ADDON,CDD
BAJIO,2025-04-30,28,7,6
BAJIO,2025-05-01,24,6,9
BAJIO,2025-05-02,24,4,6
BAJIO,2025-05-03,23,3,7
BAJIO,2025-05-04,24,4,8
BAJIO,2025-05-05,27,4,8
BAJIO,2025-05-06,26,4,9
BAJIO,2025-05-07,27,4,7
BAJIO,2025-05-08,27,4,3
BAJIO,2025-05-09,30,4,2
BAJIO,2025-05-10,31,4,4
BAJIO,2025-05-11,29,5,5
BAJIO,2025-05-12,31,2,6
BAJIO,2025-05-13,31,2,5
BAJIO,2025-05-14,32,2,2
BAJIO,2025-05-15,33,1,2
BAJIO,2025-05-16,32,2,4
BAJIO,2025-05-17,32,1,5
BAJIO,2025-05-18,37,4,5
BAJIO,2025-05-19,35,4,6
BAJIO,2025-05-20,34,6,7
BAJIO,2025-05-21,31,4,7
BAJIO,2025-05-22,33,4,6
BAJIO,2025-05-23,5,4,9
BAJIO,2025-05-24,3,8,8
BAJIO,2025-05-25,4,5,6
BAJIO,2025-05-26,6,7,9
BAJIO,2025-05-27,4,5,2
BAJIO,2025-05-28,4,3,3
BAJIO,2025-05-29,3,2,4
BAJIO,2025-05-30,10,2,7
BAJIO,2025-05-31,9,5,3
BAJIO,2025-06-01,9,7,4
BAJIO,2025-06-02,12,3,5
BAJIO,2025-06-03,13,3,9
BAJIO,2025-06-04,18,5,13
BAJIO,2025-06-05,17,6,11
BAJIO,2025-06-06,15,5,11
BAJIO,2025-06-07,11,6,15
BAJIO,2025-06-08,15,6,20
BAJIO,2025-06-09,16,8,26
BAJIO,2025-06-10,14,10,15
BAJIO,2025-06-11,10,7,18
BAJIO,2025-06-12,11,3,17
BAJIO,2025-06-13,7,5,20
BAJIO,2025-06-14,7,13,20
BAJIO,2025-06-15,10,13,16
BAJIO,2025-06-16,18,13,21
BAJIO,2025-06-17,12,12,17
BAJIO,2025-06-18,14,9,14
BAJIO,2025-06-19,12,6,10
BAJIO,2025-06-20,10,8,10
BAJIO,2025-06-21,10,10,13
BAJIO,2025-06-22,10,10,17
BAJIO,2025-06-23,10,11,20
BAJIO,2025-06-24,12,9,19
BAJIO,2025-06-25,11,10,11
BAJIO,2025-06-26,13,7,9
BAJIO,2025-06-27,20,8,15
BAJIO,2025-06-28,25,7,16
BAJIO,2025-06-29,30,12,11
BAJIO,2025-06-30,32,10,18
BAJIO,2025-07-01,32,10,17
BAJIO,2025-07-02,32,13,16
BAJIO,2025-07-03,34,10,18
BAJIO,2025-07-04,34,9,16
BAJIO,2025-07-05,35,7,18
BAJIO,2025-07-06,31,6,17
BAJIO,2025-07-07,30,8,16
BAJIO,2025-07-08,28,11,13
BAJIO,2025-07-09,28,9,11
BAJIO,2025-07-10,26,3,8
BAJIO,2025-07-11,30,5,11
BAJIO,2025-07-12,32,3,11
BAJIO,2025-07-13,26,4,12
BAJIO,2025-07-14,25,9,14
BAJIO,2025-07-15,26,13,16
BAJIO,2025-07-16,26,8,12
BAJIO,2025-07-17,27,9,12
BAJIO,2025-07-18,26,8,14
BAJIO,2025-07-19,28,8,15
BAJIO,2025-07-20,29,13,14
BAJIO,2025-07-21,32,18,18
BAJIO,2025-07-22,28,15,14
BAJIO,2025-07-23,28,9,15
BAJIO,2025-07-24,27,7,12
BAJIO,2025-07-25,28,9,12
BAJIO,2025-07-26,27,8,14
BAJIO,2025-07-27,27,9,13
BAJIO,2025-07-28,25,11,15
BAJIO,2025-07-29,24,9,15
BAJIO,2025-07-30,29,4,14
BAJIO,2025-07-31,28,5,14
BAJIO,2025-08-01,27,2,13
BAJIO,2025-08-02,28,4,14
BAJIO,2025-08-03,29,5,14
BAJIO,2025-08-04,33,10,15
BAJIO,2025-08-05,32,11,16
BAJIO,2025-08-06,28,9,12
BAJIO,2025-08-07,29,6,13
BAJIO,2025-08-08,31,4,16
BAJIO,2025-08-09,30,6,18
BAJIO,2025-08-10,29,4,13
BAJIO,2025-08-11,32,6,16
BAJIO,2025-08-12,4,7,15
BAJIO,2025-08-13,8,5,11
BAJIO,2025-08-14,7,4,8
BAJIO,2025-08-15,8,6,11
BAJIO,2025-08-16,7,8,14
BAJIO,2025-08-17,7,5,12
BAJIO,2025-08-18,9,6,14
BAJIO,2025-08-19,10,10,12
BAJIO,2025-08-20,8,10,13
BAJIO,2025-08-21,7,7,11
BAJIO,2025-08-22,7,7,13
BAJIO,2025-08-23,8,6,14
BAJIO,2025-08-24,9,7,11
BAJIO,2025-08-25,10,12,9
BAJIO,2025-08-26,10,9,12
BAJIO,2025-08-27,13,8,8
BAJIO,2025-08-28,13,9,10
BAJIO,2025-08-29,14,10,15
BAJIO,2025-08-30,18,12,17
BAJIO,2025-08-31,21,12,17
BAJIO,2025-09-01,22,13,18
BAJIO,2025-09-02,22,11,17
BAJIO,2025-09-03,21,10,19
BAJIO,2025-09-04,19,7,13
BAJIO,2025-09-05,23,8,17
BAJIO,2025-09-06,23,8,16
BAJIO,2025-09-07,28,10,19
BAJIO,2025-09-08,33,10,14
BAJIO,2025-09-09,33,14,14
BAJIO,2025-09-10,24,11,12
BAJIO,2025-09-11,23,11,10
BAJIO,2025-09-12,25,10,15
BAJIO,2025-09-13,25,12,16
BAJIO,2025-09-14,22,9,18
BAJIO,2025-09-15,24,8,15
BAJIO,2025-09-16,23,8,18
BAJIO,2025-09-17,25,10,15
BAJIO,2025-09-18,26,9,14
BAJIO,2025-09-19,28,8,14
BAJIO,2025-09-20,29,8,13
BAJIO,2025-09-21,25,9,15
BAJIO,2025-09-22,26,9,17
BAJIO,2025-09-23,21,6,10
BAJIO,2025-09-24,20,9,11
BAJIO,2025-09-25,21,8,9
BAJIO,2025-09-26,23,5,13
BAJIO,2025-09-27,22,4,14
BAJIO,2025-09-28,22,5,11
BAJIO,2025-09-29,23,4,12
BAJIO,2025-09-30,26,5,10
BAJIO,2025-10-01,22,7,14
BAJIO,2025-10-02,22,6,12
BAJIO,2025-10-03,21,7,12
BAJIO,2025-10-04,22,5,17
BAJIO,2025-10-05,22,4,16
BAJIO,2025-10-06,24,8,18
BAJIO,2025-10-07,21,8,17
BAJIO,2025-10-08,21,5,11
BAJIO,2025-10-09,21,4,12
BAJIO,2025-10-10,20,3,15
BAJIO,2025-10-11,21,3,14
BAJIO,2025-10-12,24,5,18
BAJIO,2025-10-13,23,13,10
BAJIO,2025-10-14,24,13,10
BAJIO,2025-10-15,27,10,11
BAJIO,2025-10-16,26,13,13
BAJIO,2025-10-17,28,12,12
BAJIO,2025-10-18,26,14,18
BAJIO,2025-10-19,26,12,10
BAJIO,2025-10-20,27,15,10
BAJIO,2025-10-21,28,13,9
BAJIO,2025-10-22,27,7,7
BAJIO,2025-10-23,29,8,8
BAJIO,2025-10-24,27,7,9
BAJIO,2025-10-25,30,6,9
BAJIO,2025-10-26,27,6,9
BAJIO,2025-10-27,27,5,9
BAJIO,2025-10-28,27,5,10
BAJIO,2025-10-29,25,6,11
BAJIO,2025-10-30,24,5,12
BAJIO,2025-10-31,22,8,19
BAJIO,2025-11-01,21,7,22
BAJIO,2025-11-02,22,10,13
BAJIO,2025-11-03,23,11,12
BAJIO,2025-11-04,21,10,14
BAJIO,2025-11-05,21,10,11
BAJIO,2025-11-06,21,7,8
BAJIO,2025-11-07,22,8,10
BAJIO,2025-11-08,20,9,12
BAJIO,2025-11-09,19,10,12
BAJIO,2025-11-10,22,11,11
BAJIO,2025-11-11,18,13,8
BAJIO,2025-11-12,18,9,11
BAJIO,2025-11-13,19,9,11
BAJIO,2025-11-14,18,10,13
BAJIO,2025-11-15,18,10,15
BAJIO,2025-11-16,19,10,10
BAJIO,2025-11-17,22,11,15
BAJIO,2025-11-18,24,10,10
BAJIO,2025-11-19,23,13,6
BAJIO,2025-11-20,18,8,6
BAJIO,2025-11-21,19,3,7
BAJIO,2025-11-22,21,5,9
BAJIO,2025-11-23,21,9,13
BAJIO,2025-11-24,20,16,14
BAJIO,2025-11-25,20,10,14
BAJIO,2025-11-26,18,6,13
BAJIO,2025-11-27,20,4,9
BAJIO,2025-11-28,20,4,12
BAJIO,2025-11-29,22,6,19
BAJIO,2025-11-30,22,8,18
BAJIO,2025-12-01,21,11,20
BAJIO,2025-12-02,20,9,18
BAJIO,2025-12-03,20,6,17
BAJIO,2025-12-04,22,3,17
BAJIO,2025-12-05,23,3,15
BAJIO,2025-12-06,23,4,13
BAJIO,2025-12-07,22,7,12
BAJIO,2025-12-08,21,9,13
BAJIO,2025-12-09,20,7,12
BAJIO,2025-12-10,20,4,10
BAJIO,2025-12-11,21,7,8
BAJIO,2025-12-12,21,9,9
BAJIO,2025-12-13,23,7,11
BAJIO,2025-12-14,24,8,12
BAJIO,2025-12-15,28,12,9
BAJIO,2025-12-16,24,8,7
BAJIO,2025-12-17,24,7,9
BAJIO,2025-12-18,22,5,11
BAJIO,2025-12-19,22,9,16
BAJIO,2025-12-20,23,13,15
BAJIO,2025-12-21,25,7,12
BAJIO,2025-12-22,27,4,10
BAJIO,2025-12-23,22,4,8
BAJIO,2025-12-24,24,6,6
BAJIO,2025-12-25,25,4,6
BAJIO,2025-12-26,27,3,16
BAJIO,2025-12-27,27,2,9
BAJIO,2025-12-28,25,2,5
BAJIO,2025-12-29,24,3,5
BAJIO,2025-12-30,23,3,6
BAJIO,2025-12-31,24,3,4
BAJIO,2026-01-01,24,5,7
BAJIO,2026-01-02,25,10,8
BAJIO,2026-01-03,25,8,9
BAJIO,2026-01-04,26,9,13
BAJIO,2026-01-05,24,8,7
BAJIO,2026-01-06,24,6,9
BAJIO,2026-01-07,25,5,11
BAJIO,2026-01-08,26,4,9
BAJIO,2026-01-09,28,5,9
BAJIO,2026-01-10,28,7,8
BAJIO,2026-01-11,25,10,13
BAJIO,2026-01-12,26,17,13
BAJIO,2026-01-13,28,15,7
BAJIO,2026-01-14,27,10,9
BAJIO,2026-01-15,29,10,7
BAJIO,2026-01-16,28,12,12
BAJIO,2026-01-17,26,12,13
BAJIO,2026-01-18,27,10,17
BAJIO,2026-01-19,30,11,17
BAJIO,2026-01-20,28,12,14
BAJIO,2026-01-21,27,8,13
BAJIO,2026-01-22,27,8,15
BAJIO,2026-01-23,27,12,17
BAJIO,2026-01-24,29,14,16
BAJIO,2026-01-25,25,13,14
BAJIO,2026-01-26,26,13,14
BAJIO,2026-01-27,27,9,14
BAJIO,2026-01-28,26,8,8
BAJIO,2026-01-29,24,6,12
BAJIO,2026-01-30,26,6,17
BAJIO,2026-01-31,25,6,16
BAJIO,2026-02-01,24,7,14
BAJIO,2026-02-02,24,12,16
BAJIO,2026-02-03,24,14,15
BAJIO,2026-02-04,25,10,15
BAJIO,2026-02-05,25,6,11
BAJIO,2026-02-06,26,5,12
BAJIO,2026-02-07,29,10,13
BAJIO,2026-02-08,26,7,10
BAJIO,2026-02-09,27,9,14
BAJIO,2026-02-10,29,8,14
BAJIO,2026-02-11,27,11,13
BAJIO,2026-02-12,25,10,13
BAJIO,2026-02-13,25,7,16
BAJIO,2026-02-14,25,10,18
BAJIO,2026-02-15,26,9,27
BAJIO,2026-02-16,27,14,23
BAJIO,2026-02-17,27,19,16
BAJIO,2026-02-18,26,19,13
BAJIO,2026-02-19,26,15,12
BAJIO,2026-02-20,25,13,15
BAJIO,2026-02-21,24,12,16
BAJIO,2026-02-22,24,8,13
BAJIO,2026-02-23,24,9,18
BAJIO,2026-02-24,27,8,18
BAJIO,2026-02-25,26,8,15
BAJIO,2026-02-26,25,7,11
BAJIO,2026-02-27,26,6,16
BAJIO,2026-02-28,25,5,14
BAJIO,2026-03-01,26,8,13
BAJIO,2026-03-02,28,6,11
BAJIO,2026-03-03,24,11,11
BAJIO,2026-03-04,24,6,10
BAJIO,2026-03-05,25,4,11
BAJIO,2026-03-06,26,5,10
BAJIO,2026-03-07,26,5,13
BAJIO,2026-03-08,25,6,10
BAJIO,2026-03-09,25,9,9
BAJIO,2026-03-10,23,7,8
BAJIO,2026-03-11,23,5,10
BAJIO,2026-03-12,25,6,6
BAJIO,2026-03-13,28,9,13
BAJIO,2026-03-14,25,9,12
BAJIO,2026-03-15,24,5,12
BAJIO,2026-03-16,25,9,12
BAJIO,2026-03-17,29,7,10
BAJIO,2026-03-18,24,6,9
BAJIO,2026-03-19,25,4,8
BAJIO,2026-03-20,27,5,6
BAJIO,2026-03-21,30,6,9
BAJIO,2026-03-22,27,6,13
BAJIO,2026-03-23,27,8,12
BAJIO,2026-03-24,27,9,10
BAJIO,2026-03-25,27,9,10
BAJIO,2026-03-26,27,10,9
BAJIO,2026-03-27,29,11,12
BAJIO,2026-03-28,29,13,19
BAJIO,2026-03-29,28,14,18
BAJIO,2026-03-30,27,12,18
BAJIO,2026-03-31,27,10,15
BAJIO,2026-04-01,26,11,17
BAJIO,2026-04-02,25,5,13
BAJIO,2026-04-03,28,10,19
BAJIO,2026-04-04,30,22,20
BAJIO,2026-04-05,36,16,11
BAJIO,2026-04-06,40,21,11
BAJIO,2026-04-07,29,15,7
BAJIO,2026-04-08,24,11,6
BAJIO,2026-04-09,26,9,9
BAJIO,2026-04-10,26,12,18
BAJIO,2026-04-11,31,17,18
BAJIO,2026-04-12,29,19,17
BAJIO,2026-04-13,33,20,17
BAJIO,2026-04-14,31,25,15
BAJIO,2026-04-15,29,25,7
BAJIO,2026-04-16,31,22,8
BAJIO,2026-04-17,28,20,5
BAJIO,2026-04-18,28,18,10
BAJIO,2026-04-19,29,20,14
BAJIO,2026-04-20,31,24,11
BAJIO,2026-04-21,27,19,15
BAJIO,2026-04-22,28,14,11
BAJIO,2026-04-23,29,6,12
BAJIO,2026-04-24,31,8,11
BAJIO,2026-04-25,29,14,15
BAJIO,2026-04-26,29,15,13
BAJIO,2026-04-27,29,14,10
BAJIO,2026-04-28,30,13,6
BAJIO,2026-04-29,27,14,6
BAJIO,2026-04-30,28,13,5
CENTRO 1,2025-04-30,133,41,60
CENTRO 1,2025-05-01,135,43,66
CENTRO 1,2025-05-02,129,41,64
CENTRO 1,2025-05-03,129,42,69
CENTRO 1,2025-05-04,141,42,69
CENTRO 1,2025-05-05,140,45,75
CENTRO 1,2025-05-06,141,38,76
CENTRO 1,2025-05-07,132,40,63
CENTRO 1,2025-05-08,140,38,53
CENTRO 1,2025-05-09,131,38,63
CENTRO 1,2025-05-10,139,45,76
CENTRO 1,2025-05-11,139,46,68
CENTRO 1,2025-05-12,145,48,78
CENTRO 1,2025-05-13,142,43,69
CENTRO 1,2025-05-14,139,42,62
CENTRO 1,2025-05-15,135,37,60
CENTRO 1,2025-05-16,150,38,65
CENTRO 1,2025-05-17,158,42,66
CENTRO 1,2025-05-18,158,44,63
CENTRO 1,2025-05-19,155,47,70
CENTRO 1,2025-05-20,163,42,66
CENTRO 1,2025-05-21,152,41,67
CENTRO 1,2025-05-22,154,45,68
CENTRO 1,2025-05-23,22,18,33
CENTRO 1,2025-05-24,28,16,41
CENTRO 1,2025-05-25,32,19,41
CENTRO 1,2025-05-26,32,19,40
CENTRO 1,2025-05-27,26,12,30
CENTRO 1,2025-05-28,33,14,25
CENTRO 1,2025-05-29,25,8,26
CENTRO 1,2025-05-30,38,11,42
CENTRO 1,2025-05-31,40,16,45
CENTRO 1,2025-06-01,44,14,55
CENTRO 1,2025-06-02,59,16,54
CENTRO 1,2025-06-03,59,17,52
CENTRO 1,2025-06-04,53,13,50
CENTRO 1,2025-06-05,53,14,46
CENTRO 1,2025-06-06,50,20,47
CENTRO 1,2025-06-07,60,22,47
CENTRO 1,2025-06-08,58,21,31
CENTRO 1,2025-06-09,69,21,32
CENTRO 1,2025-06-10,64,21,29
CENTRO 1,2025-06-11,65,19,27
CENTRO 1,2025-06-12,61,17,29
CENTRO 1,2025-06-13,64,23,36
CENTRO 1,2025-06-14,68,24,39
CENTRO 1,2025-06-15,81,22,48
CENTRO 1,2025-06-16,91,25,59
CENTRO 1,2025-06-17,77,30,58
CENTRO 1,2025-06-18,83,29,51
CENTRO 1,2025-06-19,76,32,46
CENTRO 1,2025-06-20,78,28,51
CENTRO 1,2025-06-21,87,29,58
CENTRO 1,2025-06-22,86,29,59
CENTRO 1,2025-06-23,82,29,59
CENTRO 1,2025-06-24,91,25,64
CENTRO 1,2025-06-25,85,29,58
CENTRO 1,2025-06-26,75,15,52
CENTRO 1,2025-06-27,96,20,46
CENTRO 1,2025-06-28,99,29,49
CENTRO 1,2025-06-29,108,38,62
CENTRO 1,2025-06-30,137,37,65
CENTRO 1,2025-07-01,130,36,68
CENTRO 1,2025-07-02,124,34,61
CENTRO 1,2025-07-03,121,29,48
CENTRO 1,2025-07-04,117,22,49
CENTRO 1,2025-07-05,122,20,60
CENTRO 1,2025-07-06,121,26,62
CENTRO 1,2025-07-07,116,25,58
CENTRO 1,2025-07-08,117,31,64
CENTRO 1,2025-07-09,125,30,57
CENTRO 1,2025-07-10,106,27,51
CENTRO 1,2025-07-11,104,22,46
CENTRO 1,2025-07-12,107,22,50
CENTRO 1,2025-07-13,107,23,52
CENTRO 1,2025-07-14,107,29,56
CENTRO 1,2025-07-15,106,30,51
CENTRO 1,2025-07-16,109,26,57
CENTRO 1,2025-07-17,114,22,55
CENTRO 1,2025-07-18,108,27,60
CENTRO 1,2025-07-19,108,29,59
CENTRO 1,2025-07-20,101,38,66
CENTRO 1,2025-07-21,111,37,76
CENTRO 1,2025-07-22,105,33,66
CENTRO 1,2025-07-23,102,32,68
CENTRO 1,2025-07-24,90,23,65
CENTRO 1,2025-07-25,100,31,70
CENTRO 1,2025-07-26,100,28,77
CENTRO 1,2025-07-27,96,37,72
CENTRO 1,2025-07-28,101,40,80
CENTRO 1,2025-07-29,101,36,62
CENTRO 1,2025-07-30,93,29,54
CENTRO 1,2025-07-31,96,28,43
CENTRO 1,2025-08-01,99,24,58
CENTRO 1,2025-08-02,102,26,68
CENTRO 1,2025-08-03,106,26,74
CENTRO 1,2025-08-04,104,31,85
CENTRO 1,2025-08-05,83,31,70
CENTRO 1,2025-08-06,79,28,70
CENTRO 1,2025-08-07,74,23,55
CENTRO 1,2025-08-08,80,27,54
CENTRO 1,2025-08-09,82,25,54
CENTRO 1,2025-08-10,88,22,51
CENTRO 1,2025-08-11,90,23,60
CENTRO 1,2025-08-12,25,20,50
CENTRO 1,2025-08-13,25,17,31
CENTRO 1,2025-08-14,26,14,36
CENTRO 1,2025-08-15,28,17,47
CENTRO 1,2025-08-16,30,18,57
CENTRO 1,2025-08-17,35,15,56
CENTRO 1,2025-08-18,29,19,50
CENTRO 1,2025-08-19,29,18,58
CENTRO 1,2025-08-20,20,13,57
CENTRO 1,2025-08-21,25,8,48
CENTRO 1,2025-08-22,27,9,42
CENTRO 1,2025-08-23,28,16,55
CENTRO 1,2025-08-24,33,20,48
CENTRO 1,2025-08-25,37,13,53
CENTRO 1,2025-08-26,28,12,53
CENTRO 1,2025-08-27,28,9,44
CENTRO 1,2025-08-28,22,9,40
CENTRO 1,2025-08-29,29,11,44
CENTRO 1,2025-08-30,40,18,59
CENTRO 1,2025-08-31,42,19,70
CENTRO 1,2025-09-01,43,22,82
CENTRO 1,2025-09-02,48,23,72
CENTRO 1,2025-09-03,41,28,70
CENTRO 1,2025-09-04,42,21,62
CENTRO 1,2025-09-05,43,26,69
CENTRO 1,2025-09-06,43,32,71
CENTRO 1,2025-09-07,54,31,73
CENTRO 1,2025-09-08,59,36,67
CENTRO 1,2025-09-09,61,29,51
CENTRO 1,2025-09-10,46,25,57
CENTRO 1,2025-09-11,40,20,55
CENTRO 1,2025-09-12,45,18,59
CENTRO 1,2025-09-13,49,24,61
CENTRO 1,2025-09-14,40,25,57
CENTRO 1,2025-09-15,48,19,55
CENTRO 1,2025-09-16,53,20,49
CENTRO 1,2025-09-17,51,21,57
CENTRO 1,2025-09-18,51,17,56
CENTRO 1,2025-09-19,51,18,42
CENTRO 1,2025-09-20,57,25,51
CENTRO 1,2025-09-21,52,22,44
CENTRO 1,2025-09-22,50,13,43
CENTRO 1,2025-09-23,57,11,45
CENTRO 1,2025-09-24,52,14,50
CENTRO 1,2025-09-25,52,10,53
CENTRO 1,2025-09-26,56,13,66
CENTRO 1,2025-09-27,67,25,71
CENTRO 1,2025-09-28,67,28,57
CENTRO 1,2025-09-29,74,34,62
CENTRO 1,2025-09-30,72,33,71
CENTRO 1,2025-10-01,76,39,71
CENTRO 1,2025-10-02,74,37,67
CENTRO 1,2025-10-03,71,34,59
CENTRO 1,2025-10-04,74,32,55
CENTRO 1,2025-10-05,76,34,56
CENTRO 1,2025-10-06,77,33,46
CENTRO 1,2025-10-07,72,30,51
CENTRO 1,2025-10-08,68,22,55
CENTRO 1,2025-10-09,65,14,47
CENTRO 1,2025-10-10,63,16,59
CENTRO 1,2025-10-11,57,15,66
CENTRO 1,2025-10-12,55,13,69
CENTRO 1,2025-10-13,65,21,81
CENTRO 1,2025-10-14,73,18,82
CENTRO 1,2025-10-15,106,21,62
CENTRO 1,2025-10-16,93,18,59
CENTRO 1,2025-10-17,98,21,70
CENTRO 1,2025-10-18,103,19,82
CENTRO 1,2025-10-19,104,25,86
CENTRO 1,2025-10-20,108,25,82
CENTRO 1,2025-10-21,103,25,82
CENTRO 1,2025-10-22,104,25,66
CENTRO 1,2025-10-23,101,24,62
CENTRO 1,2025-10-24,101,26,71
CENTRO 1,2025-10-25,108,28,81
CENTRO 1,2025-10-26,105,26,73
CENTRO 1,2025-10-27,103,24,73
CENTRO 1,2025-10-28,108,21,70
CENTRO 1,2025-10-29,109,23,66
CENTRO 1,2025-10-30,107,20,65
CENTRO 1,2025-10-31,108,19,84
CENTRO 1,2025-11-01,117,24,98
CENTRO 1,2025-11-02,113,25,90
CENTRO 1,2025-11-03,111,23,92
CENTRO 1,2025-11-04,109,26,81
CENTRO 1,2025-11-05,105,21,79
CENTRO 1,2025-11-06,101,21,67
CENTRO 1,2025-11-07,105,21,75
CENTRO 1,2025-11-08,106,26,77
CENTRO 1,2025-11-09,107,21,72
CENTRO 1,2025-11-10,108,27,73
CENTRO 1,2025-11-11,106,29,77
CENTRO 1,2025-11-12,110,25,69
CENTRO 1,2025-11-13,108,25,68
CENTRO 1,2025-11-14,111,30,76
CENTRO 1,2025-11-15,118,29,88
CENTRO 1,2025-11-16,122,30,78
CENTRO 1,2025-11-17,124,32,78
CENTRO 1,2025-11-18,130,36,86
CENTRO 1,2025-11-19,126,42,78
CENTRO 1,2025-11-20,120,40,66
CENTRO 1,2025-11-21,121,48,73
CENTRO 1,2025-11-22,120,54,75
CENTRO 1,2025-11-23,123,37,69
CENTRO 1,2025-11-24,124,35,80
CENTRO 1,2025-11-25,119,32,75
CENTRO 1,2025-11-26,117,25,69
CENTRO 1,2025-11-27,109,29,62
CENTRO 1,2025-11-28,114,29,80
CENTRO 1,2025-11-29,114,29,98
CENTRO 1,2025-11-30,114,28,77
CENTRO 1,2025-12-01,115,33,80
CENTRO 1,2025-12-02,115,30,70
CENTRO 1,2025-12-03,115,30,66
CENTRO 1,2025-12-04,117,32,68
CENTRO 1,2025-12-05,113,34,77
CENTRO 1,2025-12-06,117,30,84
CENTRO 1,2025-12-07,116,28,75
CENTRO 1,2025-12-08,126,26,77
CENTRO 1,2025-12-09,128,30,68
CENTRO 1,2025-12-10,124,27,71
CENTRO 1,2025-12-11,125,26,64
CENTRO 1,2025-12-12,126,32,69
CENTRO 1,2025-12-13,130,32,83
CENTRO 1,2025-12-14,130,28,80
CENTRO 1,2025-12-15,130,31,78
CENTRO 1,2025-12-16,126,33,71
CENTRO 1,2025-12-17,125,24,73
CENTRO 1,2025-12-18,123,30,70
CENTRO 1,2025-12-19,128,36,83
CENTRO 1,2025-12-20,127,44,93
CENTRO 1,2025-12-21,131,53,96
CENTRO 1,2025-12-22,135,50,87
CENTRO 1,2025-12-23,133,37,86
CENTRO 1,2025-12-24,135,30,78
CENTRO 1,2025-12-25,131,30,70
CENTRO 1,2025-12-26,135,34,84
CENTRO 1,2025-12-27,136,32,82
CENTRO 1,2025-12-28,136,25,70
CENTRO 1,2025-12-29,131,25,62
CENTRO 1,2025-12-30,131,22,57
CENTRO 1,2025-12-31,128,23,57
CENTRO 1,2026-01-01,125,20,61
CENTRO 1,2026-01-02,130,27,75
CENTRO 1,2026-01-03,133,25,77
CENTRO 1,2026-01-04,130,25,70
CENTRO 1,2026-01-05,125,23,59
CENTRO 1,2026-01-06,127,23,61
CENTRO 1,2026-01-07,125,21,59
CENTRO 1,2026-01-08,125,23,60
CENTRO 1,2026-01-09,130,29,66
CENTRO 1,2026-01-10,131,31,77
CENTRO 1,2026-01-11,124,37,76
CENTRO 1,2026-01-12,132,38,75
CENTRO 1,2026-01-13,137,30,76
CENTRO 1,2026-01-14,133,31,72
CENTRO 1,2026-01-15,139,29,70
CENTRO 1,2026-01-16,138,29,78
CENTRO 1,2026-01-17,136,38,80
CENTRO 1,2026-01-18,134,31,89
CENTRO 1,2026-01-19,134,36,88
CENTRO 1,2026-01-20,134,36,88
CENTRO 1,2026-01-21,131,37,73
CENTRO 1,2026-01-22,128,30,78
CENTRO 1,2026-01-23,137,30,79
CENTRO 1,2026-01-24,137,31,83
CENTRO 1,2026-01-25,133,30,87
CENTRO 1,2026-01-26,125,29,79
CENTRO 1,2026-01-27,129,26,74
CENTRO 1,2026-01-28,125,26,78
CENTRO 1,2026-01-29,127,25,73
CENTRO 1,2026-01-30,130,26,89
CENTRO 1,2026-01-31,136,31,104
CENTRO 1,2026-02-01,144,42,113
CENTRO 1,2026-02-02,143,46,106
CENTRO 1,2026-02-03,144,60,112
CENTRO 1,2026-02-04,142,58,94
CENTRO 1,2026-02-05,131,50,86
CENTRO 1,2026-02-06,129,51,95
CENTRO 1,2026-02-07,136,50,101
CENTRO 1,2026-02-08,140,38,89
CENTRO 1,2026-02-09,139,37,85
CENTRO 1,2026-02-10,136,46,91
CENTRO 1,2026-02-11,137,36,80
CENTRO 1,2026-02-12,131,36,72
CENTRO 1,2026-02-13,139,36,74
CENTRO 1,2026-02-14,141,37,77
CENTRO 1,2026-02-15,142,34,75
CENTRO 1,2026-02-16,141,36,88
CENTRO 1,2026-02-17,140,39,75
CENTRO 1,2026-02-18,140,36,69
CENTRO 1,2026-02-19,133,33,64
CENTRO 1,2026-02-20,127,36,72
CENTRO 1,2026-02-21,129,36,77
CENTRO 1,2026-02-22,119,28,78
CENTRO 1,2026-02-23,121,30,78
CENTRO 1,2026-02-24,124,26,83
CENTRO 1,2026-02-25,127,27,73
CENTRO 1,2026-02-26,129,27,72
CENTRO 1,2026-02-27,132,33,88
CENTRO 1,2026-02-28,131,42,88
CENTRO 1,2026-03-01,139,54,90
CENTRO 1,2026-03-02,139,50,89
CENTRO 1,2026-03-03,139,66,89
CENTRO 1,2026-03-04,145,55,86
CENTRO 1,2026-03-05,144,59,87
CENTRO 1,2026-03-06,137,48,87
CENTRO 1,2026-03-07,142,44,85
CENTRO 1,2026-03-08,135,37,74
CENTRO 1,2026-03-09,139,37,79
CENTRO 1,2026-03-10,138,39,76
CENTRO 1,2026-03-11,138,34,70
CENTRO 1,2026-03-12,135,28,65
CENTRO 1,2026-03-13,135,33,70
CENTRO 1,2026-03-14,139,40,80
CENTRO 1,2026-03-15,134,35,74
CENTRO 1,2026-03-16,139,31,74
CENTRO 1,2026-03-17,146,33,84
CENTRO 1,2026-03-18,136,33,85
CENTRO 1,2026-03-19,130,30,77
CENTRO 1,2026-03-20,133,38,76
CENTRO 1,2026-03-21,140,49,86
CENTRO 1,2026-03-22,135,41,85
CENTRO 1,2026-03-23,138,35,84
CENTRO 1,2026-03-24,138,36,79
CENTRO 1,2026-03-25,137,30,81
CENTRO 1,2026-03-26,134,26,77
CENTRO 1,2026-03-27,133,26,86
CENTRO 1,2026-03-28,134,26,91
CENTRO 1,2026-03-29,131,23,85
CENTRO 1,2026-03-30,139,33,88
CENTRO 1,2026-03-31,135,33,87
CENTRO 1,2026-04-01,137,35,82
CENTRO 1,2026-04-02,139,28,86
CENTRO 1,2026-04-03,139,41,82
CENTRO 1,2026-04-04,143,45,94
CENTRO 1,2026-04-05,152,52,99
CENTRO 1,2026-04-06,162,52,96
CENTRO 1,2026-04-07,144,46,77
CENTRO 1,2026-04-08,135,48,77
CENTRO 1,2026-04-09,135,45,74
CENTRO 1,2026-04-10,151,57,73
CENTRO 1,2026-04-11,149,59,78
CENTRO 1,2026-04-12,137,70,80
CENTRO 1,2026-04-13,141,81,76
CENTRO 1,2026-04-14,145,79,70
CENTRO 1,2026-04-15,144,69,65
CENTRO 1,2026-04-16,143,76,66
CENTRO 1,2026-04-17,143,83,71
CENTRO 1,2026-04-18,135,87,84
CENTRO 1,2026-04-19,137,95,79
CENTRO 1,2026-04-20,141,106,78
CENTRO 1,2026-04-21,139,96,78
CENTRO 1,2026-04-22,124,101,77
CENTRO 1,2026-04-23,126,89,66
CENTRO 1,2026-04-24,128,78,76
CENTRO 1,2026-04-25,136,72,84
CENTRO 1,2026-04-26,141,67,84
CENTRO 1,2026-04-27,136,74,94
CENTRO 1,2026-04-28,138,75,91
CENTRO 1,2026-04-29,134,78,83
CENTRO 1,2026-04-30,131,76,66
CENTRO 2,2025-04-30,96,57,63
CENTRO 2,2025-05-01,66,49,70
CENTRO 2,2025-05-02,72,52,79
CENTRO 2,2025-05-03,73,53,69
CENTRO 2,2025-05-04,75,53,67
CENTRO 2,2025-05-05,83,57,70
CENTRO 2,2025-05-06,73,55,69
CENTRO 2,2025-05-07,65,54,67
CENTRO 2,2025-05-08,64,50,53
CENTRO 2,2025-05-09,63,53,53
CENTRO 2,2025-05-10,76,53,63
CENTRO 2,2025-05-11,76,54,69
CENTRO 2,2025-05-12,84,59,66
CENTRO 2,2025-05-13,84,49,62
CENTRO 2,2025-05-14,76,51,50
CENTRO 2,2025-05-15,65,50,43
CENTRO 2,2025-05-16,71,52,47
CENTRO 2,2025-05-17,76,57,59
CENTRO 2,2025-05-18,79,61,51
CENTRO 2,2025-05-19,90,68,57
CENTRO 2,2025-05-20,79,72,70
CENTRO 2,2025-05-21,62,73,56
CENTRO 2,2025-05-22,72,68,59
CENTRO 2,2025-05-23,41,22,47
CENTRO 2,2025-05-24,52,28,58
CENTRO 2,2025-05-25,47,19,50
CENTRO 2,2025-05-26,48,20,64
CENTRO 2,2025-05-27,36,19,61
CENTRO 2,2025-05-28,29,15,54
CENTRO 2,2025-05-29,29,10,45
CENTRO 2,2025-05-30,40,20,52
CENTRO 2,2025-05-31,44,25,77
CENTRO 2,2025-06-01,55,33,73
CENTRO 2,2025-06-02,86,36,96
CENTRO 2,2025-06-03,86,45,88
CENTRO 2,2025-06-04,86,50,96
CENTRO 2,2025-06-05,68,39,80
CENTRO 2,2025-06-06,59,53,104
CENTRO 2,2025-06-07,70,49,103
CENTRO 2,2025-06-08,69,46,102
CENTRO 2,2025-06-09,92,50,108
CENTRO 2,2025-06-10,72,48,107
CENTRO 2,2025-06-11,61,44,94
CENTRO 2,2025-06-12,51,38,69
CENTRO 2,2025-06-13,51,47,78
CENTRO 2,2025-06-14,69,52,79
CENTRO 2,2025-06-15,71,61,99
CENTRO 2,2025-06-16,105,74,108
CENTRO 2,2025-06-17,105,91,105
CENTRO 2,2025-06-18,87,69,99
CENTRO 2,2025-06-19,73,67,82
CENTRO 2,2025-06-20,71,63,100
CENTRO 2,2025-06-21,76,72,114
CENTRO 2,2025-06-22,87,72,111
CENTRO 2,2025-06-23,106,84,132
CENTRO 2,2025-06-24,85,71,118
CENTRO 2,2025-06-25,78,61,117
CENTRO 2,2025-06-26,76,46,107
CENTRO 2,2025-06-27,94,43,115
CENTRO 2,2025-06-28,109,42,119
CENTRO 2,2025-06-29,114,45,126
CENTRO 2,2025-06-30,130,58,140
CENTRO 2,2025-07-01,128,63,151
CENTRO 2,2025-07-02,122,66,137
CENTRO 2,2025-07-03,114,66,112
CENTRO 2,2025-07-04,124,72,118
CENTRO 2,2025-07-05,122,78,134
CENTRO 2,2025-07-06,133,71,112
CENTRO 2,2025-07-07,147,80,120
CENTRO 2,2025-07-08,131,70,115
CENTRO 2,2025-07-09,106,57,87
CENTRO 2,2025-07-10,91,45,72
CENTRO 2,2025-07-11,91,40,81
CENTRO 2,2025-07-12,96,39,95
CENTRO 2,2025-07-13,100,39,90
CENTRO 2,2025-07-14,99,43,98
CENTRO 2,2025-07-15,97,41,87
CENTRO 2,2025-07-16,96,32,79
CENTRO 2,2025-07-17,93,29,69
CENTRO 2,2025-07-18,98,42,91
CENTRO 2,2025-07-19,117,51,97
CENTRO 2,2025-07-20,107,55,99
CENTRO 2,2025-07-21,121,57,108
CENTRO 2,2025-07-22,116,63,116
CENTRO 2,2025-07-23,108,49,117
CENTRO 2,2025-07-24,102,37,94
CENTRO 2,2025-07-25,104,38,94
CENTRO 2,2025-07-26,114,42,100
CENTRO 2,2025-07-27,106,42,105
CENTRO 2,2025-07-28,111,54,122
CENTRO 2,2025-07-29,44,33,109
CENTRO 2,2025-07-30,33,27,93
CENTRO 2,2025-07-31,34,19,92
CENTRO 2,2025-08-01,41,29,109
CENTRO 2,2025-08-02,54,28,132
CENTRO 2,2025-08-03,54,32,126
CENTRO 2,2025-08-04,69,47,146
CENTRO 2,2025-08-05,56,54,136
CENTRO 2,2025-08-06,58,57,126
CENTRO 2,2025-08-07,50,47,105
CENTRO 2,2025-08-08,57,50,112
CENTRO 2,2025-08-09,67,39,130
CENTRO 2,2025-08-10,62,46,120
CENTRO 2,2025-08-11,68,61,136
CENTRO 2,2025-08-12,43,71,126
CENTRO 2,2025-08-13,40,68,109
CENTRO 2,2025-08-14,31,51,102
CENTRO 2,2025-08-15,39,49,107
CENTRO 2,2025-08-16,45,46,112
CENTRO 2,2025-08-17,50,63,113
CENTRO 2,2025-08-18,62,67,123
CENTRO 2,2025-08-19,71,68,114
CENTRO 2,2025-08-20,57,62,107
CENTRO 2,2025-08-21,52,49,81
CENTRO 2,2025-08-22,60,48,93
CENTRO 2,2025-08-23,65,46,92
CENTRO 2,2025-08-24,52,49,88
CENTRO 2,2025-08-25,54,53,100
CENTRO 2,2025-08-26,46,50,93
CENTRO 2,2025-08-27,47,38,79
CENTRO 2,2025-08-28,42,37,79
CENTRO 2,2025-08-29,49,34,114
CENTRO 2,2025-08-30,56,39,122
CENTRO 2,2025-08-31,60,46,130
CENTRO 2,2025-09-01,70,61,169
CENTRO 2,2025-09-02,51,49,152
CENTRO 2,2025-09-03,47,47,133
CENTRO 2,2025-09-04,45,42,107
CENTRO 2,2025-09-05,59,45,108
CENTRO 2,2025-09-06,55,53,121
CENTRO 2,2025-09-07,57,50,110
CENTRO 2,2025-09-08,65,42,114
CENTRO 2,2025-09-09,65,25,83
CENTRO 2,2025-09-10,49,24,73
CENTRO 2,2025-09-11,38,23,67
CENTRO 2,2025-09-12,39,21,74
CENTRO 2,2025-09-13,43,22,74
CENTRO 2,2025-09-14,50,22,68
CENTRO 2,2025-09-15,57,25,81
CENTRO 2,2025-09-16,72,31,76
CENTRO 2,2025-09-17,74,31,76
CENTRO 2,2025-09-18,58,20,64
CENTRO 2,2025-09-19,56,17,67
CENTRO 2,2025-09-20,57,15,56
CENTRO 2,2025-09-21,54,24,56
CENTRO 2,2025-09-22,60,25,70
CENTRO 2,2025-09-23,63,16,55
CENTRO 2,2025-09-24,54,13,52
CENTRO 2,2025-09-25,51,16,50
CENTRO 2,2025-09-26,57,23,61
CENTRO 2,2025-09-27,59,28,87
CENTRO 2,2025-09-28,67,30,92
CENTRO 2,2025-09-29,89,38,110
CENTRO 2,2025-09-30,81,45,102
CENTRO 2,2025-10-01,63,46,98
CENTRO 2,2025-10-02,54,37,74
CENTRO 2,2025-10-03,55,36,72
CENTRO 2,2025-10-04,59,41,78
CENTRO 2,2025-10-05,68,45,84
CENTRO 2,2025-10-06,77,47,76
CENTRO 2,2025-10-07,64,35,78
CENTRO 2,2025-10-08,56,30,68
CENTRO 2,2025-10-09,55,31,68
CENTRO 2,2025-10-10,66,33,72
CENTRO 2,2025-10-11,63,33,74
CENTRO 2,2025-10-12,62,33,73
CENTRO 2,2025-10-13,67,54,99
CENTRO 2,2025-10-14,76,57,89
CENTRO 2,2025-10-15,92,42,99
CENTRO 2,2025-10-16,95,36,95
CENTRO 2,2025-10-17,94,40,110
CENTRO 2,2025-10-18,96,42,111
CENTRO 2,2025-10-19,105,44,101
CENTRO 2,2025-10-20,105,53,106
CENTRO 2,2025-10-21,105,35,103
CENTRO 2,2025-10-22,103,25,96
CENTRO 2,2025-10-23,99,23,87
CENTRO 2,2025-10-24,106,22,90
CENTRO 2,2025-10-25,108,35,114
CENTRO 2,2025-10-26,108,31,98
CENTRO 2,2025-10-27,115,27,108
CENTRO 2,2025-10-28,116,31,95
CENTRO 2,2025-10-29,108,25,87
CENTRO 2,2025-10-30,110,18,81
CENTRO 2,2025-10-31,111,23,111
CENTRO 2,2025-11-01,112,21,113
CENTRO 2,2025-11-02,107,23,106
CENTRO 2,2025-11-03,118,28,120
CENTRO 2,2025-11-04,119,25,106
CENTRO 2,2025-11-05,113,23,92
CENTRO 2,2025-11-06,101,21,74
CENTRO 2,2025-11-07,102,18,87
CENTRO 2,2025-11-08,109,26,83
CENTRO 2,2025-11-09,114,24,81
CENTRO 2,2025-11-10,112,23,87
CENTRO 2,2025-11-11,115,31,91
CENTRO 2,2025-11-12,106,24,83
CENTRO 2,2025-11-13,106,18,70
CENTRO 2,2025-11-14,105,22,97
CENTRO 2,2025-11-15,112,20,113
CENTRO 2,2025-11-16,109,26,108
CENTRO 2,2025-11-17,114,39,116
CENTRO 2,2025-11-18,120,45,118
CENTRO 2,2025-11-19,115,51,111
CENTRO 2,2025-11-20,109,40,93
CENTRO 2,2025-11-21,111,44,92
CENTRO 2,2025-11-22,116,48,90
CENTRO 2,2025-11-23,110,35,82
CENTRO 2,2025-11-24,118,30,95
CENTRO 2,2025-11-25,119,30,91
CENTRO 2,2025-11-26,111,24,73
CENTRO 2,2025-11-27,105,20,69
CENTRO 2,2025-11-28,115,28,107
CENTRO 2,2025-11-29,115,31,132
CENTRO 2,2025-11-30,119,27,126
CENTRO 2,2025-12-01,121,33,137
CENTRO 2,2025-12-02,120,34,114
CENTRO 2,2025-12-03,121,40,99
CENTRO 2,2025-12-04,121,33,100
CENTRO 2,2025-12-05,119,37,93
CENTRO 2,2025-12-06,127,41,110
CENTRO 2,2025-12-07,125,36,112
CENTRO 2,2025-12-08,128,29,111
CENTRO 2,2025-12-09,126,28,102
CENTRO 2,2025-12-10,120,26,85
CENTRO 2,2025-12-11,122,21,83
CENTRO 2,2025-12-12,122,27,92
CENTRO 2,2025-12-13,127,29,96
CENTRO 2,2025-12-14,132,25,106
CENTRO 2,2025-12-15,137,24,108
CENTRO 2,2025-12-16,132,25,99
CENTRO 2,2025-12-17,132,27,86
CENTRO 2,2025-12-18,126,28,85
CENTRO 2,2025-12-19,130,35,100
CENTRO 2,2025-12-20,133,32,106
CENTRO 2,2025-12-21,131,36,90
CENTRO 2,2025-12-22,144,38,103
CENTRO 2,2025-12-23,133,34,97
CENTRO 2,2025-12-24,126,17,74
CENTRO 2,2025-12-25,125,16,70
CENTRO 2,2025-12-26,130,26,92
CENTRO 2,2025-12-27,132,25,81
CENTRO 2,2025-12-28,130,22,72
CENTRO 2,2025-12-29,128,20,68
CENTRO 2,2025-12-30,125,17,68
CENTRO 2,2025-12-31,120,15,66
CENTRO 2,2026-01-01,125,15,64
CENTRO 2,2026-01-02,139,21,85
CENTRO 2,2026-01-03,138,29,93
CENTRO 2,2026-01-04,142,25,82
CENTRO 2,2026-01-05,135,25,80
CENTRO 2,2026-01-06,137,16,82
CENTRO 2,2026-01-07,130,14,79
CENTRO 2,2026-01-08,132,19,66
CENTRO 2,2026-01-09,137,19,85
CENTRO 2,2026-01-10,135,29,97
CENTRO 2,2026-01-11,130,26,92
CENTRO 2,2026-01-12,142,37,98
CENTRO 2,2026-01-13,132,31,90
CENTRO 2,2026-01-14,133,30,78
CENTRO 2,2026-01-15,133,18,78
CENTRO 2,2026-01-16,138,25,94
CENTRO 2,2026-01-17,144,32,94
CENTRO 2,2026-01-18,145,31,91
CENTRO 2,2026-01-19,147,36,101
CENTRO 2,2026-01-20,138,43,94
CENTRO 2,2026-01-21,128,35,85
CENTRO 2,2026-01-22,128,35,84
CENTRO 2,2026-01-23,128,32,88
CENTRO 2,2026-01-24,133,29,97
CENTRO 2,2026-01-25,128,23,95
CENTRO 2,2026-01-26,129,30,101
CENTRO 2,2026-01-27,127,26,109
CENTRO 2,2026-01-28,126,26,102
CENTRO 2,2026-01-29,123,28,95
CENTRO 2,2026-01-30,131,35,116
CENTRO 2,2026-01-31,139,35,142
CENTRO 2,2026-02-01,137,36,145
CENTRO 2,2026-02-02,144,55,155
CENTRO 2,2026-02-03,150,76,182
CENTRO 2,2026-02-04,139,80,163
CENTRO 2,2026-02-05,129,67,137
CENTRO 2,2026-02-06,134,61,119
CENTRO 2,2026-02-07,143,65,125
CENTRO 2,2026-02-08,135,67,118
CENTRO 2,2026-02-09,145,62,127
CENTRO 2,2026-02-10,132,50,104
CENTRO 2,2026-02-11,136,38,100
CENTRO 2,2026-02-12,131,25,93
CENTRO 2,2026-02-13,137,27,100
CENTRO 2,2026-02-14,142,26,102
CENTRO 2,2026-02-15,140,30,104
CENTRO 2,2026-02-16,146,32,110
CENTRO 2,2026-02-17,143,34,107
CENTRO 2,2026-02-18,141,40,103
CENTRO 2,2026-02-19,138,37,101
CENTRO 2,2026-02-20,139,40,116
CENTRO 2,2026-02-21,150,45,113
CENTRO 2,2026-02-22,142,42,111
CENTRO 2,2026-02-23,143,43,126
CENTRO 2,2026-02-24,136,35,119
CENTRO 2,2026-02-25,135,26,113
CENTRO 2,2026-02-26,137,30,104
CENTRO 2,2026-02-27,139,28,126
CENTRO 2,2026-02-28,149,33,134
CENTRO 2,2026-03-01,141,34,126
CENTRO 2,2026-03-02,145,41,120
CENTRO 2,2026-03-03,142,49,118
CENTRO 2,2026-03-04,139,52,112
CENTRO 2,2026-03-05,136,44,92
CENTRO 2,2026-03-06,136,34,109
CENTRO 2,2026-03-07,134,41,123
CENTRO 2,2026-03-08,134,48,122
CENTRO 2,2026-03-09,154,65,125
CENTRO 2,2026-03-10,151,56,129
CENTRO 2,2026-03-11,139,55,121
CENTRO 2,2026-03-12,139,36,107
CENTRO 2,2026-03-13,138,39,117
CENTRO 2,2026-03-14,136,43,110
CENTRO 2,2026-03-15,136,41,97
CENTRO 2,2026-03-16,148,36,123
CENTRO 2,2026-03-17,151,41,124
CENTRO 2,2026-03-18,140,29,103
CENTRO 2,2026-03-19,138,28,88
CENTRO 2,2026-03-20,135,34,95
CENTRO 2,2026-03-21,139,41,99
CENTRO 2,2026-03-22,143,45,91
CENTRO 2,2026-03-23,149,42,90
CENTRO 2,2026-03-24,145,35,89
CENTRO 2,2026-03-25,142,25,74
CENTRO 2,2026-03-26,135,18,79
CENTRO 2,2026-03-27,133,22,102
CENTRO 2,2026-03-28,135,21,103
CENTRO 2,2026-03-29,130,19,100
CENTRO 2,2026-03-30,141,23,106
CENTRO 2,2026-03-31,137,29,103
CENTRO 2,2026-04-01,133,27,100
CENTRO 2,2026-04-02,137,29,82
CENTRO 2,2026-04-03,137,39,103
CENTRO 2,2026-04-04,145,48,107
CENTRO 2,2026-04-05,166,56,113
CENTRO 2,2026-04-06,168,62,119
CENTRO 2,2026-04-07,145,55,99
CENTRO 2,2026-04-08,132,53,92
CENTRO 2,2026-04-09,131,50,73
CENTRO 2,2026-04-10,130,49,85
CENTRO 2,2026-04-11,136,50,84
CENTRO 2,2026-04-12,135,54,79
CENTRO 2,2026-04-13,150,70,89
CENTRO 2,2026-04-14,144,65,84
CENTRO 2,2026-04-15,143,71,74
CENTRO 2,2026-04-16,143,65,70
CENTRO 2,2026-04-17,156,79,82
CENTRO 2,2026-04-18,167,79,90
CENTRO 2,2026-04-19,158,87,97
CENTRO 2,2026-04-20,176,93,118
CENTRO 2,2026-04-21,165,94,109
CENTRO 2,2026-04-22,162,80,101
CENTRO 2,2026-04-23,153,58,85
CENTRO 2,2026-04-24,147,61,103
CENTRO 2,2026-04-25,157,55,106
CENTRO 2,2026-04-26,155,54,100
CENTRO 2,2026-04-27,154,61,109
CENTRO 2,2026-04-28,149,53,96
CENTRO 2,2026-04-29,146,57,95
CENTRO 2,2026-04-30,146,59,90
NORESTE-FRONTERA,2025-04-30,89,29,49
NORESTE-FRONTERA,2025-05-01,90,30,54
NORESTE-FRONTERA,2025-05-02,94,31,57
NORESTE-FRONTERA,2025-05-03,95,36,61
NORESTE-FRONTERA,2025-05-04,95,34,59
NORESTE-FRONTERA,2025-05-05,100,34,62
NORESTE-FRONTERA,2025-05-06,100,37,61
NORESTE-FRONTERA,2025-05-07,95,36,63
NORESTE-FRONTERA,2025-05-08,94,39,60
NORESTE-FRONTERA,2025-05-09,96,50,61
NORESTE-FRONTERA,2025-05-10,102,58,69
NORESTE-FRONTERA,2025-05-11,100,68,77
NORESTE-FRONTERA,2025-05-12,106,49,70
NORESTE-FRONTERA,2025-05-13,118,46,67
NORESTE-FRONTERA,2025-05-14,108,40,52
NORESTE-FRONTERA,2025-05-15,102,37,45
NORESTE-FRONTERA,2025-05-16,104,37,48
NORESTE-FRONTERA,2025-05-17,105,46,62
NORESTE-FRONTERA,2025-05-18,114,58,71
NORESTE-FRONTERA,2025-05-19,125,61,72
NORESTE-FRONTERA,2025-05-20,122,74,82
NORESTE-FRONTERA,2025-05-21,127,86,84
NORESTE-FRONTERA,2025-05-22,126,74,84
NORESTE-FRONTERA,2025-05-23,37,38,37
NORESTE-FRONTERA,2025-05-24,49,40,47
NORESTE-FRONTERA,2025-05-25,57,38,57
NORESTE-FRONTERA,2025-05-26,61,33,73
NORESTE-FRONTERA,2025-05-27,56,33,69
NORESTE-FRONTERA,2025-05-28,50,30,65
NORESTE-FRONTERA,2025-05-29,40,16,42
NORESTE-FRONTERA,2025-05-30,44,16,42
NORESTE-FRONTERA,2025-05-31,50,16,52
NORESTE-FRONTERA,2025-06-01,59,19,70
NORESTE-FRONTERA,2025-06-02,61,25,69
NORESTE-FRONTERA,2025-06-03,70,46,65
NORESTE-FRONTERA,2025-06-04,81,45,71
NORESTE-FRONTERA,2025-06-05,83,31,61
NORESTE-FRONTERA,2025-06-06,89,26,61
NORESTE-FRONTERA,2025-06-07,95,27,60
NORESTE-FRONTERA,2025-06-08,102,35,52
NORESTE-FRONTERA,2025-06-09,99,30,54
NORESTE-FRONTERA,2025-06-10,95,21,50
NORESTE-FRONTERA,2025-06-11,96,19,53
NORESTE-FRONTERA,2025-06-12,77,9,28
NORESTE-FRONTERA,2025-06-13,75,14,36
NORESTE-FRONTERA,2025-06-14,88,22,47
NORESTE-FRONTERA,2025-06-15,93,22,54
NORESTE-FRONTERA,2025-06-16,122,22,54
NORESTE-FRONTERA,2025-06-17,122,21,52
NORESTE-FRONTERA,2025-06-18,119,23,49
NORESTE-FRONTERA,2025-06-19,100,21,41
NORESTE-FRONTERA,2025-06-20,96,22,53
NORESTE-FRONTERA,2025-06-21,103,22,54
NORESTE-FRONTERA,2025-06-22,101,29,54
NORESTE-FRONTERA,2025-06-23,116,34,68
NORESTE-FRONTERA,2025-06-24,111,26,46
NORESTE-FRONTERA,2025-06-25,119,25,46
NORESTE-FRONTERA,2025-06-26,104,15,41
NORESTE-FRONTERA,2025-06-27,108,19,55
NORESTE-FRONTERA,2025-06-28,124,25,67
NORESTE-FRONTERA,2025-06-29,149,33,67
NORESTE-FRONTERA,2025-06-30,152,30,70
NORESTE-FRONTERA,2025-07-01,154,37,79
NORESTE-FRONTERA,2025-07-02,152,46,86
NORESTE-FRONTERA,2025-07-03,157,40,66
NORESTE-FRONTERA,2025-07-04,165,55,79
NORESTE-FRONTERA,2025-07-05,178,72,84
NORESTE-FRONTERA,2025-07-06,171,84,100
NORESTE-FRONTERA,2025-07-07,191,98,119
NORESTE-FRONTERA,2025-07-08,190,111,131
NORESTE-FRONTERA,2025-07-09,189,90,120
NORESTE-FRONTERA,2025-07-10,168,70,106
NORESTE-FRONTERA,2025-07-11,184,69,108
NORESTE-FRONTERA,2025-07-12,188,82,116
NORESTE-FRONTERA,2025-07-13,217,66,117
NORESTE-FRONTERA,2025-07-14,226,68,135
NORESTE-FRONTERA,2025-07-15,227,66,131
NORESTE-FRONTERA,2025-07-16,199,60,112
NORESTE-FRONTERA,2025-07-17,131,59,99
NORESTE-FRONTERA,2025-07-18,130,68,112
NORESTE-FRONTERA,2025-07-19,132,68,111
NORESTE-FRONTERA,2025-07-20,111,85,115
NORESTE-FRONTERA,2025-07-21,137,87,118
NORESTE-FRONTERA,2025-07-22,134,92,125
NORESTE-FRONTERA,2025-07-23,108,88,109
NORESTE-FRONTERA,2025-07-24,105,75,98
NORESTE-FRONTERA,2025-07-25,101,74,89
NORESTE-FRONTERA,2025-07-26,94,74,96
NORESTE-FRONTERA,2025-07-27,95,80,95
NORESTE-FRONTERA,2025-07-28,98,70,76
NORESTE-FRONTERA,2025-07-29,89,48,67
NORESTE-FRONTERA,2025-07-30,88,41,56
NORESTE-FRONTERA,2025-07-31,82,42,42
NORESTE-FRONTERA,2025-08-01,81,31,46
NORESTE-FRONTERA,2025-08-02,72,32,51
NORESTE-FRONTERA,2025-08-03,84,33,61
NORESTE-FRONTERA,2025-08-04,90,39,72
NORESTE-FRONTERA,2025-08-05,103,40,72
NORESTE-FRONTERA,2025-08-06,94,36,59
NORESTE-FRONTERA,2025-08-07,78,24,36
NORESTE-FRONTERA,2025-08-08,67,15,38
NORESTE-FRONTERA,2025-08-09,65,14,37
NORESTE-FRONTERA,2025-08-10,60,8,35
NORESTE-FRONTERA,2025-08-11,66,6,39
NORESTE-FRONTERA,2025-08-12,41,4,33
NORESTE-FRONTERA,2025-08-13,39,4,29
NORESTE-FRONTERA,2025-08-14,35,5,19
NORESTE-FRONTERA,2025-08-15,37,6,23
NORESTE-FRONTERA,2025-08-16,40,10,39
NORESTE-FRONTERA,2025-08-17,46,16,41
NORESTE-FRONTERA,2025-08-18,45,10,41
NORESTE-FRONTERA,2025-08-19,41,17,40
NORESTE-FRONTERA,2025-08-20,42,18,43
NORESTE-FRONTERA,2025-08-21,36,12,39
NORESTE-FRONTERA,2025-08-22,51,12,41
NORESTE-FRONTERA,2025-08-23,37,18,51
NORESTE-FRONTERA,2025-08-24,47,27,66
NORESTE-FRONTERA,2025-08-25,58,39,63
NORESTE-FRONTERA,2025-08-26,58,38,63
NORESTE-FRONTERA,2025-08-27,56,27,59
NORESTE-FRONTERA,2025-08-28,48,23,38
NORESTE-FRONTERA,2025-08-29,56,25,49
NORESTE-FRONTERA,2025-08-30,67,31,58
NORESTE-FRONTERA,2025-08-31,59,28,49
NORESTE-FRONTERA,2025-09-01,71,25,48
NORESTE-FRONTERA,2025-09-02,73,28,47
NORESTE-FRONTERA,2025-09-03,69,26,46
NORESTE-FRONTERA,2025-09-04,65,24,38
NORESTE-FRONTERA,2025-09-05,58,23,53
NORESTE-FRONTERA,2025-09-06,75,26,62
NORESTE-FRONTERA,2025-09-07,66,18,59
NORESTE-FRONTERA,2025-09-08,73,21,55
NORESTE-FRONTERA,2025-09-09,75,19,50
NORESTE-FRONTERA,2025-09-10,71,15,45
NORESTE-FRONTERA,2025-09-11,70,9,36
NORESTE-FRONTERA,2025-09-12,73,8,40
NORESTE-FRONTERA,2025-09-13,68,12,33
NORESTE-FRONTERA,2025-09-14,71,20,36
NORESTE-FRONTERA,2025-09-15,73,23,47
NORESTE-FRONTERA,2025-09-16,70,15,40
NORESTE-FRONTERA,2025-09-17,82,10,46
NORESTE-FRONTERA,2025-09-18,81,7,40
NORESTE-FRONTERA,2025-09-19,76,5,45
NORESTE-FRONTERA,2025-09-20,83,8,42
NORESTE-FRONTERA,2025-09-21,82,9,35
NORESTE-FRONTERA,2025-09-22,88,7,37
NORESTE-FRONTERA,2025-09-23,85,7,35
NORESTE-FRONTERA,2025-09-24,83,6,37
NORESTE-FRONTERA,2025-09-25,76,4,31
NORESTE-FRONTERA,2025-09-26,74,7,29
NORESTE-FRONTERA,2025-09-27,84,16,36
NORESTE-FRONTERA,2025-09-28,88,14,35
NORESTE-FRONTERA,2025-09-29,91,17,34
NORESTE-FRONTERA,2025-09-30,87,14,37
NORESTE-FRONTERA,2025-10-01,89,13,36
NORESTE-FRONTERA,2025-10-02,89,11,36
NORESTE-FRONTERA,2025-10-03,88,11,33
NORESTE-FRONTERA,2025-10-04,95,13,43
NORESTE-FRONTERA,2025-10-05,101,16,42
NORESTE-FRONTERA,2025-10-06,107,17,46
NORESTE-FRONTERA,2025-10-07,105,13,41
NORESTE-FRONTERA,2025-10-08,101,14,35
NORESTE-FRONTERA,2025-10-09,103,12,31
NORESTE-FRONTERA,2025-10-10,96,12,41
NORESTE-FRONTERA,2025-10-11,100,12,38
NORESTE-FRONTERA,2025-10-12,107,14,33
NORESTE-FRONTERA,2025-10-13,111,26,38
NORESTE-FRONTERA,2025-10-14,127,22,41
NORESTE-FRONTERA,2025-10-15,151,19,46
NORESTE-FRONTERA,2025-10-16,152,13,43
NORESTE-FRONTERA,2025-10-17,154,13,39
NORESTE-FRONTERA,2025-10-18,168,18,37
NORESTE-FRONTERA,2025-10-19,168,20,42
NORESTE-FRONTERA,2025-10-20,167,15,50
NORESTE-FRONTERA,2025-10-21,163,14,43
NORESTE-FRONTERA,2025-10-22,154,15,41
NORESTE-FRONTERA,2025-10-23,162,15,37
NORESTE-FRONTERA,2025-10-24,164,12,39
NORESTE-FRONTERA,2025-10-25,168,14,49
NORESTE-FRONTERA,2025-10-26,165,15,44
NORESTE-FRONTERA,2025-10-27,173,16,44
NORESTE-FRONTERA,2025-10-28,170,16,40
NORESTE-FRONTERA,2025-10-29,168,15,50
NORESTE-FRONTERA,2025-10-30,116,12,48
NORESTE-FRONTERA,2025-10-31,113,10,45
NORESTE-FRONTERA,2025-11-01,116,8,41
NORESTE-FRONTERA,2025-11-02,117,9,47
NORESTE-FRONTERA,2025-11-03,119,13,56
NORESTE-FRONTERA,2025-11-04,122,11,43
NORESTE-FRONTERA,2025-11-05,116,11,40
NORESTE-FRONTERA,2025-11-06,118,11,34
NORESTE-FRONTERA,2025-11-07,98,13,41
NORESTE-FRONTERA,2025-11-08,100,14,39
NORESTE-FRONTERA,2025-11-09,102,14,36
NORESTE-FRONTERA,2025-11-10,105,17,38
NORESTE-FRONTERA,2025-11-11,99,12,37
NORESTE-FRONTERA,2025-11-12,101,13,38
NORESTE-FRONTERA,2025-11-13,100,10,38
NORESTE-FRONTERA,2025-11-14,105,14,41
NORESTE-FRONTERA,2025-11-15,113,13,42
NORESTE-FRONTERA,2025-11-16,114,15,52
NORESTE-FRONTERA,2025-11-17,113,25,49
NORESTE-FRONTERA,2025-11-18,119,18,45
NORESTE-FRONTERA,2025-11-19,108,10,41
NORESTE-FRONTERA,2025-11-20,105,8,38
NORESTE-FRONTERA,2025-11-21,107,11,37
NORESTE-FRONTERA,2025-11-22,112,15,47
NORESTE-FRONTERA,2025-11-23,113,11,45
NORESTE-FRONTERA,2025-11-24,112,11,52
NORESTE-FRONTERA,2025-11-25,116,10,42
NORESTE-FRONTERA,2025-11-26,104,14,46
NORESTE-FRONTERA,2025-11-27,106,14,43
NORESTE-FRONTERA,2025-11-28,110,14,46
NORESTE-FRONTERA,2025-11-29,109,13,57
NORESTE-FRONTERA,2025-11-30,117,12,61
NORESTE-FRONTERA,2025-12-01,120,16,65
NORESTE-FRONTERA,2025-12-02,111,11,56
NORESTE-FRONTERA,2025-12-03,109,13,54
NORESTE-FRONTERA,2025-12-04,108,12,48
NORESTE-FRONTERA,2025-12-05,112,12,48
NORESTE-FRONTERA,2025-12-06,117,15,44
NORESTE-FRONTERA,2025-12-07,114,13,49
NORESTE-FRONTERA,2025-12-08,119,12,46
NORESTE-FRONTERA,2025-12-09,109,15,47
NORESTE-FRONTERA,2025-12-10,103,14,39
NORESTE-FRONTERA,2025-12-11,110,14,41
NORESTE-FRONTERA,2025-12-12,107,15,43
NORESTE-FRONTERA,2025-12-13,111,16,37
NORESTE-FRONTERA,2025-12-14,110,18,40
NORESTE-FRONTERA,2025-12-15,117,17,38
NORESTE-FRONTERA,2025-12-16,117,21,45
NORESTE-FRONTERA,2025-12-17,121,16,39
NORESTE-FRONTERA,2025-12-18,120,13,40
NORESTE-FRONTERA,2025-12-19,119,14,35
NORESTE-FRONTERA,2025-12-20,121,15,41
NORESTE-FRONTERA,2025-12-21,117,22,46
NORESTE-FRONTERA,2025-12-22,121,23,45
NORESTE-FRONTERA,2025-12-23,117,16,48
NORESTE-FRONTERA,2025-12-24,120,12,49
NORESTE-FRONTERA,2025-12-25,113,9,37
NORESTE-FRONTERA,2025-12-26,117,14,43
NORESTE-FRONTERA,2025-12-27,118,9,44
NORESTE-FRONTERA,2025-12-28,117,10,42
NORESTE-FRONTERA,2025-12-29,116,8,36
NORESTE-FRONTERA,2025-12-30,115,8,32
NORESTE-FRONTERA,2025-12-31,120,8,32
NORESTE-FRONTERA,2026-01-01,123,10,34
NORESTE-FRONTERA,2026-01-02,135,11,39
NORESTE-FRONTERA,2026-01-03,132,12,46
NORESTE-FRONTERA,2026-01-04,132,11,41
NORESTE-FRONTERA,2026-01-05,128,8,37
NORESTE-FRONTERA,2026-01-06,125,11,37
NORESTE-FRONTERA,2026-01-07,125,12,42
NORESTE-FRONTERA,2026-01-08,126,9,35
NORESTE-FRONTERA,2026-01-09,131,18,38
NORESTE-FRONTERA,2026-01-10,129,15,38
NORESTE-FRONTERA,2026-01-11,125,14,40
NORESTE-FRONTERA,2026-01-12,130,18,51
NORESTE-FRONTERA,2026-01-13,132,25,51
NORESTE-FRONTERA,2026-01-14,126,26,49
NORESTE-FRONTERA,2026-01-15,126,25,47
NORESTE-FRONTERA,2026-01-16,122,18,45
NORESTE-FRONTERA,2026-01-17,125,16,47
NORESTE-FRONTERA,2026-01-18,129,18,48
NORESTE-FRONTERA,2026-01-19,133,23,54
NORESTE-FRONTERA,2026-01-20,132,15,51
NORESTE-FRONTERA,2026-01-21,128,18,52
NORESTE-FRONTERA,2026-01-22,125,10,48
NORESTE-FRONTERA,2026-01-23,127,10,41
NORESTE-FRONTERA,2026-01-24,134,11,52
NORESTE-FRONTERA,2026-01-25,132,18,49
NORESTE-FRONTERA,2026-01-26,129,19,53
NORESTE-FRONTERA,2026-01-27,126,11,47
NORESTE-FRONTERA,2026-01-28,125,12,44
NORESTE-FRONTERA,2026-01-29,128,7,43
NORESTE-FRONTERA,2026-01-30,129,7,42
NORESTE-FRONTERA,2026-01-31,131,11,49
NORESTE-FRONTERA,2026-02-01,129,21,52
NORESTE-FRONTERA,2026-02-02,136,17,56
NORESTE-FRONTERA,2026-02-03,138,15,56
NORESTE-FRONTERA,2026-02-04,136,11,43
NORESTE-FRONTERA,2026-02-05,136,10,41
NORESTE-FRONTERA,2026-02-06,138,13,35
NORESTE-FRONTERA,2026-02-07,141,15,42
NORESTE-FRONTERA,2026-02-08,139,17,44
NORESTE-FRONTERA,2026-02-09,135,16,45
NORESTE-FRONTERA,2026-02-10,135,17,49
NORESTE-FRONTERA,2026-02-11,133,16,40
NORESTE-FRONTERA,2026-02-12,136,11,36
NORESTE-FRONTERA,2026-02-13,136,9,38
NORESTE-FRONTERA,2026-02-14,136,14,47
NORESTE-FRONTERA,2026-02-15,137,15,42
NORESTE-FRONTERA,2026-02-16,141,21,45
NORESTE-FRONTERA,2026-02-17,138,15,37
NORESTE-FRONTERA,2026-02-18,136,10,38
NORESTE-FRONTERA,2026-02-19,129,12,30
NORESTE-FRONTERA,2026-02-20,133,11,32
NORESTE-FRONTERA,2026-02-21,136,9,39
NORESTE-FRONTERA,2026-02-22,142,11,38
NORESTE-FRONTERA,2026-02-23,142,13,43
NORESTE-FRONTERA,2026-02-24,142,11,33
NORESTE-FRONTERA,2026-02-25,147,8,39
NORESTE-FRONTERA,2026-02-26,139,7,35
NORESTE-FRONTERA,2026-02-27,142,9,45
NORESTE-FRONTERA,2026-02-28,147,10,47
NORESTE-FRONTERA,2026-03-01,139,14,55
NORESTE-FRONTERA,2026-03-02,143,16,53
NORESTE-FRONTERA,2026-03-03,143,17,53
NORESTE-FRONTERA,2026-03-04,147,15,46
NORESTE-FRONTERA,2026-03-05,144,10,39
NORESTE-FRONTERA,2026-03-06,147,12,47
NORESTE-FRONTERA,2026-03-07,143,13,51
NORESTE-FRONTERA,2026-03-08,139,13,43
NORESTE-FRONTERA,2026-03-09,143,15,49
NORESTE-FRONTERA,2026-03-10,141,16,42
NORESTE-FRONTERA,2026-03-11,137,15,47
NORESTE-FRONTERA,2026-03-12,140,11,46
NORESTE-FRONTERA,2026-03-13,141,15,45
NORESTE-FRONTERA,2026-03-14,144,17,45
NORESTE-FRONTERA,2026-03-15,149,12,44
NORESTE-FRONTERA,2026-03-16,154,18,37
NORESTE-FRONTERA,2026-03-17,154,23,40
NORESTE-FRONTERA,2026-03-18,155,23,44
NORESTE-FRONTERA,2026-03-19,147,20,39
NORESTE-FRONTERA,2026-03-20,148,17,45
NORESTE-FRONTERA,2026-03-21,150,14,51
NORESTE-FRONTERA,2026-03-22,143,17,43
NORESTE-FRONTERA,2026-03-23,141,17,48
NORESTE-FRONTERA,2026-03-24,140,13,41
NORESTE-FRONTERA,2026-03-25,137,10,40
NORESTE-FRONTERA,2026-03-26,138,10,36
NORESTE-FRONTERA,2026-03-27,145,11,39
NORESTE-FRONTERA,2026-03-28,152,11,46
NORESTE-FRONTERA,2026-03-29,143,12,44
NORESTE-FRONTERA,2026-03-30,145,16,42
NORESTE-FRONTERA,2026-03-31,140,13,33
NORESTE-FRONTERA,2026-04-01,142,15,41
NORESTE-FRONTERA,2026-04-02,145,13,44
NORESTE-FRONTERA,2026-04-03,151,14,45
NORESTE-FRONTERA,2026-04-04,147,15,41
NORESTE-FRONTERA,2026-04-05,146,17,45
NORESTE-FRONTERA,2026-04-06,153,15,43
NORESTE-FRONTERA,2026-04-07,143,16,37
NORESTE-FRONTERA,2026-04-08,140,14,43
NORESTE-FRONTERA,2026-04-09,135,24,43
NORESTE-FRONTERA,2026-04-10,112,31,54
NORESTE-FRONTERA,2026-04-11,114,43,65
NORESTE-FRONTERA,2026-04-12,110,49,72
NORESTE-FRONTERA,2026-04-13,115,51,82
NORESTE-FRONTERA,2026-04-14,114,51,85
NORESTE-FRONTERA,2026-04-15,99,58,76
NORESTE-FRONTERA,2026-04-16,100,56,63
NORESTE-FRONTERA,2026-04-17,109,48,72
NORESTE-FRONTERA,2026-04-18,113,49,67
NORESTE-FRONTERA,2026-04-19,110,67,70
NORESTE-FRONTERA,2026-04-20,126,70,77
NORESTE-FRONTERA,2026-04-21,123,61,78
NORESTE-FRONTERA,2026-04-22,114,45,64
NORESTE-FRONTERA,2026-04-23,109,34,59
NORESTE-FRONTERA,2026-04-24,114,34,57
NORESTE-FRONTERA,2026-04-25,116,34,51
NORESTE-FRONTERA,2026-04-26,120,28,54
NORESTE-FRONTERA,2026-04-27,119,24,58
NORESTE-FRONTERA,2026-04-28,118,12,45
NORESTE-FRONTERA,2026-04-29,120,14,48
NORESTE-FRONTERA,2026-04-30,109,15,45
NORTE,2025-04-30,40,14,28
NORTE,2025-05-01,39,14,32
NORTE,2025-05-02,38,17,39
NORTE,2025-05-03,41,19,35
NORTE,2025-05-04,43,24,35
NORTE,2025-05-05,48,27,40
NORTE,2025-05-06,48,17,34
NORTE,2025-05-07,46,17,26
NORTE,2025-05-08,46,17,24
NORTE,2025-05-09,47,15,25
NORTE,2025-05-10,46,14,34
NORTE,2025-05-11,47,15,38
NORTE,2025-05-12,56,16,32
NORTE,2025-05-13,54,16,30
NORTE,2025-05-14,42,16,21
NORTE,2025-05-15,36,12,19
NORTE,2025-05-16,34,12,17
NORTE,2025-05-17,35,13,18
NORTE,2025-05-18,40,12,22
NORTE,2025-05-19,46,15,28
NORTE,2025-05-20,43,14,29
NORTE,2025-05-21,45,14,27
NORTE,2025-05-22,41,14,26
NORTE,2025-05-23,9,2,19
NORTE,2025-05-24,17,3,18
NORTE,2025-05-25,19,6,14
NORTE,2025-05-26,25,10,13
NORTE,2025-05-27,22,5,12
NORTE,2025-05-28,18,4,19
NORTE,2025-05-29,10,4,22
NORTE,2025-05-30,17,4,27
NORTE,2025-05-31,22,5,27
NORTE,2025-06-01,28,9,31
NORTE,2025-06-02,31,16,32
NORTE,2025-06-03,35,21,31
NORTE,2025-06-04,37,22,37
NORTE,2025-06-05,35,21,42
NORTE,2025-06-06,39,21,39
NORTE,2025-06-07,49,30,50
NORTE,2025-06-08,41,31,58
NORTE,2025-06-09,47,35,55
NORTE,2025-06-10,55,30,47
NORTE,2025-06-11,47,33,35
NORTE,2025-06-12,33,25,33
NORTE,2025-06-13,27,30,46
NORTE,2025-06-14,34,35,47
NORTE,2025-06-15,40,27,42
NORTE,2025-06-16,45,20,53
NORTE,2025-06-17,43,27,53
NORTE,2025-06-18,45,17,47
NORTE,2025-06-19,40,15,43
NORTE,2025-06-20,44,8,43
NORTE,2025-06-21,45,7,48
NORTE,2025-06-22,42,8,42
NORTE,2025-06-23,46,12,45
NORTE,2025-06-24,43,9,27
NORTE,2025-06-25,39,7,19
NORTE,2025-06-26,40,6,10
NORTE,2025-06-27,43,6,15
NORTE,2025-06-28,50,9,23
NORTE,2025-06-29,79,17,31
NORTE,2025-06-30,92,25,45
NORTE,2025-07-01,107,44,61
NORTE,2025-07-02,91,40,61
NORTE,2025-07-03,84,30,52
NORTE,2025-07-04,91,36,45
NORTE,2025-07-05,95,45,58
NORTE,2025-07-06,95,52,70
NORTE,2025-07-07,110,52,93
NORTE,2025-07-08,98,52,105
NORTE,2025-07-09,90,36,105
NORTE,2025-07-10,79,36,77
NORTE,2025-07-11,80,29,78
NORTE,2025-07-12,79,25,73
NORTE,2025-07-13,75,29,52
NORTE,2025-07-14,83,34,61
NORTE,2025-07-15,75,34,66
NORTE,2025-07-16,53,35,65
NORTE,2025-07-17,53,28,49
NORTE,2025-07-18,53,32,77
NORTE,2025-07-19,60,35,93
NORTE,2025-07-20,64,48,112
NORTE,2025-07-21,62,52,120
NORTE,2025-07-22,58,46,128
NORTE,2025-07-23,65,44,141
NORTE,2025-07-24,75,50,146
NORTE,2025-07-25,84,63,166
NORTE,2025-07-26,63,76,170
NORTE,2025-07-27,86,87,187
NORTE,2025-07-28,80,95,194
NORTE,2025-07-29,59,98,181
NORTE,2025-07-30,54,105,190
NORTE,2025-07-31,45,87,171
NORTE,2025-08-01,49,88,165
NORTE,2025-08-02,65,91,175
NORTE,2025-08-03,72,106,183
NORTE,2025-08-04,72,116,197
NORTE,2025-08-05,72,113,179
NORTE,2025-08-06,55,116,166
NORTE,2025-08-07,51,103,126
NORTE,2025-08-08,50,89,111
NORTE,2025-08-09,56,72,81
NORTE,2025-08-10,55,66,84
NORTE,2025-08-11,59,54,74
NORTE,2025-08-12,28,36,52
NORTE,2025-08-13,27,24,44
NORTE,2025-08-14,29,18,38
NORTE,2025-08-15,34,22,31
NORTE,2025-08-16,32,23,34
NORTE,2025-08-17,40,22,42
NORTE,2025-08-18,48,20,44
NORTE,2025-08-19,43,35,53
NORTE,2025-08-20,31,35,64
NORTE,2025-08-21,21,32,73
NORTE,2025-08-22,24,38,71
NORTE,2025-08-23,27,34,64
NORTE,2025-08-24,36,29,69
NORTE,2025-08-25,33,42,78
NORTE,2025-08-26,31,37,65
NORTE,2025-08-27,30,35,54
NORTE,2025-08-28,29,30,42
NORTE,2025-08-29,37,29,50
NORTE,2025-08-30,61,30,45
NORTE,2025-08-31,57,34,54
NORTE,2025-09-01,77,35,62
NORTE,2025-09-02,78,36,62
NORTE,2025-09-03,62,35,54
NORTE,2025-09-04,55,22,47
NORTE,2025-09-05,59,10,31
NORTE,2025-09-06,60,18,21
NORTE,2025-09-07,58,16,23
NORTE,2025-09-08,50,18,26
NORTE,2025-09-09,40,16,26
NORTE,2025-09-10,37,14,20
NORTE,2025-09-11,35,8,24
NORTE,2025-09-12,33,6,23
NORTE,2025-09-13,36,5,20
NORTE,2025-09-14,36,3,21
NORTE,2025-09-15,40,2,18
NORTE,2025-09-16,45,2,14
NORTE,2025-09-17,45,5,16
NORTE,2025-09-18,46,6,11
NORTE,2025-09-19,47,5,12
NORTE,2025-09-20,47,6,16
NORTE,2025-09-21,47,7,21
NORTE,2025-09-22,50,8,31
NORTE,2025-09-23,32,7,26
NORTE,2025-09-24,27,9,25
NORTE,2025-09-25,25,4,21
NORTE,2025-09-26,28,5,18
NORTE,2025-09-27,40,6,19
NORTE,2025-09-28,44,9,25
NORTE,2025-09-29,42,7,26
NORTE,2025-09-30,38,6,28
NORTE,2025-10-01,36,4,23
NORTE,2025-10-02,34,4,21
NORTE,2025-10-03,38,5,19
NORTE,2025-10-04,39,5,17
NORTE,2025-10-05,43,9,20
NORTE,2025-10-06,52,10,21
NORTE,2025-10-07,41,4,14
NORTE,2025-10-08,40,1,15
NORTE,2025-10-09,40,3,13
NORTE,2025-10-10,45,1,15
NORTE,2025-10-11,44,1,15
NORTE,2025-10-12,57,2,12
NORTE,2025-10-13,67,4,20
NORTE,2025-10-14,63,2,22
NORTE,2025-10-15,72,4,29
NORTE,2025-10-16,83,5,31
NORTE,2025-10-17,92,20,44
NORTE,2025-10-18,96,33,48
NORTE,2025-10-19,104,46,56
NORTE,2025-10-20,101,41,65
NORTE,2025-10-21,77,24,53
NORTE,2025-10-22,77,18,45
NORTE,2025-10-23,66,8,35
NORTE,2025-10-24,68,9,31
NORTE,2025-10-25,68,8,26
NORTE,2025-10-26,69,6,26
NORTE,2025-10-27,69,3,15
NORTE,2025-10-28,65,1,15
NORTE,2025-10-29,64,2,16
NORTE,2025-10-30,66,1,15
NORTE,2025-10-31,67,5,20
NORTE,2025-11-01,67,4,26
NORTE,2025-11-02,66,3,33
NORTE,2025-11-03,71,3,28
NORTE,2025-11-04,74,3,20
NORTE,2025-11-05,77,NA,19
NORTE,2025-11-06,75,NA,17
NORTE,2025-11-07,50,NA,17
NORTE,2025-11-08,49,1,17
NORTE,2025-11-09,47,4,17
NORTE,2025-11-10,49,6,26
NORTE,2025-11-11,47,1,22
NORTE,2025-11-12,46,3,19
NORTE,2025-11-13,46,2,17
NORTE,2025-11-14,46,6,19
NORTE,2025-11-15,46,8,15
NORTE,2025-11-16,49,10,18
NORTE,2025-11-17,55,16,23
NORTE,2025-11-18,56,8,20
NORTE,2025-11-19,50,3,30
NORTE,2025-11-20,45,4,26
NORTE,2025-11-21,48,7,24
NORTE,2025-11-22,50,9,27
NORTE,2025-11-23,51,13,30
NORTE,2025-11-24,55,7,27
NORTE,2025-11-25,49,8,23
NORTE,2025-11-26,52,5,22
NORTE,2025-11-27,53,5,23
NORTE,2025-11-28,52,7,24
NORTE,2025-11-29,53,4,26
NORTE,2025-11-30,55,6,18
NORTE,2025-12-01,53,8,18
NORTE,2025-12-02,60,4,16
NORTE,2025-12-03,56,2,14
NORTE,2025-12-04,54,3,11
NORTE,2025-12-05,39,4,19
NORTE,2025-12-06,44,4,19
NORTE,2025-12-07,44,6,20
NORTE,2025-12-08,44,8,24
NORTE,2025-12-09,45,3,26
NORTE,2025-12-10,45,7,22
NORTE,2025-12-11,43,6,19
NORTE,2025-12-12,46,4,23
NORTE,2025-12-13,47,4,23
NORTE,2025-12-14,46,4,22
NORTE,2025-12-15,45,4,21
NORTE,2025-12-16,47,4,18
NORTE,2025-12-17,49,2,19
NORTE,2025-12-18,48,2,20
NORTE,2025-12-19,48,4,24
NORTE,2025-12-20,48,6,24
NORTE,2025-12-21,46,11,25
NORTE,2025-12-22,46,12,37
NORTE,2025-12-23,46,9,33
NORTE,2025-12-24,42,7,26
NORTE,2025-12-25,46,7,22
NORTE,2025-12-26,45,6,30
NORTE,2025-12-27,49,6,26
NORTE,2025-12-28,53,4,25
NORTE,2025-12-29,48,3,14
NORTE,2025-12-30,48,2,18
NORTE,2025-12-31,51,3,23
NORTE,2026-01-01,51,8,25
NORTE,2026-01-02,46,21,37
NORTE,2026-01-03,55,21,43
NORTE,2026-01-04,58,21,43
NORTE,2026-01-05,53,15,31
NORTE,2026-01-06,53,13,40
NORTE,2026-01-07,55,8,29
NORTE,2026-01-08,56,4,22
NORTE,2026-01-09,54,3,19
NORTE,2026-01-10,62,8,24
NORTE,2026-01-11,63,10,38
NORTE,2026-01-12,67,15,36
NORTE,2026-01-13,61,6,27
NORTE,2026-01-14,65,5,27
NORTE,2026-01-15,61,5,22
NORTE,2026-01-16,59,9,27
NORTE,2026-01-17,58,15,30
NORTE,2026-01-18,64,22,29
NORTE,2026-01-19,61,25,39
NORTE,2026-01-20,57,24,25
NORTE,2026-01-21,61,22,28
NORTE,2026-01-22,59,15,23
NORTE,2026-01-23,50,15,30
NORTE,2026-01-24,55,6,24
NORTE,2026-01-25,56,7,31
NORTE,2026-01-26,57,21,35
NORTE,2026-01-27,46,28,43
NORTE,2026-01-28,63,28,45
NORTE,2026-01-29,68,19,31
NORTE,2026-01-30,59,18,29
NORTE,2026-01-31,59,20,29
NORTE,2026-02-01,67,21,28
NORTE,2026-02-02,66,29,39
NORTE,2026-02-03,84,39,49
NORTE,2026-02-04,61,29,48
NORTE,2026-02-05,54,16,34
NORTE,2026-02-06,55,21,37
NORTE,2026-02-07,52,18,32
NORTE,2026-02-08,53,12,33
NORTE,2026-02-09,53,15,25
NORTE,2026-02-10,51,8,26
NORTE,2026-02-11,51,8,26
NORTE,2026-02-12,49,8,24
NORTE,2026-02-13,51,3,22
NORTE,2026-02-14,51,3,29
NORTE,2026-02-15,58,4,35
NORTE,2026-02-16,67,8,36
NORTE,2026-02-17,58,12,27
NORTE,2026-02-18,57,8,32
NORTE,2026-02-19,54,6,25
NORTE,2026-02-20,58,8,24
NORTE,2026-02-21,53,7,26
NORTE,2026-02-22,60,11,34
NORTE,2026-02-23,70,28,42
NORTE,2026-02-24,62,25,39
NORTE,2026-02-25,59,20,33
NORTE,2026-02-26,54,11,30
NORTE,2026-02-27,55,7,38
NORTE,2026-02-28,57,6,46
NORTE,2026-03-01,61,10,47
NORTE,2026-03-02,67,20,60
NORTE,2026-03-03,64,15,49
NORTE,2026-03-04,56,10,49
NORTE,2026-03-05,54,10,32
NORTE,2026-03-06,57,15,30
NORTE,2026-03-07,57,9,28
NORTE,2026-03-08,56,12,32
NORTE,2026-03-09,59,11,25
NORTE,2026-03-10,56,10,23
NORTE,2026-03-11,53,9,23
NORTE,2026-03-12,55,6,22
NORTE,2026-03-13,59,10,21
NORTE,2026-03-14,61,12,23
NORTE,2026-03-15,67,11,23
NORTE,2026-03-16,71,17,26
NORTE,2026-03-17,67,21,24
NORTE,2026-03-18,61,16,24
NORTE,2026-03-19,58,10,23
NORTE,2026-03-20,65,9,21
NORTE,2026-03-21,65,13,18
NORTE,2026-03-22,67,14,22
NORTE,2026-03-23,66,9,28
NORTE,2026-03-24,63,10,21
NORTE,2026-03-25,65,7,23
NORTE,2026-03-26,63,5,18
NORTE,2026-03-27,62,7,19
NORTE,2026-03-28,64,7,19
NORTE,2026-03-29,63,7,20
NORTE,2026-03-30,66,7,30
NORTE,2026-03-31,60,5,23
NORTE,2026-04-01,64,5,18
NORTE,2026-04-02,63,6,21
NORTE,2026-04-03,65,6,27
NORTE,2026-04-04,69,6,24
NORTE,2026-04-05,68,9,25
NORTE,2026-04-06,65,8,29
NORTE,2026-04-07,61,6,18
NORTE,2026-04-08,60,4,16
NORTE,2026-04-09,61,4,15
NORTE,2026-04-10,63,4,22
NORTE,2026-04-11,62,8,21
NORTE,2026-04-12,62,8,19
NORTE,2026-04-13,65,6,21
NORTE,2026-04-14,70,6,26
NORTE,2026-04-15,67,10,26
NORTE,2026-04-16,67,10,24
NORTE,2026-04-17,74,16,26
NORTE,2026-04-18,77,13,24
NORTE,2026-04-19,75,15,27
NORTE,2026-04-20,70,10,31
NORTE,2026-04-21,64,12,30
NORTE,2026-04-22,66,10,25
NORTE,2026-04-23,69,9,22
NORTE,2026-04-24,71,9,23
NORTE,2026-04-25,69,10,24
NORTE,2026-04-26,66,13,28
NORTE,2026-04-27,67,13,26
NORTE,2026-04-28,65,15,24
NORTE,2026-04-29,67,8,28
NORTE,2026-04-30,65,6,24
OCCIDENTE,2025-04-30,74,22,31
OCCIDENTE,2025-05-01,71,20,32
OCCIDENTE,2025-05-02,74,24,43
OCCIDENTE,2025-05-03,80,28,46
OCCIDENTE,2025-05-04,77,24,36
OCCIDENTE,2025-05-05,81,24,41
OCCIDENTE,2025-05-06,72,21,32
OCCIDENTE,2025-05-07,71,19,30
OCCIDENTE,2025-05-08,74,18,28
OCCIDENTE,2025-05-09,75,21,41
OCCIDENTE,2025-05-10,77,21,39
OCCIDENTE,2025-05-11,87,23,38
OCCIDENTE,2025-05-12,94,27,38
OCCIDENTE,2025-05-13,90,24,38
OCCIDENTE,2025-05-14,86,22,33
OCCIDENTE,2025-05-15,77,20,31
OCCIDENTE,2025-05-16,78,23,42
OCCIDENTE,2025-05-17,89,23,46
OCCIDENTE,2025-05-18,94,23,35
OCCIDENTE,2025-05-19,94,25,39
OCCIDENTE,2025-05-20,90,26,30
OCCIDENTE,2025-05-21,87,25,38
OCCIDENTE,2025-05-22,88,26,34
OCCIDENTE,2025-05-23,10,9,26
OCCIDENTE,2025-05-24,19,10,34
OCCIDENTE,2025-05-25,19,14,29
OCCIDENTE,2025-05-26,25,14,23
OCCIDENTE,2025-05-27,30,19,29
OCCIDENTE,2025-05-28,27,16,27
OCCIDENTE,2025-05-29,30,18,21
OCCIDENTE,2025-05-30,41,20,37
OCCIDENTE,2025-05-31,48,22,51
OCCIDENTE,2025-06-01,56,36,68
OCCIDENTE,2025-06-02,95,52,64
OCCIDENTE,2025-06-03,100,63,58
OCCIDENTE,2025-06-04,111,57,56
OCCIDENTE,2025-06-05,103,51,57
OCCIDENTE,2025-06-06,122,52,74
OCCIDENTE,2025-06-07,113,61,76
OCCIDENTE,2025-06-08,128,57,83
OCCIDENTE,2025-06-09,148,65,109
OCCIDENTE,2025-06-10,130,66,72
OCCIDENTE,2025-06-11,119,63,71
OCCIDENTE,2025-06-12,96,52,64
OCCIDENTE,2025-06-13,102,73,76
OCCIDENTE,2025-06-14,123,70,88
OCCIDENTE,2025-06-15,163,89,84
OCCIDENTE,2025-06-16,231,106,108
OCCIDENTE,2025-06-17,420,108,118
OCCIDENTE,2025-06-18,456,109,125
OCCIDENTE,2025-06-19,387,100,110
OCCIDENTE,2025-06-20,329,109,131
OCCIDENTE,2025-06-21,370,119,135
OCCIDENTE,2025-06-22,363,151,162
OCCIDENTE,2025-06-23,469,170,182
OCCIDENTE,2025-06-24,416,181,193
OCCIDENTE,2025-06-25,372,186,202
OCCIDENTE,2025-06-26,264,168,197
OCCIDENTE,2025-06-27,264,158,177
OCCIDENTE,2025-06-28,270,168,175
OCCIDENTE,2025-06-29,310,174,177
OCCIDENTE,2025-06-30,445,197,209
OCCIDENTE,2025-07-01,504,192,193
OCCIDENTE,2025-07-02,496,200,198
OCCIDENTE,2025-07-03,476,180,143
OCCIDENTE,2025-07-04,405,201,135
OCCIDENTE,2025-07-05,402,221,159
OCCIDENTE,2025-07-06,412,228,159
OCCIDENTE,2025-07-07,436,226,187
OCCIDENTE,2025-07-08,331,226,157
OCCIDENTE,2025-07-09,272,212,138
OCCIDENTE,2025-07-10,227,179,114
OCCIDENTE,2025-07-11,207,157,102
OCCIDENTE,2025-07-12,239,150,114
OCCIDENTE,2025-07-13,274,146,111
OCCIDENTE,2025-07-14,294,171,119
OCCIDENTE,2025-07-15,265,170,125
OCCIDENTE,2025-07-16,238,163,114
OCCIDENTE,2025-07-17,191,154,108
OCCIDENTE,2025-07-18,208,163,102
OCCIDENTE,2025-07-19,208,175,100
OCCIDENTE,2025-07-20,205,187,105
OCCIDENTE,2025-07-21,228,195,135
OCCIDENTE,2025-07-22,251,189,146
OCCIDENTE,2025-07-23,241,190,130
OCCIDENTE,2025-07-24,238,184,106
OCCIDENTE,2025-07-25,232,170,109
OCCIDENTE,2025-07-26,204,196,116
OCCIDENTE,2025-07-27,227,202,122
OCCIDENTE,2025-07-28,258,206,129
OCCIDENTE,2025-07-29,234,221,117
OCCIDENTE,2025-07-30,205,205,108
OCCIDENTE,2025-07-31,187,163,80
OCCIDENTE,2025-08-01,148,159,82
OCCIDENTE,2025-08-02,157,177,87
OCCIDENTE,2025-08-03,190,198,96
OCCIDENTE,2025-08-04,243,213,100
OCCIDENTE,2025-08-05,243,215,82
OCCIDENTE,2025-08-06,257,195,82
OCCIDENTE,2025-08-07,230,172,72
OCCIDENTE,2025-08-08,245,164,84
OCCIDENTE,2025-08-09,274,183,85
OCCIDENTE,2025-08-10,245,198,83
OCCIDENTE,2025-08-11,281,224,95
OCCIDENTE,2025-08-12,165,240,100
OCCIDENTE,2025-08-13,117,221,97
OCCIDENTE,2025-08-14,96,209,77
OCCIDENTE,2025-08-15,126,222,88
OCCIDENTE,2025-08-16,117,243,89
OCCIDENTE,2025-08-17,164,261,110
OCCIDENTE,2025-08-18,253,310,137
OCCIDENTE,2025-08-19,216,316,118
OCCIDENTE,2025-08-20,155,337,93
OCCIDENTE,2025-08-21,132,343,83
OCCIDENTE,2025-08-22,136,373,102
OCCIDENTE,2025-08-23,124,425,100
OCCIDENTE,2025-08-24,86,444,101
OCCIDENTE,2025-08-25,116,467,109
OCCIDENTE,2025-08-26,86,480,107
OCCIDENTE,2025-08-27,79,463,85
OCCIDENTE,2025-08-28,61,430,66
OCCIDENTE,2025-08-29,62,422,71
OCCIDENTE,2025-08-30,70,430,79
OCCIDENTE,2025-08-31,83,461,68
OCCIDENTE,2025-09-01,103,458,70
OCCIDENTE,2025-09-02,126,449,81
OCCIDENTE,2025-09-03,133,434,94
OCCIDENTE,2025-09-04,122,402,78
OCCIDENTE,2025-09-05,104,413,79
OCCIDENTE,2025-09-06,99,406,82
OCCIDENTE,2025-09-07,94,425,80
OCCIDENTE,2025-09-08,99,424,79
OCCIDENTE,2025-09-09,77,404,61
OCCIDENTE,2025-09-10,70,366,57
OCCIDENTE,2025-09-11,71,326,42
OCCIDENTE,2025-09-12,83,278,48
OCCIDENTE,2025-09-13,78,253,56
OCCIDENTE,2025-09-14,78,224,50
OCCIDENTE,2025-09-15,109,223,48
OCCIDENTE,2025-09-16,90,208,46
OCCIDENTE,2025-09-17,96,199,53
OCCIDENTE,2025-09-18,74,171,43
OCCIDENTE,2025-09-19,77,156,57
OCCIDENTE,2025-09-20,84,146,54
OCCIDENTE,2025-09-21,84,148,48
OCCIDENTE,2025-09-22,98,164,61
OCCIDENTE,2025-09-23,79,160,53
OCCIDENTE,2025-09-24,75,119,36
OCCIDENTE,2025-09-25,81,98,28
OCCIDENTE,2025-09-26,82,109,34
OCCIDENTE,2025-09-27,75,91,51
OCCIDENTE,2025-09-28,65,86,49
OCCIDENTE,2025-09-29,67,91,48
OCCIDENTE,2025-09-30,67,78,44
OCCIDENTE,2025-10-01,69,66,38
OCCIDENTE,2025-10-02,70,63,37
OCCIDENTE,2025-10-03,67,69,45
OCCIDENTE,2025-10-04,68,81,44
OCCIDENTE,2025-10-05,66,81,51
OCCIDENTE,2025-10-06,75,68,56
OCCIDENTE,2025-10-07,63,50,57
OCCIDENTE,2025-10-08,65,39,50
OCCIDENTE,2025-10-09,61,36,42
OCCIDENTE,2025-10-10,59,33,52
OCCIDENTE,2025-10-11,62,28,58
OCCIDENTE,2025-10-12,68,28,52
OCCIDENTE,2025-10-13,70,24,57
OCCIDENTE,2025-10-14,95,35,47
OCCIDENTE,2025-10-15,119,31,45
OCCIDENTE,2025-10-16,112,33,36
OCCIDENTE,2025-10-17,116,36,45
OCCIDENTE,2025-10-18,128,37,56
OCCIDENTE,2025-10-19,120,43,44
OCCIDENTE,2025-10-20,126,49,47
OCCIDENTE,2025-10-21,116,39,41
OCCIDENTE,2025-10-22,112,25,38
OCCIDENTE,2025-10-23,116,21,40
OCCIDENTE,2025-10-24,96,23,45
OCCIDENTE,2025-10-25,100,22,49
OCCIDENTE,2025-10-26,96,25,43
OCCIDENTE,2025-10-27,107,27,51
OCCIDENTE,2025-10-28,100,22,50
OCCIDENTE,2025-10-29,97,23,50
OCCIDENTE,2025-10-30,97,15,45
OCCIDENTE,2025-10-31,96,18,57
OCCIDENTE,2025-11-01,101,20,62
OCCIDENTE,2025-11-02,102,16,58
OCCIDENTE,2025-11-03,108,18,57
OCCIDENTE,2025-11-04,109,16,52
OCCIDENTE,2025-11-05,105,19,39
OCCIDENTE,2025-11-06,98,23,35
OCCIDENTE,2025-11-07,104,23,43
OCCIDENTE,2025-11-08,98,22,53
OCCIDENTE,2025-11-09,101,20,44
OCCIDENTE,2025-11-10,102,19,45
OCCIDENTE,2025-11-11,100,21,44
OCCIDENTE,2025-11-12,97,21,38
OCCIDENTE,2025-11-13,94,15,38
OCCIDENTE,2025-11-14,89,17,43
OCCIDENTE,2025-11-15,98,21,52
OCCIDENTE,2025-11-16,103,20,50
OCCIDENTE,2025-11-17,107,18,52
OCCIDENTE,2025-11-18,119,32,47
OCCIDENTE,2025-11-19,100,40,38
OCCIDENTE,2025-11-20,93,32,36
OCCIDENTE,2025-11-21,101,26,35
OCCIDENTE,2025-11-22,104,26,42
OCCIDENTE,2025-11-23,107,28,42
OCCIDENTE,2025-11-24,106,34,39
OCCIDENTE,2025-11-25,109,35,44
OCCIDENTE,2025-11-26,102,30,49
OCCIDENTE,2025-11-27,105,22,45
OCCIDENTE,2025-11-28,108,30,50
OCCIDENTE,2025-11-29,101,29,55
OCCIDENTE,2025-11-30,98,27,58
OCCIDENTE,2025-12-01,111,29,65
OCCIDENTE,2025-12-02,99,31,51
OCCIDENTE,2025-12-03,105,24,43
OCCIDENTE,2025-12-04,105,23,37
OCCIDENTE,2025-12-05,106,25,42
OCCIDENTE,2025-12-06,111,27,47
OCCIDENTE,2025-12-07,108,28,43
OCCIDENTE,2025-12-08,123,35,51
OCCIDENTE,2025-12-09,114,36,41
OCCIDENTE,2025-12-10,110,36,37
OCCIDENTE,2025-12-11,106,31,38
OCCIDENTE,2025-12-12,105,39,54
OCCIDENTE,2025-12-13,117,45,65
OCCIDENTE,2025-12-14,109,40,65
OCCIDENTE,2025-12-15,121,55,65
OCCIDENTE,2025-12-16,116,53,59
OCCIDENTE,2025-12-17,112,55,52
OCCIDENTE,2025-12-18,107,50,49
OCCIDENTE,2025-12-19,113,46,63
OCCIDENTE,2025-12-20,112,47,63
OCCIDENTE,2025-12-21,101,44,52
OCCIDENTE,2025-12-22,107,45,55
OCCIDENTE,2025-12-23,110,45,60
OCCIDENTE,2025-12-24,115,41,58
OCCIDENTE,2025-12-25,116,34,46
OCCIDENTE,2025-12-26,127,43,61
OCCIDENTE,2025-12-27,114,37,58
OCCIDENTE,2025-12-28,113,29,47
OCCIDENTE,2025-12-29,108,25,41
OCCIDENTE,2025-12-30,113,21,37
OCCIDENTE,2025-12-31,111,22,42
OCCIDENTE,2026-01-01,105,24,40
OCCIDENTE,2026-01-02,112,34,54
OCCIDENTE,2026-01-03,117,31,60
OCCIDENTE,2026-01-04,113,29,52
OCCIDENTE,2026-01-05,105,23,38
OCCIDENTE,2026-01-06,105,24,45
OCCIDENTE,2026-01-07,108,33,50
OCCIDENTE,2026-01-08,106,33,46
OCCIDENTE,2026-01-09,111,38,51
OCCIDENTE,2026-01-10,108,45,54
OCCIDENTE,2026-01-11,105,39,47
OCCIDENTE,2026-01-12,111,46,44
OCCIDENTE,2026-01-13,107,41,48
OCCIDENTE,2026-01-14,111,33,51
OCCIDENTE,2026-01-15,113,30,46
OCCIDENTE,2026-01-16,113,35,57
OCCIDENTE,2026-01-17,111,34,53
OCCIDENTE,2026-01-18,107,39,51
OCCIDENTE,2026-01-19,120,42,49
OCCIDENTE,2026-01-20,117,58,47
OCCIDENTE,2026-01-21,114,52,42
OCCIDENTE,2026-01-22,115,53,46
OCCIDENTE,2026-01-23,113,59,50
OCCIDENTE,2026-01-24,106,58,66
OCCIDENTE,2026-01-25,104,63,69
OCCIDENTE,2026-01-26,106,69,63
OCCIDENTE,2026-01-27,109,63,66
OCCIDENTE,2026-01-28,103,55,73
OCCIDENTE,2026-01-29,96,38,73
OCCIDENTE,2026-01-30,97,33,73
OCCIDENTE,2026-01-31,102,26,74
OCCIDENTE,2026-02-01,107,30,60
OCCIDENTE,2026-02-02,114,29,59
OCCIDENTE,2026-02-03,123,28,77
OCCIDENTE,2026-02-04,116,27,57
OCCIDENTE,2026-02-05,110,31,56
OCCIDENTE,2026-02-06,114,34,62
OCCIDENTE,2026-02-07,122,36,57
OCCIDENTE,2026-02-08,115,37,52
OCCIDENTE,2026-02-09,121,45,70
OCCIDENTE,2026-02-10,112,34,63
OCCIDENTE,2026-02-11,113,23,61
OCCIDENTE,2026-02-12,110,23,55
OCCIDENTE,2026-02-13,108,27,55
OCCIDENTE,2026-02-14,112,32,48
OCCIDENTE,2026-02-15,118,32,48
OCCIDENTE,2026-02-16,127,35,54
OCCIDENTE,2026-02-17,133,34,47
OCCIDENTE,2026-02-18,131,21,47
OCCIDENTE,2026-02-19,120,17,42
OCCIDENTE,2026-02-20,115,20,55
OCCIDENTE,2026-02-21,119,19,67
OCCIDENTE,2026-02-22,122,27,54
OCCIDENTE,2026-02-23,147,39,67
OCCIDENTE,2026-02-24,183,49,81
OCCIDENTE,2026-02-25,168,50,87
OCCIDENTE,2026-02-26,144,51,72
OCCIDENTE,2026-02-27,131,59,71
OCCIDENTE,2026-02-28,126,65,83
OCCIDENTE,2026-03-01,136,66,71
OCCIDENTE,2026-03-02,140,82,75
OCCIDENTE,2026-03-03,143,105,74
OCCIDENTE,2026-03-04,138,111,83
OCCIDENTE,2026-03-05,118,101,74
OCCIDENTE,2026-03-06,126,99,89
OCCIDENTE,2026-03-07,127,96,88
OCCIDENTE,2026-03-08,119,90,85
OCCIDENTE,2026-03-09,126,92,81
OCCIDENTE,2026-03-10,120,70,63
OCCIDENTE,2026-03-11,127,63,62
OCCIDENTE,2026-03-12,125,58,51
OCCIDENTE,2026-03-13,140,44,59
OCCIDENTE,2026-03-14,148,45,71
OCCIDENTE,2026-03-15,146,45,61
OCCIDENTE,2026-03-16,154,50,58
OCCIDENTE,2026-03-17,161,55,56
OCCIDENTE,2026-03-18,127,51,54
OCCIDENTE,2026-03-19,106,52,48
OCCIDENTE,2026-03-20,113,42,56
OCCIDENTE,2026-03-21,112,53,67
OCCIDENTE,2026-03-22,126,55,64
OCCIDENTE,2026-03-23,126,63,66
OCCIDENTE,2026-03-24,124,58,62
OCCIDENTE,2026-03-25,117,59,67
OCCIDENTE,2026-03-26,113,48,61
OCCIDENTE,2026-03-27,111,40,74
OCCIDENTE,2026-03-28,121,35,76
OCCIDENTE,2026-03-29,125,19,71
OCCIDENTE,2026-03-30,136,29,78
OCCIDENTE,2026-03-31,144,38,79
OCCIDENTE,2026-04-01,155,41,77
OCCIDENTE,2026-04-02,154,41,65
OCCIDENTE,2026-04-03,143,52,68
OCCIDENTE,2026-04-04,146,46,64
OCCIDENTE,2026-04-05,154,55,66
OCCIDENTE,2026-04-06,163,54,69
OCCIDENTE,2026-04-07,128,44,57
OCCIDENTE,2026-04-08,131,34,51
OCCIDENTE,2026-04-09,116,34,45
OCCIDENTE,2026-04-10,118,39,57
OCCIDENTE,2026-04-11,113,54,58
OCCIDENTE,2026-04-12,116,54,50
OCCIDENTE,2026-04-13,121,61,50
OCCIDENTE,2026-04-14,118,58,54
OCCIDENTE,2026-04-15,120,53,52
OCCIDENTE,2026-04-16,117,44,48
OCCIDENTE,2026-04-17,114,41,58
OCCIDENTE,2026-04-18,123,42,69
OCCIDENTE,2026-04-19,122,45,63
OCCIDENTE,2026-04-20,140,57,59
OCCIDENTE,2026-04-21,142,61,54
OCCIDENTE,2026-04-22,151,58,41
OCCIDENTE,2026-04-23,139,42,43
OCCIDENTE,2026-04-24,132,45,54
OCCIDENTE,2026-04-25,121,35,61
OCCIDENTE,2026-04-26,122,33,53
OCCIDENTE,2026-04-27,126,30,53
OCCIDENTE,2026-04-28,125,30,59
OCCIDENTE,2026-04-29,122,30,61
OCCIDENTE,2026-04-30,125,31,62
ORIENTE,2025-04-30,16,7,15
ORIENTE,2025-05-01,17,8,14
ORIENTE,2025-05-02,20,9,16
ORIENTE,2025-05-03,7,8,15
ORIENTE,2025-05-04,8,5,22
ORIENTE,2025-05-05,14,9,25
ORIENTE,2025-05-06,11,8,17
ORIENTE,2025-05-07,6,8,14
ORIENTE,2025-05-08,8,6,12
ORIENTE,2025-05-09,7,7,11
ORIENTE,2025-05-10,7,7,9
ORIENTE,2025-05-11,10,9,10
ORIENTE,2025-05-12,20,15,18
ORIENTE,2025-05-13,14,14,22
ORIENTE,2025-05-14,17,13,20
ORIENTE,2025-05-15,14,9,21
ORIENTE,2025-05-16,12,12,21
ORIENTE,2025-05-17,17,13,30
ORIENTE,2025-05-18,24,17,26
ORIENTE,2025-05-19,38,20,32
ORIENTE,2025-05-20,26,15,27
ORIENTE,2025-05-21,22,13,16
ORIENTE,2025-05-22,14,11,12
ORIENTE,2025-05-23,11,9,20
ORIENTE,2025-05-24,20,7,19
ORIENTE,2025-05-25,14,7,24
ORIENTE,2025-05-26,17,8,31
ORIENTE,2025-05-27,19,15,29
ORIENTE,2025-05-28,16,8,26
ORIENTE,2025-05-29,18,10,21
ORIENTE,2025-05-30,21,6,21
ORIENTE,2025-05-31,22,7,38
ORIENTE,2025-06-01,24,5,35
ORIENTE,2025-06-02,28,11,37
ORIENTE,2025-06-03,32,17,39
ORIENTE,2025-06-04,29,13,41
ORIENTE,2025-06-05,19,12,32
ORIENTE,2025-06-06,22,18,28
ORIENTE,2025-06-07,24,22,31
ORIENTE,2025-06-08,34,20,34
ORIENTE,2025-06-09,41,32,36
ORIENTE,2025-06-10,27,28,37
ORIENTE,2025-06-11,28,24,31
ORIENTE,2025-06-12,25,21,24
ORIENTE,2025-06-13,22,16,26
ORIENTE,2025-06-14,20,19,27
ORIENTE,2025-06-15,23,19,30
ORIENTE,2025-06-16,34,22,35
ORIENTE,2025-06-17,29,14,29
ORIENTE,2025-06-18,26,13,26
ORIENTE,2025-06-19,24,13,22
ORIENTE,2025-06-20,23,17,25
ORIENTE,2025-06-21,23,22,26
ORIENTE,2025-06-22,23,26,33
ORIENTE,2025-06-23,24,22,32
ORIENTE,2025-06-24,22,13,33
ORIENTE,2025-06-25,23,12,33
ORIENTE,2025-06-26,22,14,31
ORIENTE,2025-06-27,28,17,37
ORIENTE,2025-06-28,31,18,43
ORIENTE,2025-06-29,37,25,50
ORIENTE,2025-06-30,44,34,51
ORIENTE,2025-07-01,40,31,49
ORIENTE,2025-07-02,31,24,42
ORIENTE,2025-07-03,32,26,40
ORIENTE,2025-07-04,37,28,44
ORIENTE,2025-07-05,32,36,49
ORIENTE,2025-07-06,35,41,51
ORIENTE,2025-07-07,36,27,67
ORIENTE,2025-07-08,25,16,65
ORIENTE,2025-07-09,26,19,45
ORIENTE,2025-07-10,24,17,31
ORIENTE,2025-07-11,22,14,33
ORIENTE,2025-07-12,22,17,34
ORIENTE,2025-07-13,26,13,28
ORIENTE,2025-07-14,30,10,35
ORIENTE,2025-07-15,28,14,28
ORIENTE,2025-07-16,24,10,28
ORIENTE,2025-07-17,25,8,25
ORIENTE,2025-07-18,15,13,42
ORIENTE,2025-07-19,21,16,47
ORIENTE,2025-07-20,22,19,37
ORIENTE,2025-07-21,22,23,30
ORIENTE,2025-07-22,20,23,27
ORIENTE,2025-07-23,23,27,28
ORIENTE,2025-07-24,14,21,31
ORIENTE,2025-07-25,12,23,39
ORIENTE,2025-07-26,13,25,39
ORIENTE,2025-07-27,14,24,32
ORIENTE,2025-07-28,21,28,50
ORIENTE,2025-07-29,9,21,43
ORIENTE,2025-07-30,6,17,31
ORIENTE,2025-07-31,3,11,31
ORIENTE,2025-08-01,3,13,35
ORIENTE,2025-08-02,7,12,37
ORIENTE,2025-08-03,9,15,44
ORIENTE,2025-08-04,12,17,47
ORIENTE,2025-08-05,7,23,37
ORIENTE,2025-08-06,8,19,32
ORIENTE,2025-08-07,7,14,27
ORIENTE,2025-08-08,10,14,37
ORIENTE,2025-08-09,13,16,35
ORIENTE,2025-08-10,9,13,25
ORIENTE,2025-08-11,11,20,29
ORIENTE,2025-08-12,8,14,22
ORIENTE,2025-08-13,7,10,27
ORIENTE,2025-08-14,4,7,33
ORIENTE,2025-08-15,6,7,36
ORIENTE,2025-08-16,7,11,41
ORIENTE,2025-08-17,7,16,44
ORIENTE,2025-08-18,13,21,44
ORIENTE,2025-08-19,8,15,40
ORIENTE,2025-08-20,5,14,33
ORIENTE,2025-08-21,4,11,29
ORIENTE,2025-08-22,10,7,29
ORIENTE,2025-08-23,10,10,25
ORIENTE,2025-08-24,11,10,16
ORIENTE,2025-08-25,13,11,14
ORIENTE,2025-08-26,11,6,12
ORIENTE,2025-08-27,9,6,20
ORIENTE,2025-08-28,1,8,23
ORIENTE,2025-08-29,3,9,26
ORIENTE,2025-08-30,5,8,34
ORIENTE,2025-08-31,5,10,34
ORIENTE,2025-09-01,11,15,37
ORIENTE,2025-09-02,12,16,38
ORIENTE,2025-09-03,13,16,34
ORIENTE,2025-09-04,9,11,29
ORIENTE,2025-09-05,8,13,38
ORIENTE,2025-09-06,7,17,50
ORIENTE,2025-09-07,8,16,41
ORIENTE,2025-09-08,9,18,40
ORIENTE,2025-09-09,15,9,45
ORIENTE,2025-09-10,13,8,32
ORIENTE,2025-09-11,10,9,33
ORIENTE,2025-09-12,7,9,37
ORIENTE,2025-09-13,9,11,34
ORIENTE,2025-09-14,7,12,24
ORIENTE,2025-09-15,13,18,20
ORIENTE,2025-09-16,9,17,31
ORIENTE,2025-09-17,6,20,30
ORIENTE,2025-09-18,9,13,20
ORIENTE,2025-09-19,7,12,16
ORIENTE,2025-09-20,8,7,21
ORIENTE,2025-09-21,9,8,26
ORIENTE,2025-09-22,10,18,32
ORIENTE,2025-09-23,11,18,33
ORIENTE,2025-09-24,9,14,31
ORIENTE,2025-09-25,8,12,29
ORIENTE,2025-09-26,9,14,36
ORIENTE,2025-09-27,10,16,41
ORIENTE,2025-09-28,11,14,37
ORIENTE,2025-09-29,9,12,38
ORIENTE,2025-09-30,9,10,37
ORIENTE,2025-10-01,8,6,34
ORIENTE,2025-10-02,10,5,30
ORIENTE,2025-10-03,15,17,42
ORIENTE,2025-10-04,20,18,52
ORIENTE,2025-10-05,19,27,42
ORIENTE,2025-10-06,18,37,52
ORIENTE,2025-10-07,14,29,46
ORIENTE,2025-10-08,11,34,44
ORIENTE,2025-10-09,10,29,44
ORIENTE,2025-10-10,11,33,41
ORIENTE,2025-10-11,12,39,49
ORIENTE,2025-10-12,9,37,45
ORIENTE,2025-10-13,22,26,48
ORIENTE,2025-10-14,25,16,48
ORIENTE,2025-10-15,38,9,46
ORIENTE,2025-10-16,38,7,38
ORIENTE,2025-10-17,36,14,45
ORIENTE,2025-10-18,41,19,46
ORIENTE,2025-10-19,37,15,42
ORIENTE,2025-10-20,40,25,51
ORIENTE,2025-10-21,44,28,46
ORIENTE,2025-10-22,43,30,46
ORIENTE,2025-10-23,51,24,39
ORIENTE,2025-10-24,24,16,33
ORIENTE,2025-10-25,28,14,34
ORIENTE,2025-10-26,17,7,35
ORIENTE,2025-10-27,18,8,37
ORIENTE,2025-10-28,22,10,29
ORIENTE,2025-10-29,9,9,30
ORIENTE,2025-10-30,9,7,24
ORIENTE,2025-10-31,13,6,22
ORIENTE,2025-11-01,16,15,26
ORIENTE,2025-11-02,18,10,32
ORIENTE,2025-11-03,29,14,39
ORIENTE,2025-11-04,21,10,42
ORIENTE,2025-11-05,6,3,22
ORIENTE,2025-11-06,4,1,18
ORIENTE,2025-11-07,6,6,22
ORIENTE,2025-11-08,8,6,31
ORIENTE,2025-11-09,7,7,23
ORIENTE,2025-11-10,9,10,26
ORIENTE,2025-11-11,14,4,29
ORIENTE,2025-11-12,12,3,21
ORIENTE,2025-11-13,11,5,18
ORIENTE,2025-11-14,14,7,30
ORIENTE,2025-11-15,16,10,31
ORIENTE,2025-11-16,12,8,25
ORIENTE,2025-11-17,10,15,26
ORIENTE,2025-11-18,22,29,21
ORIENTE,2025-11-19,17,34,38
ORIENTE,2025-11-20,13,31,34
ORIENTE,2025-11-21,14,43,28
ORIENTE,2025-11-22,17,34,39
ORIENTE,2025-11-23,25,30,35
ORIENTE,2025-11-24,21,30,42
ORIENTE,2025-11-25,19,21,33
ORIENTE,2025-11-26,20,22,33
ORIENTE,2025-11-27,15,12,24
ORIENTE,2025-11-28,11,7,25
ORIENTE,2025-11-29,11,9,36
ORIENTE,2025-11-30,13,10,44
ORIENTE,2025-12-01,20,10,43
ORIENTE,2025-12-02,11,13,32
ORIENTE,2025-12-03,11,11,24
ORIENTE,2025-12-04,7,10,21
ORIENTE,2025-12-05,9,11,30
ORIENTE,2025-12-06,11,20,32
ORIENTE,2025-12-07,6,15,30
ORIENTE,2025-12-08,10,16,22
ORIENTE,2025-12-09,10,17,22
ORIENTE,2025-12-10,11,17,19
ORIENTE,2025-12-11,8,11,20
ORIENTE,2025-12-12,9,11,27
ORIENTE,2025-12-13,10,13,30
ORIENTE,2025-12-14,11,9,32
ORIENTE,2025-12-15,14,14,33
ORIENTE,2025-12-16,12,17,29
ORIENTE,2025-12-17,13,21,26
ORIENTE,2025-12-18,6,23,23
ORIENTE,2025-12-19,10,32,27
ORIENTE,2025-12-20,19,44,36
ORIENTE,2025-12-21,17,40,37
ORIENTE,2025-12-22,29,48,37
ORIENTE,2025-12-23,18,41,29
ORIENTE,2025-12-24,15,35,24
ORIENTE,2025-12-25,15,32,22
ORIENTE,2025-12-26,16,42,31
ORIENTE,2025-12-27,18,29,36
ORIENTE,2025-12-28,16,17,27
ORIENTE,2025-12-29,10,12,22
ORIENTE,2025-12-30,6,19,22
ORIENTE,2025-12-31,6,18,24
ORIENTE,2026-01-01,7,18,22
ORIENTE,2026-01-02,15,18,36
ORIENTE,2026-01-03,11,20,39
ORIENTE,2026-01-04,12,14,26
ORIENTE,2026-01-05,10,17,21
ORIENTE,2026-01-06,9,22,22
ORIENTE,2026-01-07,8,21,15
ORIENTE,2026-01-08,6,15,17
ORIENTE,2026-01-09,9,20,22
ORIENTE,2026-01-10,10,25,27
ORIENTE,2026-01-11,11,20,31
ORIENTE,2026-01-12,18,19,36
ORIENTE,2026-01-13,15,18,26
ORIENTE,2026-01-14,16,18,35
ORIENTE,2026-01-15,18,18,30
ORIENTE,2026-01-16,21,28,35
ORIENTE,2026-01-17,19,30,34
ORIENTE,2026-01-18,20,35,32
ORIENTE,2026-01-19,24,59,44
ORIENTE,2026-01-20,24,50,29
ORIENTE,2026-01-21,17,44,38
ORIENTE,2026-01-22,14,45,33
ORIENTE,2026-01-23,18,43,43
ORIENTE,2026-01-24,15,35,43
ORIENTE,2026-01-25,11,34,34
ORIENTE,2026-01-26,13,48,45
ORIENTE,2026-01-27,10,40,43
ORIENTE,2026-01-28,6,31,39
ORIENTE,2026-01-29,9,22,38
ORIENTE,2026-01-30,11,20,44
ORIENTE,2026-01-31,9,26,44
ORIENTE,2026-02-01,9,28,44
ORIENTE,2026-02-02,13,30,47
ORIENTE,2026-02-03,23,30,48
ORIENTE,2026-02-04,18,29,42
ORIENTE,2026-02-05,9,20,26
ORIENTE,2026-02-06,11,20,29
ORIENTE,2026-02-07,11,10,28
ORIENTE,2026-02-08,9,14,28
ORIENTE,2026-02-09,14,13,32
ORIENTE,2026-02-10,10,21,35
ORIENTE,2026-02-11,12,19,31
ORIENTE,2026-02-12,11,19,25
ORIENTE,2026-02-13,11,23,29
ORIENTE,2026-02-14,11,16,38
ORIENTE,2026-02-15,9,20,43
ORIENTE,2026-02-16,14,36,49
ORIENTE,2026-02-17,15,28,40
ORIENTE,2026-02-18,9,17,31
ORIENTE,2026-02-19,11,14,21
ORIENTE,2026-02-20,10,16,22
ORIENTE,2026-02-21,12,15,21
ORIENTE,2026-02-22,14,15,26
ORIENTE,2026-02-23,14,17,27
ORIENTE,2026-02-24,15,17,25
ORIENTE,2026-02-25,10,6,26
ORIENTE,2026-02-26,10,5,26
ORIENTE,2026-02-27,8,8,38
ORIENTE,2026-02-28,9,9,34
ORIENTE,2026-03-01,8,15,36
ORIENTE,2026-03-02,16,24,41
ORIENTE,2026-03-03,14,29,34
ORIENTE,2026-03-04,11,32,27
ORIENTE,2026-03-05,13,25,23
ORIENTE,2026-03-06,18,27,28
ORIENTE,2026-03-07,18,30,38
ORIENTE,2026-03-08,9,28,30
ORIENTE,2026-03-09,10,28,30
ORIENTE,2026-03-10,13,25,23
ORIENTE,2026-03-11,12,17,26
ORIENTE,2026-03-12,9,14,20
ORIENTE,2026-03-13,11,10,26
ORIENTE,2026-03-14,12,11,30
ORIENTE,2026-03-15,10,8,36
ORIENTE,2026-03-16,13,8,29
ORIENTE,2026-03-17,11,18,28
ORIENTE,2026-03-18,7,17,23
ORIENTE,2026-03-19,7,15,20
ORIENTE,2026-03-20,11,11,28
ORIENTE,2026-03-21,59,18,37
ORIENTE,2026-03-22,39,26,34
ORIENTE,2026-03-23,45,29,36
ORIENTE,2026-03-24,30,30,30
ORIENTE,2026-03-25,27,28,28
ORIENTE,2026-03-26,18,23,24
ORIENTE,2026-03-27,17,20,30
ORIENTE,2026-03-28,16,18,35
ORIENTE,2026-03-29,15,20,26
ORIENTE,2026-03-30,18,28,36
ORIENTE,2026-03-31,10,28,46
ORIENTE,2026-04-01,11,28,39
ORIENTE,2026-04-02,7,21,34
ORIENTE,2026-04-03,8,21,39
ORIENTE,2026-04-04,9,26,43
ORIENTE,2026-04-05,10,27,43
ORIENTE,2026-04-06,14,27,54
ORIENTE,2026-04-07,4,24,43
ORIENTE,2026-04-08,5,19,36
ORIENTE,2026-04-09,10,14,32
ORIENTE,2026-04-10,11,18,38
ORIENTE,2026-04-11,12,21,33
ORIENTE,2026-04-12,8,20,29
ORIENTE,2026-04-13,13,24,28
ORIENTE,2026-04-14,8,17,29
ORIENTE,2026-04-15,7,22,24
ORIENTE,2026-04-16,5,23,16
ORIENTE,2026-04-17,8,22,27
ORIENTE,2026-04-18,10,28,26
ORIENTE,2026-04-19,7,34,20
ORIENTE,2026-04-20,9,38,22
ORIENTE,2026-04-21,11,32,33
ORIENTE,2026-04-22,9,23,29
ORIENTE,2026-04-23,9,20,24
ORIENTE,2026-04-24,13,29,31
ORIENTE,2026-04-25,11,31,26
ORIENTE,2026-04-26,9,32,23
ORIENTE,2026-04-27,16,26,29
ORIENTE,2026-04-28,14,17,34
ORIENTE,2026-04-29,19,16,38
ORIENTE,2026-04-30,19,17,24
PACIFICO,2025-04-30,8,5,12
PACIFICO,2025-05-01,7,5,11
PACIFICO,2025-05-02,8,5,12
PACIFICO,2025-05-03,10,5,13
PACIFICO,2025-05-04,12,4,12
PACIFICO,2025-05-05,12,4,14
PACIFICO,2025-05-06,10,7,10
PACIFICO,2025-05-07,6,5,10
PACIFICO,2025-05-08,5,5,11
PACIFICO,2025-05-09,5,5,12
PACIFICO,2025-05-10,7,4,11
PACIFICO,2025-05-11,8,4,11
PACIFICO,2025-05-12,9,6,12
PACIFICO,2025-05-13,7,4,11
PACIFICO,2025-05-14,5,4,12
PACIFICO,2025-05-15,6,4,9
PACIFICO,2025-05-16,6,4,8
PACIFICO,2025-05-17,6,4,10
PACIFICO,2025-05-18,8,5,8
PACIFICO,2025-05-19,10,7,8
PACIFICO,2025-05-20,9,5,9
PACIFICO,2025-05-21,9,5,9
PACIFICO,2025-05-22,9,5,8
PACIFICO,2025-05-23,2,1,6
PACIFICO,2025-05-24,3,2,7
PACIFICO,2025-05-25,6,2,7
PACIFICO,2025-05-26,6,4,6
PACIFICO,2025-05-27,4,2,5
PACIFICO,2025-05-28,3,1,4
PACIFICO,2025-05-29,2,1,5
PACIFICO,2025-05-30,5,3,6
PACIFICO,2025-05-31,6,3,6
PACIFICO,2025-06-01,8,6,7
PACIFICO,2025-06-02,10,6,8
PACIFICO,2025-06-03,12,7,8
PACIFICO,2025-06-04,11,3,7
PACIFICO,2025-06-05,10,2,5
PACIFICO,2025-06-06,11,3,6
PACIFICO,2025-06-07,11,1,7
PACIFICO,2025-06-08,13,2,9
PACIFICO,2025-06-09,12,3,6
PACIFICO,2025-06-10,9,5,8
PACIFICO,2025-06-11,9,5,7
PACIFICO,2025-06-12,7,4,7
PACIFICO,2025-06-13,9,4,7
PACIFICO,2025-06-14,8,5,6
PACIFICO,2025-06-15,8,4,5
PACIFICO,2025-06-16,10,5,6
PACIFICO,2025-06-17,10,6,5
PACIFICO,2025-06-18,10,2,3
PACIFICO,2025-06-19,9,1,3
PACIFICO,2025-06-20,9,1,4
PACIFICO,2025-06-21,9,NA,6
PACIFICO,2025-06-22,9,NA,6
PACIFICO,2025-06-23,11,NA,6
PACIFICO,2025-06-24,10,NA,7
PACIFICO,2025-06-25,10,NA,7
PACIFICO,2025-06-26,8,NA,6
PACIFICO,2025-06-27,8,NA,6
PACIFICO,2025-06-28,11,1,6
PACIFICO,2025-06-29,13,1,4
PACIFICO,2025-06-30,11,2,6
PACIFICO,2025-07-01,17,2,10
PACIFICO,2025-07-02,14,NA,9
PACIFICO,2025-07-03,12,NA,4
PACIFICO,2025-07-04,13,NA,7
PACIFICO,2025-07-05,15,NA,6
PACIFICO,2025-07-06,16,1,3
PACIFICO,2025-07-07,16,2,7
PACIFICO,2025-07-08,16,5,9
PACIFICO,2025-07-09,17,2,8
PACIFICO,2025-07-10,15,2,4
PACIFICO,2025-07-11,14,4,4
PACIFICO,2025-07-12,16,3,6
PACIFICO,2025-07-13,13,3,6
PACIFICO,2025-07-14,14,4,7
PACIFICO,2025-07-15,13,5,9
PACIFICO,2025-07-16,14,7,6
PACIFICO,2025-07-17,13,7,5
PACIFICO,2025-07-18,12,9,4
PACIFICO,2025-07-19,14,8,6
PACIFICO,2025-07-20,11,9,8
PACIFICO,2025-07-21,14,5,10
PACIFICO,2025-07-22,18,6,9
PACIFICO,2025-07-23,17,8,8
PACIFICO,2025-07-24,14,7,5
PACIFICO,2025-07-25,12,5,9
PACIFICO,2025-07-26,13,1,9
PACIFICO,2025-07-27,15,3,10
PACIFICO,2025-07-28,13,3,11
PACIFICO,2025-07-29,12,3,7
PACIFICO,2025-07-30,11,3,8
PACIFICO,2025-07-31,10,3,6
PACIFICO,2025-08-01,11,3,6
PACIFICO,2025-08-02,5,4,5
PACIFICO,2025-08-03,6,5,5
PACIFICO,2025-08-04,6,8,10
PACIFICO,2025-08-05,5,2,7
PACIFICO,2025-08-06,6,6,6
PACIFICO,2025-08-07,6,5,3
PACIFICO,2025-08-08,8,6,3
PACIFICO,2025-08-09,9,6,6
PACIFICO,2025-08-10,8,6,6
PACIFICO,2025-08-11,14,8,5
PACIFICO,2025-08-12,11,6,6
PACIFICO,2025-08-13,6,8,6
PACIFICO,2025-08-14,6,2,4
PACIFICO,2025-08-15,8,2,7
PACIFICO,2025-08-16,6,4,8
PACIFICO,2025-08-17,8,4,8
PACIFICO,2025-08-18,9,5,10
PACIFICO,2025-08-19,14,5,12
PACIFICO,2025-08-20,9,3,9
PACIFICO,2025-08-21,10,3,7
PACIFICO,2025-08-22,8,1,7
PACIFICO,2025-08-23,9,1,10
PACIFICO,2025-08-24,14,1,9
PACIFICO,2025-08-25,11,3,8
PACIFICO,2025-08-26,7,3,7
PACIFICO,2025-08-27,8,2,7
PACIFICO,2025-08-28,7,3,6
PACIFICO,2025-08-29,11,3,5
PACIFICO,2025-08-30,15,1,10
PACIFICO,2025-08-31,15,2,10
PACIFICO,2025-09-01,19,3,13
PACIFICO,2025-09-02,19,2,16
PACIFICO,2025-09-03,18,3,11
PACIFICO,2025-09-04,12,4,10
PACIFICO,2025-09-05,9,3,11
PACIFICO,2025-09-06,12,5,16
PACIFICO,2025-09-07,10,4,13
PACIFICO,2025-09-08,20,5,13
PACIFICO,2025-09-09,21,5,10
PACIFICO,2025-09-10,21,2,10
PACIFICO,2025-09-11,9,1,8
PACIFICO,2025-09-12,10,1,6
PACIFICO,2025-09-13,15,2,9
PACIFICO,2025-09-14,14,2,8
PACIFICO,2025-09-15,14,2,9
PACIFICO,2025-09-16,7,4,9
PACIFICO,2025-09-17,9,3,8
PACIFICO,2025-09-18,4,2,8
PACIFICO,2025-09-19,7,1,3
PACIFICO,2025-09-20,6,1,5
PACIFICO,2025-09-21,6,1,4
PACIFICO,2025-09-22,7,3,3
PACIFICO,2025-09-23,9,1,4
PACIFICO,2025-09-24,12,1,3
PACIFICO,2025-09-25,10,2,4
PACIFICO,2025-09-26,11,1,4
PACIFICO,2025-09-27,10,1,4
PACIFICO,2025-09-28,12,1,2
PACIFICO,2025-09-29,13,4,6
PACIFICO,2025-09-30,8,3,4
PACIFICO,2025-10-01,7,2,7
PACIFICO,2025-10-02,8,1,2
PACIFICO,2025-10-03,8,NA,3
PACIFICO,2025-10-04,7,1,7
PACIFICO,2025-10-05,7,2,8
PACIFICO,2025-10-06,10,3,7
PACIFICO,2025-10-07,12,3,6
PACIFICO,2025-10-08,8,2,5
PACIFICO,2025-10-09,8,NA,3
PACIFICO,2025-10-10,10,1,3
PACIFICO,2025-10-11,9,1,4
PACIFICO,2025-10-12,9,3,8
PACIFICO,2025-10-13,11,2,11
PACIFICO,2025-10-14,9,2,7
PACIFICO,2025-10-15,13,2,5
PACIFICO,2025-10-16,12,2,6
PACIFICO,2025-10-17,16,1,6
PACIFICO,2025-10-18,13,3,7
PACIFICO,2025-10-19,10,3,10
PACIFICO,2025-10-20,15,2,9
PACIFICO,2025-10-21,12,2,7
PACIFICO,2025-10-22,11,2,4
PACIFICO,2025-10-23,12,1,3
PACIFICO,2025-10-24,13,3,4
PACIFICO,2025-10-25,11,2,3
PACIFICO,2025-10-26,12,2,4
PACIFICO,2025-10-27,14,2,4
PACIFICO,2025-10-28,14,2,5
PACIFICO,2025-10-29,14,2,5
PACIFICO,2025-10-30,13,2,4
PACIFICO,2025-10-31,12,3,3
PACIFICO,2025-11-01,12,3,8
PACIFICO,2025-11-02,12,2,9
PACIFICO,2025-11-03,12,3,11
PACIFICO,2025-11-04,12,3,6
PACIFICO,2025-11-05,12,3,8
PACIFICO,2025-11-06,8,3,4
PACIFICO,2025-11-07,8,2,6
PACIFICO,2025-11-08,9,2,7
PACIFICO,2025-11-09,9,2,8
PACIFICO,2025-11-10,7,3,5
PACIFICO,2025-11-11,8,2,7
PACIFICO,2025-11-12,7,1,8
PACIFICO,2025-11-13,8,1,6
PACIFICO,2025-11-14,7,2,8
PACIFICO,2025-11-15,8,1,9
PACIFICO,2025-11-16,12,2,5
PACIFICO,2025-11-17,17,3,6
PACIFICO,2025-11-18,13,3,4
PACIFICO,2025-11-19,10,4,6
PACIFICO,2025-11-20,11,4,2
PACIFICO,2025-11-21,10,4,2
PACIFICO,2025-11-22,9,5,3
PACIFICO,2025-11-23,9,2,3
PACIFICO,2025-11-24,9,3,4
PACIFICO,2025-11-25,7,4,3
PACIFICO,2025-11-26,7,3,6
PACIFICO,2025-11-27,7,3,4
PACIFICO,2025-11-28,9,2,4
PACIFICO,2025-11-29,7,2,2
PACIFICO,2025-11-30,6,3,3
PACIFICO,2025-12-01,7,2,4
PACIFICO,2025-12-02,6,1,3
PACIFICO,2025-12-03,8,1,7
PACIFICO,2025-12-04,6,3,3
PACIFICO,2025-12-05,8,4,2
PACIFICO,2025-12-06,9,3,5
PACIFICO,2025-12-07,8,2,5
PACIFICO,2025-12-08,9,3,6
PACIFICO,2025-12-09,8,4,4
PACIFICO,2025-12-10,7,2,5
PACIFICO,2025-12-11,6,3,8
PACIFICO,2025-12-12,10,3,4
PACIFICO,2025-12-13,10,5,5
PACIFICO,2025-12-14,11,4,7
PACIFICO,2025-12-15,14,4,6
PACIFICO,2025-12-16,11,4,5
PACIFICO,2025-12-17,7,4,2
PACIFICO,2025-12-18,8,1,2
PACIFICO,2025-12-19,10,2,3
PACIFICO,2025-12-20,13,3,5
PACIFICO,2025-12-21,13,2,6
PACIFICO,2025-12-22,9,2,7
PACIFICO,2025-12-23,9,2,8
PACIFICO,2025-12-24,11,3,10
PACIFICO,2025-12-25,7,1,6
PACIFICO,2025-12-26,9,1,7
PACIFICO,2025-12-27,11,2,7
PACIFICO,2025-12-28,9,2,6
PACIFICO,2025-12-29,9,2,5
PACIFICO,2025-12-30,7,2,8
PACIFICO,2025-12-31,8,1,4
PACIFICO,2026-01-01,8,1,3
PACIFICO,2026-01-02,11,2,5
PACIFICO,2026-01-03,11,2,6
PACIFICO,2026-01-04,11,1,4
PACIFICO,2026-01-05,10,1,4
PACIFICO,2026-01-06,10,1,6
PACIFICO,2026-01-07,11,1,6
PACIFICO,2026-01-08,11,1,7
PACIFICO,2026-01-09,11,3,9
PACIFICO,2026-01-10,12,1,9
PACIFICO,2026-01-11,12,1,8
PACIFICO,2026-01-12,14,4,9
PACIFICO,2026-01-13,12,3,5
PACIFICO,2026-01-14,10,1,5
PACIFICO,2026-01-15,12,1,5
PACIFICO,2026-01-16,11,2,6
PACIFICO,2026-01-17,9,2,4
PACIFICO,2026-01-18,12,2,7
PACIFICO,2026-01-19,13,4,4
PACIFICO,2026-01-20,10,5,4
PACIFICO,2026-01-21,12,3,4
PACIFICO,2026-01-22,11,3,3
PACIFICO,2026-01-23,12,4,4
PACIFICO,2026-01-24,10,3,4
PACIFICO,2026-01-25,10,4,5
PACIFICO,2026-01-26,11,5,5
PACIFICO,2026-01-27,10,5,6
PACIFICO,2026-01-28,9,3,7
PACIFICO,2026-01-29,9,3,6
PACIFICO,2026-01-30,9,2,6
PACIFICO,2026-01-31,9,2,5
PACIFICO,2026-02-01,9,1,6
PACIFICO,2026-02-02,11,3,10
PACIFICO,2026-02-03,12,3,10
PACIFICO,2026-02-04,11,2,8
PACIFICO,2026-02-05,9,1,8
PACIFICO,2026-02-06,10,1,9
PACIFICO,2026-02-07,9,3,9
PACIFICO,2026-02-08,8,1,8
PACIFICO,2026-02-09,7,1,11
PACIFICO,2026-02-10,8,2,6
PACIFICO,2026-02-11,8,2,7
PACIFICO,2026-02-12,7,1,6
PACIFICO,2026-02-13,9,2,5
PACIFICO,2026-02-14,7,2,8
PACIFICO,2026-02-15,8,1,4
PACIFICO,2026-02-16,9,2,7
PACIFICO,2026-02-17,9,5,6
PACIFICO,2026-02-18,9,2,6
PACIFICO,2026-02-19,9,3,5
PACIFICO,2026-02-20,9,2,6
PACIFICO,2026-02-21,10,3,7
PACIFICO,2026-02-22,11,1,5
PACIFICO,2026-02-23,10,1,3
PACIFICO,2026-02-24,11,1,4
PACIFICO,2026-02-25,11,2,5
PACIFICO,2026-02-26,8,1,4
PACIFICO,2026-02-27,8,1,4
PACIFICO,2026-02-28,9,1,6
PACIFICO,2026-03-01,7,1,4
PACIFICO,2026-03-02,8,2,5
PACIFICO,2026-03-03,7,3,9
PACIFICO,2026-03-04,8,3,11
PACIFICO,2026-03-05,7,3,10
PACIFICO,2026-03-06,9,4,9
PACIFICO,2026-03-07,8,4,8
PACIFICO,2026-03-08,9,3,4
PACIFICO,2026-03-09,9,1,4
PACIFICO,2026-03-10,6,1,4
PACIFICO,2026-03-11,6,1,4
PACIFICO,2026-03-12,6,1,4
PACIFICO,2026-03-13,6,2,4
PACIFICO,2026-03-14,7,3,4
PACIFICO,2026-03-15,6,3,7
PACIFICO,2026-03-16,6,3,5
PACIFICO,2026-03-17,7,4,4
PACIFICO,2026-03-18,6,3,4
PACIFICO,2026-03-19,6,3,4
PACIFICO,2026-03-20,8,3,3
PACIFICO,2026-03-21,9,3,4
PACIFICO,2026-03-22,9,2,3
PACIFICO,2026-03-23,10,5,4
PACIFICO,2026-03-24,10,6,4
PACIFICO,2026-03-25,10,5,5
PACIFICO,2026-03-26,8,2,3
PACIFICO,2026-03-27,8,2,3
PACIFICO,2026-03-28,9,1,4
PACIFICO,2026-03-29,10,1,3
PACIFICO,2026-03-30,8,2,4
PACIFICO,2026-03-31,9,1,3
PACIFICO,2026-04-01,9,2,3
PACIFICO,2026-04-02,10,2,4
PACIFICO,2026-04-03,10,2,3
PACIFICO,2026-04-04,11,3,3
PACIFICO,2026-04-05,16,5,4
PACIFICO,2026-04-06,16,5,4
PACIFICO,2026-04-07,11,2,3
PACIFICO,2026-04-08,8,2,5
PACIFICO,2026-04-09,8,1,4
PACIFICO,2026-04-10,10,1,6
PACIFICO,2026-04-11,11,1,6
PACIFICO,2026-04-12,9,1,8
PACIFICO,2026-04-13,10,4,8
PACIFICO,2026-04-14,10,3,9
PACIFICO,2026-04-15,8,3,7
PACIFICO,2026-04-16,8,2,7
PACIFICO,2026-04-17,8,4,10
PACIFICO,2026-04-18,9,1,9
PACIFICO,2026-04-19,9,3,9
PACIFICO,2026-04-20,9,2,7
PACIFICO,2026-04-21,11,1,8
PACIFICO,2026-04-22,8,4,6
PACIFICO,2026-04-23,9,3,7
PACIFICO,2026-04-24,8,4,7
PACIFICO,2026-04-25,8,3,6
PACIFICO,2026-04-26,8,1,4
PACIFICO,2026-04-27,9,2,4
PACIFICO,2026-04-28,10,3,4
PACIFICO,2026-04-29,10,2,3
PACIFICO,2026-04-30,10,2,3
SURESTE,2025-04-30,39,10,9
SURESTE,2025-05-01,35,11,13
SURESTE,2025-05-02,37,12,15
SURESTE,2025-05-03,39,13,9
SURESTE,2025-05-04,39,11,9
SURESTE,2025-05-05,43,14,13
SURESTE,2025-05-06,40,12,11
SURESTE,2025-05-07,38,10,11
SURESTE,2025-05-08,41,10,7
SURESTE,2025-05-09,41,10,6
SURESTE,2025-05-10,48,12,4
SURESTE,2025-05-11,48,11,4
SURESTE,2025-05-12,48,13,6
SURESTE,2025-05-13,44,13,6
SURESTE,2025-05-14,41,11,9
SURESTE,2025-05-15,42,8,10
SURESTE,2025-05-16,42,9,8
SURESTE,2025-05-17,42,10,9
SURESTE,2025-05-18,44,13,8
SURESTE,2025-05-19,49,16,12
SURESTE,2025-05-20,50,14,13
SURESTE,2025-05-21,51,14,12
SURESTE,2025-05-22,50,14,9
SURESTE,2025-05-23,4,6,5
SURESTE,2025-05-24,13,6,7
SURESTE,2025-05-25,19,4,12
SURESTE,2025-05-26,21,5,14
SURESTE,2025-05-27,13,3,9
SURESTE,2025-05-28,8,6,9
SURESTE,2025-05-29,9,7,12
SURESTE,2025-05-30,13,6,15
SURESTE,2025-05-31,16,10,10
SURESTE,2025-06-01,19,11,9
SURESTE,2025-06-02,25,10,11
SURESTE,2025-06-03,21,9,15
SURESTE,2025-06-04,16,4,10
SURESTE,2025-06-05,16,3,9
SURESTE,2025-06-06,14,3,10
SURESTE,2025-06-07,20,1,11
SURESTE,2025-06-08,21,1,14
SURESTE,2025-06-09,32,2,16
SURESTE,2025-06-10,21,4,14
SURESTE,2025-06-11,22,NA,8
SURESTE,2025-06-12,20,NA,6
SURESTE,2025-06-13,20,2,4
SURESTE,2025-06-14,19,2,4
SURESTE,2025-06-15,24,2,9
SURESTE,2025-06-16,30,3,10
SURESTE,2025-06-17,23,3,10
SURESTE,2025-06-18,22,2,9
SURESTE,2025-06-19,19,1,7
SURESTE,2025-06-20,19,3,7
SURESTE,2025-06-21,19,2,9
SURESTE,2025-06-22,19,4,12
SURESTE,2025-06-23,23,4,13
SURESTE,2025-06-24,24,4,10
SURESTE,2025-06-25,28,2,11
SURESTE,2025-06-26,22,1,8
SURESTE,2025-06-27,32,1,9
SURESTE,2025-06-28,30,NA,13
SURESTE,2025-06-29,41,1,13
SURESTE,2025-06-30,54,NA,13
SURESTE,2025-07-01,56,3,12
SURESTE,2025-07-02,55,4,15
SURESTE,2025-07-03,49,4,12
SURESTE,2025-07-04,42,8,14
SURESTE,2025-07-05,40,8,11
SURESTE,2025-07-06,38,6,12
SURESTE,2025-07-07,43,6,10
SURESTE,2025-07-08,29,7,11
SURESTE,2025-07-09,30,1,13
SURESTE,2025-07-10,28,1,9
SURESTE,2025-07-11,28,3,10
SURESTE,2025-07-12,30,3,9
SURESTE,2025-07-13,32,4,9
SURESTE,2025-07-14,33,6,14
SURESTE,2025-07-15,34,3,13
SURESTE,2025-07-16,34,4,12
SURESTE,2025-07-17,31,5,9
SURESTE,2025-07-18,36,4,14
SURESTE,2025-07-19,33,8,13
SURESTE,2025-07-20,33,9,20
SURESTE,2025-07-21,33,8,21
SURESTE,2025-07-22,34,8,19
SURESTE,2025-07-23,35,9,19
SURESTE,2025-07-24,29,7,16
SURESTE,2025-07-25,31,9,15
SURESTE,2025-07-26,32,10,12
SURESTE,2025-07-27,35,6,12
SURESTE,2025-07-28,35,8,15
SURESTE,2025-07-29,34,5,16
SURESTE,2025-07-30,31,4,13
SURESTE,2025-07-31,33,4,8
SURESTE,2025-08-01,33,4,14
SURESTE,2025-08-02,35,4,14
SURESTE,2025-08-03,33,6,17
SURESTE,2025-08-04,34,8,21
SURESTE,2025-08-05,34,6,17
SURESTE,2025-08-06,32,2,13
SURESTE,2025-08-07,32,3,12
SURESTE,2025-08-08,35,1,11
SURESTE,2025-08-09,36,1,15
SURESTE,2025-08-10,39,3,9
SURESTE,2025-08-11,40,5,18
SURESTE,2025-08-12,19,3,17
SURESTE,2025-08-13,22,4,18
SURESTE,2025-08-14,16,2,12
SURESTE,2025-08-15,13,2,12
SURESTE,2025-08-16,14,4,14
SURESTE,2025-08-17,13,10,16
SURESTE,2025-08-18,20,13,18
SURESTE,2025-08-19,14,8,18
SURESTE,2025-08-20,14,4,11
SURESTE,2025-08-21,14,2,12
SURESTE,2025-08-22,14,3,14
SURESTE,2025-08-23,13,2,13
SURESTE,2025-08-24,15,3,14
SURESTE,2025-08-25,15,5,16
SURESTE,2025-08-26,12,4,11
SURESTE,2025-08-27,12,4,12
SURESTE,2025-08-28,10,3,11
SURESTE,2025-08-29,9,2,13
SURESTE,2025-08-30,12,2,11
SURESTE,2025-08-31,13,3,12
SURESTE,2025-09-01,16,4,16
SURESTE,2025-09-02,12,1,12
SURESTE,2025-09-03,13,1,12
SURESTE,2025-09-04,11,2,10
SURESTE,2025-09-05,12,1,9
SURESTE,2025-09-06,12,1,11
SURESTE,2025-09-07,15,2,13
SURESTE,2025-09-08,19,3,19
SURESTE,2025-09-09,15,1,12
SURESTE,2025-09-10,10,1,8
SURESTE,2025-09-11,10,NA,9
SURESTE,2025-09-12,12,1,8
SURESTE,2025-09-13,12,2,7
SURESTE,2025-09-14,12,1,9
SURESTE,2025-09-15,12,2,11
SURESTE,2025-09-16,12,2,11
SURESTE,2025-09-17,12,3,14
SURESTE,2025-09-18,11,2,9
SURESTE,2025-09-19,13,2,10
SURESTE,2025-09-20,11,1,8
SURESTE,2025-09-21,12,2,11
SURESTE,2025-09-22,13,1,12
SURESTE,2025-09-23,12,2,8
SURESTE,2025-09-24,11,1,7
SURESTE,2025-09-25,11,2,6
SURESTE,2025-09-26,14,1,6
SURESTE,2025-09-27,12,NA,9
SURESTE,2025-09-28,12,1,7
SURESTE,2025-09-29,13,5,17
SURESTE,2025-09-30,14,3,17
SURESTE,2025-10-01,17,2,12
SURESTE,2025-10-02,18,2,14
SURESTE,2025-10-03,16,2,17
SURESTE,2025-10-04,14,6,15
SURESTE,2025-10-05,12,2,18
SURESTE,2025-10-06,14,3,16
SURESTE,2025-10-07,17,2,12
SURESTE,2025-10-08,17,1,13
SURESTE,2025-10-09,17,1,11
SURESTE,2025-10-10,15,1,12
SURESTE,2025-10-11,12,1,9
SURESTE,2025-10-12,15,2,10
SURESTE,2025-10-13,16,2,15
SURESTE,2025-10-14,15,3,12
SURESTE,2025-10-15,23,3,13
SURESTE,2025-10-16,23,2,12
SURESTE,2025-10-17,27,NA,12
SURESTE,2025-10-18,28,1,13
SURESTE,2025-10-19,30,1,15
SURESTE,2025-10-20,31,2,14
SURESTE,2025-10-21,29,2,13
SURESTE,2025-10-22,25,NA,12
SURESTE,2025-10-23,24,3,13
SURESTE,2025-10-24,27,3,15
SURESTE,2025-10-25,28,3,14
SURESTE,2025-10-26,29,3,15
SURESTE,2025-10-27,28,4,14
SURESTE,2025-10-28,25,5,12
SURESTE,2025-10-29,22,2,12
SURESTE,2025-10-30,21,3,12
SURESTE,2025-10-31,22,2,14
SURESTE,2025-11-01,22,1,15
SURESTE,2025-11-02,26,2,16
SURESTE,2025-11-03,25,3,19
SURESTE,2025-11-04,24,3,15
SURESTE,2025-11-05,24,2,12
SURESTE,2025-11-06,24,1,10
SURESTE,2025-11-07,25,3,12
SURESTE,2025-11-08,26,3,13
SURESTE,2025-11-09,26,1,12
SURESTE,2025-11-10,26,2,15
SURESTE,2025-11-11,30,1,12
SURESTE,2025-11-12,30,1,14
SURESTE,2025-11-13,27,1,14
SURESTE,2025-11-14,25,3,16
SURESTE,2025-11-15,25,3,15
SURESTE,2025-11-16,27,5,20
SURESTE,2025-11-17,28,10,20
SURESTE,2025-11-18,30,11,20
SURESTE,2025-11-19,27,10,13
SURESTE,2025-11-20,25,5,12
SURESTE,2025-11-21,25,9,13
SURESTE,2025-11-22,25,10,13
SURESTE,2025-11-23,25,9,10
SURESTE,2025-11-24,24,7,13
SURESTE,2025-11-25,23,8,15
SURESTE,2025-11-26,23,5,16
SURESTE,2025-11-27,24,5,15
SURESTE,2025-11-28,24,5,15
SURESTE,2025-11-29,26,5,13
SURESTE,2025-11-30,29,6,12
SURESTE,2025-12-01,27,6,13
SURESTE,2025-12-02,26,5,19
SURESTE,2025-12-03,24,4,20
SURESTE,2025-12-04,24,3,16
SURESTE,2025-12-05,26,5,12
SURESTE,2025-12-06,26,2,13
SURESTE,2025-12-07,23,4,12
SURESTE,2025-12-08,23,4,18
SURESTE,2025-12-09,24,5,18
SURESTE,2025-12-10,24,2,15
SURESTE,2025-12-11,24,3,12
SURESTE,2025-12-12,27,4,17
SURESTE,2025-12-13,29,3,16
SURESTE,2025-12-14,28,3,14
SURESTE,2025-12-15,27,3,15
SURESTE,2025-12-16,27,3,13
SURESTE,2025-12-17,28,2,13
SURESTE,2025-12-18,29,6,11
SURESTE,2025-12-19,31,7,11
SURESTE,2025-12-20,32,6,13
SURESTE,2025-12-21,29,6,12
SURESTE,2025-12-22,30,7,16
SURESTE,2025-12-23,31,10,11
SURESTE,2025-12-24,29,7,11
SURESTE,2025-12-25,27,6,11
SURESTE,2025-12-26,32,4,13
SURESTE,2025-12-27,27,4,16
SURESTE,2025-12-28,25,4,14
SURESTE,2025-12-29,25,2,10
SURESTE,2025-12-30,25,2,10
SURESTE,2025-12-31,26,2,10
SURESTE,2026-01-01,27,2,13
SURESTE,2026-01-02,33,8,15
SURESTE,2026-01-03,36,12,25
SURESTE,2026-01-04,38,8,16
SURESTE,2026-01-05,33,6,14
SURESTE,2026-01-06,31,10,12
SURESTE,2026-01-07,27,10,15
SURESTE,2026-01-08,28,3,14
SURESTE,2026-01-09,28,4,19
SURESTE,2026-01-10,27,2,16
SURESTE,2026-01-11,28,3,17
SURESTE,2026-01-12,30,5,22
SURESTE,2026-01-13,31,3,17
SURESTE,2026-01-14,26,5,22
SURESTE,2026-01-15,28,5,21
SURESTE,2026-01-16,30,12,21
SURESTE,2026-01-17,32,13,19
SURESTE,2026-01-18,38,13,27
SURESTE,2026-01-19,46,18,28
SURESTE,2026-01-20,41,23,36
SURESTE,2026-01-21,31,20,26
SURESTE,2026-01-22,30,7,17
SURESTE,2026-01-23,28,7,19
SURESTE,2026-01-24,27,5,24
SURESTE,2026-01-25,29,4,25
SURESTE,2026-01-26,30,3,30
SURESTE,2026-01-27,29,3,26
SURESTE,2026-01-28,30,2,22
SURESTE,2026-01-29,27,2,18
SURESTE,2026-01-30,28,4,16
SURESTE,2026-01-31,29,3,17
SURESTE,2026-02-01,29,3,18
SURESTE,2026-02-02,32,5,22
SURESTE,2026-02-03,31,6,22
SURESTE,2026-02-04,30,4,23
SURESTE,2026-02-05,28,4,18
SURESTE,2026-02-06,30,6,18
SURESTE,2026-02-07,29,5,19
SURESTE,2026-02-08,27,7,15
SURESTE,2026-02-09,26,7,17
SURESTE,2026-02-10,27,6,14
SURESTE,2026-02-11,28,3,11
SURESTE,2026-02-12,26,2,10
SURESTE,2026-02-13,28,3,9
SURESTE,2026-02-14,28,2,11
SURESTE,2026-02-15,29,3,13
SURESTE,2026-02-16,32,5,16
SURESTE,2026-02-17,29,5,17
SURESTE,2026-02-18,28,4,16
SURESTE,2026-02-19,27,4,13
SURESTE,2026-02-20,27,4,16
SURESTE,2026-02-21,27,5,15
SURESTE,2026-02-22,27,5,12
SURESTE,2026-02-23,27,5,12
SURESTE,2026-02-24,33,6,15
SURESTE,2026-02-25,29,4,16
SURESTE,2026-02-26,30,2,13
SURESTE,2026-02-27,29,3,13
SURESTE,2026-02-28,33,4,13
SURESTE,2026-03-01,33,7,13
SURESTE,2026-03-02,31,8,12
SURESTE,2026-03-03,32,7,12
SURESTE,2026-03-04,31,5,10
SURESTE,2026-03-05,30,2,11
SURESTE,2026-03-06,28,4,14
SURESTE,2026-03-07,31,4,10
SURESTE,2026-03-08,33,6,12
SURESTE,2026-03-09,31,3,13
SURESTE,2026-03-10,33,4,13
SURESTE,2026-03-11,30,4,14
SURESTE,2026-03-12,28,2,11
SURESTE,2026-03-13,28,2,11
SURESTE,2026-03-14,27,2,11
SURESTE,2026-03-15,30,3,15
SURESTE,2026-03-16,32,3,15
SURESTE,2026-03-17,36,3,14
SURESTE,2026-03-18,32,3,15
SURESTE,2026-03-19,30,3,16
SURESTE,2026-03-20,29,4,15
SURESTE,2026-03-21,29,7,16
SURESTE,2026-03-22,30,7,13
SURESTE,2026-03-23,31,9,13
SURESTE,2026-03-24,31,5,12
SURESTE,2026-03-25,31,4,8
SURESTE,2026-03-26,29,5,8
SURESTE,2026-03-27,27,4,8
SURESTE,2026-03-28,29,4,10
SURESTE,2026-03-29,28,3,11
SURESTE,2026-03-30,28,2,15
SURESTE,2026-03-31,25,4,15
SURESTE,2026-04-01,25,10,13
SURESTE,2026-04-02,26,7,10
SURESTE,2026-04-03,27,7,12
SURESTE,2026-04-04,26,11,13
SURESTE,2026-04-05,31,8,15
SURESTE,2026-04-06,33,4,15
SURESTE,2026-04-07,29,3,11
SURESTE,2026-04-08,26,3,10
SURESTE,2026-04-09,24,2,11
SURESTE,2026-04-10,24,2,10
SURESTE,2026-04-11,26,3,9
SURESTE,2026-04-12,25,6,9
SURESTE,2026-04-13,26,9,15
SURESTE,2026-04-14,25,9,17
SURESTE,2026-04-15,26,10,9
SURESTE,2026-04-16,25,8,7
SURESTE,2026-04-17,22,11,6
SURESTE,2026-04-18,22,10,6
SURESTE,2026-04-19,24,8,5
SURESTE,2026-04-20,28,10,8
SURESTE,2026-04-21,24,8,5
SURESTE,2026-04-22,26,8,7
SURESTE,2026-04-23,25,8,5
SURESTE,2026-04-24,25,7,8
SURESTE,2026-04-25,25,7,10
SURESTE,2026-04-26,27,9,13
SURESTE,2026-04-27,27,9,15
SURESTE,2026-04-28,26,12,10
SURESTE,2026-04-29,25,9,7
SURESTE,2026-04-30,27,7,6
