DIRECCION,DISTRITO,Semana38,Semana37,Diferencia,Crecimiento,Id
NACIONAL,SANTA FE,15,7,8,1.14285714285714,Peores
NACIONAL,GDL LA PRIMAVERA,28,21,7,0.333333333333333,Peores
NACIONAL,SALTILLO,13,7,6,0.857142857142857,Peores
NACIONAL,GDL LAZARO CARDENAS,27,22,5,0.227272727272727,Peores
NACIONAL,MEXICALI,6,1,5,5,Peores
NACIONAL,TECAMAC,7,2,5,2.5,Peores
NACIONAL,MORELIA,7,3,4,1.33333333333333,Peores
NACIONAL,PUE LA NORIA,4,1,3,3,Peores
NACIONAL,SAN LUIS POTOSI,4,1,3,3,Peores
NACIONAL,AEROPUERTO,4,2,2,1,Peores
NACIONAL,IZTAPALAPA,5,3,2,0.666666666666667,Peores
NACIONAL,MTY AEROPUERTO,10,8,2,0.25,Peores
NACIONAL,NAUCALPAN,7,5,2,0.4,Peores
NACIONAL,TEXCOCO,3,1,2,2,Peores
NACIONAL,VERACRUZ,3,1,2,2,Peores
NACIONAL,COACALCO,5,14,-9,-0.642857142857143,Mejores
NACIONAL,GDL COLOMOS,41,50,-9,-0.18,Mejores
NACIONAL,MTY CARRETERA NACIONAL,19,29,-10,-0.344827586206897,Mejores
NACIONAL,MTY SIERRA MADRE,3,13,-10,-0.769230769230769,Mejores
NACIONAL,AGUASCALIENTES,4,15,-11,-0.733333333333333,Mejores
NACIONAL,TIJUANA PLAYAS,13,25,-12,-0.48,Mejores
NACIONAL,MTY SENDERO DIVISORIO,16,35,-19,-0.542857142857143,Mejores
NACIONAL,GDL CHAPULTEPEC,19,40,-21,-0.525,Mejores
NACIONAL,MTY CERRO DE LA SILLA,22,62,-40,-0.645161290322581,Mejores
NACIONAL,CELAYA,1,,,,Mejores
NACIONAL,CULIACAN,2,,,,Mejores
NACIONAL,GUANAJUATO,1,,,,Mejores
NACIONAL,PUE ANGELOPOLIS,1,,,,Mejores
NACIONAL,QUERETARO,4,,,,Mejores
NACIONAL,XALAPA,1,,,,Mejores
BAJIO,LEON,5,6,-1,-0.166666666666667,Peores
BAJIO,IRAPUATO,1,2,-1,-0.5,Peores
BAJIO,CELAYA,1,,,,Peores
BAJIO,GUANAJUATO,1,,,,Peores
CENTRO 1,TECAMAC,7,2,5,2.5,Peores
CENTRO 1,TEXCOCO,3,1,2,2,Peores
CENTRO 1,AEROPUERTO,4,2,2,1,Peores
CENTRO 1,IZTAPALAPA,5,3,2,0.666666666666667,Peores
CENTRO 1,NEZA,2,1,1,1,Peores
CENTRO 2,SANTA FE,15,7,8,1.14285714285714,Peores
CENTRO 2,NAUCALPAN,7,5,2,0.4,Peores
CENTRO 2,TLALNEPANTLA,4,3,1,0.333333333333333,Peores
CENTRO 2,PORTALES,7,7,0,0,Peores
CENTRO 2,PEDREGAL,4,4,0,0,Peores
NORESTE-FRONTERA,SALTILLO,13,7,6,0.857142857142857,Peores
NORESTE-FRONTERA,SAN LUIS POTOSI,4,1,3,3,Peores
NORESTE-FRONTERA,MTY AEROPUERTO,10,8,2,0.25,Peores
NORESTE-FRONTERA,REYNOSA,6,5,1,0.2,Peores
NORESTE-FRONTERA,MTY GARCIA,8,8,0,0,Peores
NORTE,MEXICALI,6,1,5,5,Peores
NORTE,CIUDAD JUAREZ,22,21,1,0.0476190476190477,Peores
NORTE,TIJUANA RIO,7,9,-2,-0.222222222222222,Peores
NORTE,CHIHUAHUA,2,5,-3,-0.6,Peores
NORTE,TIJUANA PLAYAS,13,25,-12,-0.48,Peores
OCCIDENTE,GDL LA PRIMAVERA,28,21,7,0.333333333333333,Peores
OCCIDENTE,GDL LAZARO CARDENAS,27,22,5,0.227272727272727,Peores
OCCIDENTE,MORELIA,7,3,4,1.33333333333333,Peores
OCCIDENTE,TEPIC,5,4,1,0.25,Peores
OCCIDENTE,GDL LOPEZ MATEOS,11,11,0,0,Peores
ORIENTE,PUE LA NORIA,4,1,3,3,Peores
ORIENTE,VERACRUZ,3,1,2,2,Peores
ORIENTE,CUERNAVACA,2,4,-2,-0.5,Peores
ORIENTE,PUE ANGELOPOLIS,1,,,,Peores
ORIENTE,XALAPA,1,,,,Peores
PACIFICO,CIUDAD OBREGON / NAVOJOA,1,1,0,0,Peores
PACIFICO,LOS MOCHIS,2,3,-1,-0.333333333333333,Peores
PACIFICO,CULIACAN,2,,,,Peores
SURESTE,TUXTLA,5,4,1,0.25,Peores
SURESTE,COATZA / MINA,1,1,0,0,Peores
SURESTE,MERIDA,3,5,-2,-0.4,Peores
BAJIO,LEON,5,6,-1,-0.166666666666667,Mejores
BAJIO,IRAPUATO,1,2,-1,-0.5,Mejores
BAJIO,CELAYA,1,,,,Mejores
BAJIO,GUANAJUATO,1,,,,Mejores
CENTRO 1,HUEHUETOCA,1,3,-2,-0.666666666666667,Mejores
CENTRO 1,TOLUCA LERMA,1,3,-2,-0.666666666666667,Mejores
CENTRO 1,ECATEPEC,1,4,-3,-0.75,Mejores
CENTRO 1,ARAGON,1,5,-4,-0.8,Mejores
CENTRO 1,COACALCO,5,14,-9,-0.642857142857143,Mejores
CENTRO 2,TLALPAN,6,9,-3,-0.333333333333333,Mejores
CENTRO 2,XOCHIMILCO,5,10,-5,-0.5,Mejores
CENTRO 2,TULTITLAN,6,13,-7,-0.538461538461538,Mejores
CENTRO 2,CONDESA,5,13,-8,-0.615384615384615,Mejores
CENTRO 2,QUERETARO,4,,,,Mejores
NORESTE-FRONTERA,NUEVO LAREDO,2,7,-5,-0.714285714285714,Mejores
NORESTE-FRONTERA,MTY CARRETERA NACIONAL,19,29,-10,-0.344827586206897,Mejores
NORESTE-FRONTERA,MTY SIERRA MADRE,3,13,-10,-0.769230769230769,Mejores
NORESTE-FRONTERA,MTY SENDERO DIVISORIO,16,35,-19,-0.542857142857143,Mejores
NORESTE-FRONTERA,MTY CERRO DE LA SILLA,22,62,-40,-0.645161290322581,Mejores
NORTE,MEXICALI,6,1,5,5,Mejores
NORTE,CIUDAD JUAREZ,22,21,1,0.0476190476190477,Mejores
NORTE,TIJUANA RIO,7,9,-2,-0.222222222222222,Mejores
NORTE,CHIHUAHUA,2,5,-3,-0.6,Mejores
NORTE,TIJUANA PLAYAS,13,25,-12,-0.48,Mejores
OCCIDENTE,GDL BARRANCA,7,12,-5,-0.416666666666667,Mejores
OCCIDENTE,PUERTO VALLARTA,3,11,-8,-0.727272727272727,Mejores
OCCIDENTE,GDL COLOMOS,41,50,-9,-0.18,Mejores
OCCIDENTE,AGUASCALIENTES,4,15,-11,-0.733333333333333,Mejores
OCCIDENTE,GDL CHAPULTEPEC,19,40,-21,-0.525,Mejores
ORIENTE,PUE LA NORIA,4,1,3,3,Mejores
ORIENTE,VERACRUZ,3,1,2,2,Mejores
ORIENTE,CUERNAVACA,2,4,-2,-0.5,Mejores
ORIENTE,PUE ANGELOPOLIS,1,,,,Mejores
ORIENTE,XALAPA,1,,,,Mejores
PACIFICO,CIUDAD OBREGON / NAVOJOA,1,1,0,0,Mejores
PACIFICO,LOS MOCHIS,2,3,-1,-0.333333333333333,Mejores
PACIFICO,CULIACAN,2,,,,Mejores
SURESTE,TUXTLA,5,4,1,0.25,Mejores
SURESTE,COATZA / MINA,1,1,0,0,Mejores
SURESTE,MERIDA,3,5,-2,-0.4,Mejores
