DIRECCION,DISTRITO,Instalaciones,Addon,CDE,CDD,Soportes,Recolecciones
BAJIO,LEON,79,33,5,24,72,52
BAJIO,IRAPUATO,42,2,1,9,24,15
BAJIO,GUANAJUATO,23,4,1,3,11,18
BAJIO,CELAYA,14,1,5,7,17,15
CENTRO 1,TOLUCA METEPEC,57,24,9,27,66,115
CENTRO 1,TOLUCA LERMA,49,23,5,10,58,50
CENTRO 1,ECATEPEC,48,13,8,18,56,42
CENTRO 1,COACALCO,25,6,15,20,79,27
CENTRO 1,LOS REYES,55,14,1,22,26,42
CENTRO 1,ARAGON,39,17,24,16,29,31
CENTRO 1,CONSTITUCION,27,13,12,21,41,37
CENTRO 1,AEROPUERTO,34,7,10,12,34,43
CENTRO 1,HUEHUETOCA,24,10,2,14,35,53
CENTRO 1,IZTAPALAPA,33,9,4,18,59,15
CENTRO 1,TEXCOCO,31,8,6,14,25,54
CENTRO 1,CHALCO IXTAPALUCA,25,10,4,27,34,35
CENTRO 1,NEZA,13,6,6,19,24,34
CENTRO 1,TECAMAC,19,17,2,6,25,22
CENTRO 2,SANTA FE,71,25,9,30,86,47
CENTRO 2,PEDREGAL,66,25,14,25,62,63
CENTRO 2,PORTALES,78,17,6,19,66,57
CENTRO 2,XOCHIMILCO,118,20,4,16,47,36
CENTRO 2,CONDESA,56,10,10,27,72,50
CENTRO 2,TULTITLAN,43,21,4,27,61,47
CENTRO 2,TLALNEPANTLA,41,22,7,15,22,70
CENTRO 2,QUERETARO,67,7,1,22,32,46
CENTRO 2,LAS AGUILAS,35,19,7,21,48,44
CENTRO 2,NAUCALPAN,44,14,10,24,48,34
CENTRO 2,AZCAPOTZALCO,39,13,16,25,36,37
CENTRO 2,GUADALUPE TEPEYAC,46,7,3,7,41,46
CENTRO 2,NICOLAS ROMERO,39,6,2,17,44,36
CENTRO 2,TLALPAN,39,10,9,16,35,19
NORESTE-FRONTERA,MTY AEROPUERTO,122,6,5,26,59,20
NORESTE-FRONTERA,SAN LUIS POTOSI,47,19,14,21,60,47
NORESTE-FRONTERA,MTY GARCIA,83,12,1,12,66,30
NORESTE-FRONTERA,MTY CERRO DE LA SILLA,83,13,2,18,63,18
NORESTE-FRONTERA,MTY CARRETERA NACIONAL,67,7,2,6,86,19
NORESTE-FRONTERA,MTY SIERRA MADRE,51,14,0,18,78,24
NORESTE-FRONTERA,SALTILLO,72,16,3,13,56,24
NORESTE-FRONTERA,LA LAGUNA,70,15,0,17,68,12
NORESTE-FRONTERA,MTY SENDERO DIVISORIO,53,8,3,14,76,22
NORESTE-FRONTERA,REYNOSA,42,11,1,16,63,18
NORESTE-FRONTERA,TAMPICO,32,7,1,10,19,17
NORESTE-FRONTERA,NUEVO LAREDO,20,3,1,11,35,4
NORESTE-FRONTERA,MATAMOROS,26,4,1,7,23,10
NORESTE-FRONTERA,PIEDRAS NEGRAS / MONCLOVA,15,3,3,12,27,9
NORESTE-FRONTERA,CIUDAD VICTORIA,17,2,0,4,8,6
NORTE,CIUDAD JUAREZ,131,81,112,89,196,84
NORTE,TIJUANA PLAYAS,64,19,51,46,86,54
NORTE,MEXICALI,70,16,7,22,113,22
NORTE,TIJUANA RIO,50,16,19,27,64,41
NORTE,CHIHUAHUA,24,14,16,22,40,24
OCCIDENTE,GDL COLOMOS,56,93,34,39,294,140
OCCIDENTE,GDL LAZARO CARDENAS,106,105,21,46,193,161
OCCIDENTE,GDL LA PRIMAVERA,32,115,26,29,115,149
OCCIDENTE,GDL LOPEZ MATEOS,47,69,15,26,117,96
OCCIDENTE,GDL CHAPULTEPEC,32,8,11,20,89,98
OCCIDENTE,AGUASCALIENTES,59,22,25,14,26,53
OCCIDENTE,MORELIA,32,31,4,18,72,28
OCCIDENTE,PUERTO VALLARTA,33,7,1,8,54,46
OCCIDENTE,GDL ESTADIO,22,15,6,17,49,35
OCCIDENTE,TEPIC,18,0,68,10,19,18
OCCIDENTE,COLIMA / MANZANILLO,27,1,2,4,43,21
OCCIDENTE,GDL BARRANCA,23,9,4,8,28,25
ORIENTE,PUE ANGELOPOLIS,56,16,10,24,67,65
ORIENTE,CUERNAVACA,53,13,1,16,49,57
ORIENTE,PACHUCA,57,18,5,12,36,58
ORIENTE,PUE LA NORIA,45,11,8,15,40,50
ORIENTE,VERACRUZ,30,10,1,10,44,26
ORIENTE,XALAPA,13,12,8,10,25,36
ORIENTE,CORDOBA / ORIZABA,24,4,2,3,23,27
ORIENTE,POZA RICA,10,1,0,4,14,18
ORIENTE,ACAPULCO,1,1,1,1,2,3
PACIFICO,CULIACAN,36,13,2,11,105,27
PACIFICO,HERMOSILLO,32,7,0,6,32,18
PACIFICO,LOS MOCHIS,13,4,2,2,53,14
PACIFICO,MAZATLAN,13,2,2,4,26,17
PACIFICO,CIUDAD OBREGON / NAVOJOA,23,5,0,4,21,5
SURESTE,TUXTLA,63,24,3,23,79,24
SURESTE,MERIDA,41,15,6,9,65,41
SURESTE,CANCUN,45,10,4,15,40,35
SURESTE,COATZA / MINA,16,8,4,11,30,21
SURESTE,VILLAHERMOSA,19,5,2,5,20,16
