DISTRITO,Instalaciones,Addon,CDE,CDD,Soportes,Recolecciones
GDL COLOMOS,57,49,36,53,258,111
MTY SIERRA MADRE,140,23,8,31,320,34
CIUDAD JUAREZ,168,29,15,48,185,55
LA LAGUNA,186,27,11,30,112,43
MTY SENDERO DIVISORIO,70,50,13,43,199,25
MTY GARCIA,132,35,12,33,153,34
GDL LA PRIMAVERA,46,34,15,41,80,160
MTY CERRO DE LA SILLA,92,21,5,23,158,45
MTY AEROPUERTO,145,19,9,29,127,9
GDL LAZARO CARDENAS,73,15,4,30,126,85
PUE ANGELOPOLIS,91,35,16,41,75,73
TIJUANA RIO,72,13,27,45,98,51
SALTILLO,70,31,3,21,146,20
LEON,72,26,9,37,73,66
TIJUANA PLAYAS,47,12,49,44,92,34
AGUASCALIENTES,45,23,31,28,94,54
MEXICALI,65,27,10,30,108,25
XOCHIMILCO,130,17,7,39,43,26
MTY CARRETERA NACIONAL,66,13,4,14,137,26
PUERTO VALLARTA,39,18,6,31,114,52
