Tipo,DIRECCION,Soporte,Instalación,Cambio de domicilio,Adicionales,PorcIncumTotAgendado
NACIONAL,TIJUANA RIO,4,0,6,0,-
NACIONAL,COACALCO,5,0,1,1,-
NACIONAL,GDL COLOMOS,5,0,0,2,-
NACIONAL,CONDESA,4,0,2,0,-
NACIONAL,GDL LAZARO CARDENAS,5,0,0,0,-
NACIONAL,GDL CHAPULTEPEC,4,0,0,0,-
NACIONAL,SANTA FE,1,0,3,0,-
NACIONAL,TIJUANA PLAYAS,2,1,1,0,-
NACIONAL,TULTITLAN,4,0,0,0,-
NACIONAL,GDL LA PRIMAVERA,3,0,0,0,-
NACIONAL,GDL LOPEZ MATEOS,3,0,0,0,-
NACIONAL,LEON,0,0,2,1,-
NACIONAL,PORTALES,1,1,1,0,-
NACIONAL,TLALPAN,0,0,3,0,-
NACIONAL,COLIMA / MANZANILLO,2,0,0,0,-
NACIONAL,MTY SENDERO DIVISORIO,2,0,0,0,-
NACIONAL,MTY SIERRA MADRE,2,0,0,0,-
NACIONAL,PEDREGAL,0,0,2,0,-
NACIONAL,REYNOSA,1,0,1,0,-
NACIONAL,TAMPICO,0,2,0,0,-
BAJIO,LEON,0,0,2,1,-
CENTRO 1,COACALCO,5,0,1,1,-
CENTRO 1,TECAMAC,1,0,1,0,-
CENTRO 1,ARAGON,0,1,0,0,-
CENTRO 1,CONSTITUCION,0,0,0,1,-
CENTRO 1,HUEHUETOCA,1,0,0,0,-
CENTRO 2,CONDESA,4,0,2,0,-
CENTRO 2,SANTA FE,1,0,3,0,-
CENTRO 2,TULTITLAN,4,0,0,0,-
CENTRO 2,PORTALES,1,1,1,0,-
CENTRO 2,TLALPAN,0,0,3,0,-
CENTRO 2,PEDREGAL,0,0,2,0,-
CENTRO 2,NAUCALPAN,1,0,0,0,-
CENTRO 2,XOCHIMILCO,1,0,0,0,-
NORESTE-FRONTERA,MTY SENDERO DIVISORIO,2,0,0,0,-
NORESTE-FRONTERA,MTY SIERRA MADRE,2,0,0,0,-
NORESTE-FRONTERA,REYNOSA,1,0,1,0,-
NORESTE-FRONTERA,TAMPICO,0,2,0,0,-
NORESTE-FRONTERA,LA LAGUNA,1,0,0,0,-
NORESTE-FRONTERA,MATAMOROS,0,0,1,0,-
NORESTE-FRONTERA,MTY CARRETERA NACIONAL,0,0,1,0,-
NORESTE-FRONTERA,MTY CERRO DE LA SILLA,1,0,0,0,-
NORESTE-FRONTERA,MTY GARCIA,1,0,0,0,-
NORESTE-FRONTERA,PIEDRAS NEGRAS / MONCLOVA,0,1,0,0,-
NORESTE-FRONTERA,SALTILLO,0,0,1,0,-
NORESTE-FRONTERA,SAN LUIS POTOSI,0,0,1,0,-
NORTE,TIJUANA RIO,4,0,6,0,-
NORTE,TIJUANA PLAYAS,2,1,1,0,-
NORTE,MEXICALI,1,0,0,0,-
OCCIDENTE,GDL COLOMOS,5,0,0,2,-
OCCIDENTE,GDL LAZARO CARDENAS,5,0,0,0,-
OCCIDENTE,GDL CHAPULTEPEC,4,0,0,0,-
OCCIDENTE,GDL LA PRIMAVERA,3,0,0,0,-
OCCIDENTE,GDL LOPEZ MATEOS,3,0,0,0,-
OCCIDENTE,COLIMA / MANZANILLO,2,0,0,0,-
OCCIDENTE,GDL BARRANCA,0,0,0,1,-
OCCIDENTE,MORELIA,1,0,0,0,-
OCCIDENTE,PUERTO VALLARTA,1,0,0,0,-
ORIENTE,PUE LA NORIA,0,0,1,0,-
